image_id,chest,arm,side,zone,overlap,position,size,seed,orig_w,orig_h,crop_x0,crop_y0,crop_side,scale,lung_pct,lung_x0,lung_y0,lung_x1,lung_y1,cx,cy,mask_x0,mask_y0,mask_x1,mask_y1,mask_px_requested,mask_px_achieved,edit_inside,local_std,edit_norm,cnr,structure_density,density_spread,det_edited,det_background,gain,n_boxes,coord_space,prompt,skip_ratio,guidance,steps,radedit_twin,patch_src,patch_idx,patch_side_px,scale_factor,paste_shift,lesion_contrast,dest_core_std
c0001_left_upper_clear_small__cp,c0001,copypaste,left,upper,clear,lateral,small,1482319280,1024,1024,0,0,1024,0.5,40,0.1992,0.1387,0.4648,0.6621,0.332,0.2538,0.2861,0.2079,0.3779,0.2997,47,47.0,,25.96,,,0.5489,0.4014,,0.0,,,fraction_of_image,copy-paste,0.3,7.5,200,c0001_left_upper_clear_small,n0958,1,73,0.644,0.0296,0.1313,0.0932
c0001_left_upper_moderate_small__cp,c0001,copypaste,left,upper,moderate,lateral,small,2127157884,1024,1024,0,0,1024,0.5,40,0.1992,0.1387,0.4648,0.6621,0.2982,0.2538,0.2523,0.2079,0.3441,0.2997,47,47.0,,37.98,,,0.6861,0.4014,,0.0,,,fraction_of_image,copy-paste,0.3,7.5,200,c0001_left_upper_moderate_small,n0709,0,165,0.285,-0.1106,0.0745,0.0835
c0001_left_upper_on_structure_small__cp,c0001,copypaste,left,upper,on_structure,medial,small,446347639,1024,1024,0,0,1024,0.5,40,0.1992,0.1387,0.4648,0.6621,0.4167,0.2538,0.3708,0.2079,0.4625,0.2997,47,47.0,,57.43,,,0.8371,0.4014,,0.0,,,fraction_of_image,copy-paste,0.3,7.5,200,c0001_left_upper_on_structure_small,n0570,1,62,0.758,0.1506,0.0932,0.0963
c0001_left_upper_clear_medium__cp,c0001,copypaste,left,upper,clear,medial,medium,436009334,1024,1024,0,0,1024,0.5,40,0.1992,0.1387,0.4648,0.6621,0.3534,0.2538,0.2948,0.1952,0.412,0.3124,60,60.0,,28.48,,,0.6054,0.277,,0.0,,,fraction_of_image,copy-paste,0.3,7.5,200,c0001_left_upper_clear_medium,n0291,0,147,0.408,-0.2203,0.0525,0.1079
c0001_left_upper_moderate_medium__cp,c0001,copypaste,left,upper,moderate,medial,medium,488669596,1024,1024,0,0,1024,0.5,40,0.1992,0.1387,0.4648,0.6621,0.3819,0.2538,0.3233,0.1952,0.4405,0.3124,60,60.0,,42.19,,,0.6612,0.277,,0.0,,,fraction_of_image,copy-paste,0.3,7.5,200,c0001_left_upper_moderate_medium,n0335,0,124,0.484,0.1465,0.0697,0.1042
c0001_left_upper_on_structure_medium__cp,c0001,copypaste,left,upper,on_structure,lateral,medium,133405226,1024,1024,0,0,1024,0.5,40,0.1992,0.1387,0.4648,0.6621,0.275,0.2538,0.2164,0.1952,0.3336,0.3124,60,60.0,,53.32,,,0.7956,0.277,,0.0,,,fraction_of_image,copy-paste,0.3,7.5,200,c0001_left_upper_on_structure_medium,n0043,0,79,0.759,0.0159,0.0395,0.0895
c0001_left_upper_clear_large__cp,c0001,copypaste,left,upper,clear,medial,large,1389952965,1024,1024,0,0,1024,0.5,40,0.1992,0.1387,0.4648,0.6621,0.3662,0.2538,0.2939,0.1816,0.4385,0.3261,74,74.0,,46.5,,,0.6378,0.1915,,0.0,,,fraction_of_image,copy-paste,0.3,7.5,200,c0001_left_upper_clear_large,n0081,0,95,0.779,0.0433,0.0263,0.1058
c0001_left_upper_moderate_large__cp,c0001,copypaste,left,upper,moderate,medial,large,1805675991,1024,1024,0,0,1024,0.5,40,0.1992,0.1387,0.4648,0.6621,0.3776,0.2538,0.3053,0.1816,0.4498,0.3261,74,74.0,,49.25,,,0.6632,0.1915,,0.0,,,fraction_of_image,copy-paste,0.3,7.5,200,c0001_left_upper_moderate_large,n0021,0,90,0.822,-0.3881,0.0502,0.1093
c0001_left_upper_on_structure_large__cp,c0001,copypaste,left,upper,on_structure,lateral,large,382120619,1024,1024,0,0,1024,0.5,40,0.1992,0.1387,0.4648,0.6621,0.2865,0.2538,0.2142,0.1816,0.3588,0.3261,74,74.0,,53.51,,,0.7664,0.1915,,0.0,,,fraction_of_image,copy-paste,0.3,7.5,200,c0001_left_upper_on_structure_large,n0182,0,130,0.569,-0.4402,0.0142,0.1059
c0001_left_mid_clear_small__cp,c0001,copypaste,left,mid,clear,medial,small,1841332454,1024,1024,0,0,1024,0.5,40,0.1992,0.1387,0.4648,0.6621,0.349,0.4004,0.3031,0.3545,0.3949,0.4463,47,47.0,,32.73,,,0.6077,0.5254,,0.0,,,fraction_of_image,copy-paste,0.3,7.5,200,c0001_left_mid_clear_small,n0922,0,151,0.311,-0.0027,0.0445,0.0793
c0001_left_mid_moderate_small__cp,c0001,copypaste,left,mid,moderate,lateral,small,723575437,1024,1024,0,0,1024,0.5,40,0.1992,0.1387,0.4648,0.6621,0.2813,0.4004,0.2354,0.3545,0.3272,0.4463,47,47.0,,32.22,,,0.6984,0.5254,,0.0,,,fraction_of_image,copy-paste,0.3,7.5,200,c0001_left_mid_moderate_small,n0727,0,80,0.588,-0.1031,0.0489,0.0593
c0001_left_mid_on_structure_small__cp,c0001,copypaste,left,mid,on_structure,medial,small,521258802,1024,1024,0,0,1024,0.5,40,0.1992,0.1387,0.4648,0.6621,0.3997,0.4004,0.3538,0.3545,0.4456,0.4463,47,47.0,,57.22,,,0.9789,0.5254,,0.0,,,fraction_of_image,copy-paste,0.3,7.5,200,c0001_left_mid_on_structure_small,n1039,0,87,0.54,0.1637,0.2123,0.1495
c0001_left_mid_clear_medium__cp,c0001,copypaste,left,mid,clear,lateral,medium,1982617535,1024,1024,0,0,1024,0.5,40,0.1992,0.1387,0.4648,0.6621,0.3249,0.4004,0.2663,0.3418,0.3835,0.459,60,60.0,,28.85,,,0.6253,0.3868,,0.0,,,fraction_of_image,copy-paste,0.3,7.5,200,c0001_left_mid_clear_medium,n0570,0,63,0.952,0.0882,0.1002,0.0689
c0001_left_mid_moderate_medium__cp,c0001,copypaste,left,mid,moderate,medial,medium,1289169899,1024,1024,0,0,1024,0.5,40,0.1992,0.1387,0.4648,0.6621,0.3605,0.4004,0.302,0.3418,0.4191,0.459,60,60.0,,41.58,,,0.6874,0.3868,,0.0,,,fraction_of_image,copy-paste,0.3,7.5,200,c0001_left_mid_moderate_medium,n0675,1,78,0.769,-0.4852,0.0204,0.1137
c0001_left_mid_on_structure_medium__cp,c0001,copypaste,left,mid,on_structure,medial,medium,715403276,1024,1024,0,0,1024,0.5,40,0.1992,0.1387,0.4648,0.6621,0.3891,0.4004,0.3305,0.3418,0.4477,0.459,60,60.0,,59.28,,,0.9019,0.3868,,0.0,,,fraction_of_image,copy-paste,0.3,7.5,200,c0001_left_mid_on_structure_medium,n1103,0,90,0.667,-0.182,0.0196,0.1463
c0001_left_mid_clear_large__cp,c0001,copypaste,left,mid,clear,lateral,large,583386604,1024,1024,0,0,1024,0.5,40,0.1992,0.1387,0.4648,0.6621,0.315,0.4004,0.2427,0.3281,0.3872,0.4727,74,74.0,,40.89,,,0.6339,0.2565,,0.0,,,fraction_of_image,copy-paste,0.3,7.5,200,c0001_left_mid_clear_large,n0821,1,153,0.484,-0.1533,0.0243,0.0684
c0001_left_mid_moderate_large__cp,c0001,copypaste,left,mid,moderate,lateral,large,735899975,1024,1024,0,0,1024,0.5,40,0.1992,0.1387,0.4648,0.6621,0.2922,0.4004,0.2199,0.3281,0.3644,0.4727,74,74.0,,50.04,,,0.6742,0.2565,,0.0,,,fraction_of_image,copy-paste,0.3,7.5,200,c0001_left_mid_moderate_large,n0694,1,208,0.356,0.0606,0.1045,0.0662
c0001_left_mid_on_structure_large__cp,c0001,copypaste,left,mid,on_structure,medial,large,1248148765,1024,1024,0,0,1024,0.5,40,0.1992,0.1387,0.4648,0.6621,0.3776,0.4004,0.3053,0.3281,0.4498,0.4727,74,74.0,,58.88,,,0.8099,0.2565,,0.0,,,fraction_of_image,copy-paste,0.3,7.5,200,c0001_left_mid_on_structure_large,n0598,0,112,0.661,-0.0061,-0.0001,0.1428
c0001_left_lower_clear_small__cp,c0001,copypaste,left,lower,clear,lateral,small,1200166596,1024,1024,0,0,1024,0.5,40,0.1992,0.1387,0.4648,0.6621,0.2559,0.547,0.21,0.5011,0.3018,0.5929,47,47.0,,43.53,,,1.0185,0.4628,,0.0,,,fraction_of_image,copy-paste,0.3,7.5,200,c0001_left_lower_clear_small,n0622,0,340,0.138,0.145,0.0707,0.0599
c0001_left_lower_moderate_small__cp,c0001,copypaste,left,lower,moderate,medial,small,659528365,1024,1024,0,0,1024,0.5,40,0.1992,0.1387,0.4648,0.6621,0.3743,0.547,0.3284,0.5011,0.4202,0.5929,47,47.0,,39.4,,,1.0642,0.4628,,0.0,,,fraction_of_image,copy-paste,0.3,7.5,200,c0001_left_lower_moderate_small,n1063,0,247,0.19,0.1849,0.1626,0.1005
c0001_left_lower_on_structure_small__cp,c0001,copypaste,left,lower,on_structure,medial,small,1418272218,1024,1024,0,0,1024,0.5,40,0.1992,0.1387,0.4648,0.6621,0.3997,0.547,0.3538,0.5011,0.4456,0.5929,47,47.0,,47.1,,,1.2658,0.4628,,0.0,,,fraction_of_image,copy-paste,0.3,7.5,200,c0001_left_lower_on_structure_small,n0299,0,68,0.691,-0.1054,0.0433,0.1263
c0001_left_lower_clear_medium__cp,c0001,copypaste,left,lower,clear,medial,medium,377504126,1024,1024,0,0,1024,0.5,40,0.1992,0.1387,0.4648,0.6621,0.3605,0.547,0.302,0.4884,0.4191,0.6055,60,60.0,,41.03,,,1.0187,0.2764,,0.0,,,fraction_of_image,copy-paste,0.3,7.5,200,c0001_left_lower_clear_medium,n0926,0,81,0.741,0.1549,0.0469,0.0926
c0001_left_lower_moderate_medium__cp,c0001,copypaste,left,lower,moderate,lateral,medium,234888998,1024,1024,0,0,1024,0.5,40,0.1992,0.1387,0.4648,0.6621,0.2893,0.547,0.2307,0.4884,0.3479,0.6055,60,60.0,,41.91,,,1.0471,0.2764,,0.0,,,fraction_of_image,copy-paste,0.3,7.5,200,c0001_left_lower_moderate_medium,n0758,0,79,0.759,-0.2592,0.0135,0.0823
c0001_left_lower_on_structure_medium__cp,c0001,copypaste,left,lower,on_structure,medial,medium,28695838,1024,1024,0,0,1024,0.5,40,0.1992,0.1387,0.4648,0.6621,0.3891,0.547,0.3305,0.4884,0.4477,0.6055,60,60.0,,46.22,,,1.1709,0.2764,,0.0,,,fraction_of_image,copy-paste,0.3,7.5,200,c0001_left_lower_on_structure_medium,n0004,0,79,0.759,0.2906,0.0702,0.1272
c0001_left_lower_clear_large__cp,c0001,copypaste,left,lower,clear,medial,large,57433921,1024,1024,0,0,1024,0.5,40,0.1992,0.1387,0.4648,0.6621,0.3434,0.547,0.2712,0.4747,0.4157,0.6192,74,74.0,,44.2,,,1.0147,0.1589,,0.0,,,fraction_of_image,copy-paste,0.3,7.5,200,c0001_left_lower_clear_large,n0439,0,181,0.409,0.09,0.1242,0.0919
c0001_left_lower_moderate_large__cp,c0001,copypaste,left,lower,moderate,lateral,large,540146499,1024,1024,0,0,1024,0.5,40,0.1992,0.1387,0.4648,0.6621,0.2979,0.547,0.2256,0.4747,0.3701,0.6192,74,74.0,,48.64,,,1.0294,0.1589,,0.0,,,fraction_of_image,copy-paste,0.3,7.5,200,c0001_left_lower_moderate_large,n0969,0,81,0.914,0.1052,0.1412,0.0822
c0001_left_lower_on_structure_large__cp,c0001,copypaste,left,lower,on_structure,medial,large,1866000614,1024,1024,0,0,1024,0.5,40,0.1992,0.1387,0.4648,0.6621,0.3776,0.547,0.3053,0.4747,0.4498,0.6192,74,74.0,,47.82,,,1.1028,0.1589,,0.0,,,fraction_of_image,copy-paste,0.3,7.5,200,c0001_left_lower_on_structure_large,n0610,0,285,0.26,0.0177,-0.0107,0.1243
c0001_right_upper_clear_small__cp,c0001,copypaste,right,upper,clear,medial,small,1296750956,1024,1024,0,0,1024,0.5,40,0.5566,0.1289,0.8711,0.6621,0.703,0.2462,0.6571,0.2003,0.7489,0.2921,47,47.0,,38.24,,,0.4443,0.7565,,0.0,,,fraction_of_image,copy-paste,0.3,7.5,200,c0001_right_upper_clear_small,n0037,1,245,0.192,-0.1367,0.0406,0.0684
c0001_right_upper_moderate_small__cp,c0001,copypaste,right,upper,moderate,medial,small,1887995272,1024,1024,0,0,1024,0.5,40,0.5566,0.1289,0.8711,0.6621,0.6157,0.2462,0.5698,0.2003,0.6616,0.2921,47,47.0,,50.97,,,0.4938,0.7565,,0.0,,,fraction_of_image,copy-paste,0.3,7.5,200,c0001_right_upper_moderate_small,n0869,0,62,0.758,-0.3838,0.0096,0.0837
c0001_right_upper_on_structure_small__cp,c0001,copypaste,right,upper,on_structure,lateral,small,808407317,1024,1024,0,0,1024,0.5,40,0.5566,0.1289,0.8711,0.6621,0.8011,0.2462,0.7552,0.2003,0.847,0.2921,47,47.0,,50.22,,,0.9906,0.7565,,0.0,,,fraction_of_image,copy-paste,0.3,7.5,200,c0001_right_upper_on_structure_small,n0826,0,119,0.395,-0.0411,0.0708,0.193
c0001_right_upper_clear_medium__cp,c0001,copypaste,right,upper,clear,medial,medium,1246924442,1024,1024,0,0,1024,0.5,40,0.5566,0.1289,0.8711,0.6621,0.6852,0.2462,0.6266,0.1876,0.7438,0.3048,60,60.0,,38.54,,,0.4591,0.5852,,0.0,,,fraction_of_image,copy-paste,0.3,7.5,200,c0001_right_upper_clear_medium,n0957,1,76,0.789,-0.1907,0.0596,0.0736
c0001_right_upper_moderate_medium__cp,c0001,copypaste,right,upper,moderate,medial,medium,362225219,1024,1024,0,0,1024,0.5,40,0.5566,0.1289,0.8711,0.6621,0.6277,0.2462,0.5691,0.1876,0.6863,0.3048,60,60.0,,53.08,,,0.5032,0.5852,,0.0,,,fraction_of_image,copy-paste,0.3,7.5,200,c0001_right_upper_moderate_medium,n0183,0,63,0.952,0.0605,0.0453,0.0914
c0001_right_upper_on_structure_medium__cp,c0001,copypaste,right,upper,on_structure,lateral,medium,1544298758,1024,1024,0,0,1024,0.5,40,0.5566,0.1289,0.8711,0.6621,0.7904,0.2462,0.7318,0.1876,0.849,0.3048,60,60.0,,52.33,,,0.8895,0.5852,,0.0,,,fraction_of_image,copy-paste,0.3,7.5,200,c0001_right_upper_on_structure_medium,n0098,0,66,0.909,0.1446,0.0332,0.1945
c0001_right_upper_clear_large__cp,c0001,copypaste,right,upper,clear,medial,large,450408997,1024,1024,0,0,1024,0.5,40,0.5566,0.1289,0.8711,0.6621,0.6895,0.2462,0.6172,0.1739,0.7617,0.3185,74,74.0,,48.82,,,0.4743,0.4582,,0.0,,,fraction_of_image,copy-paste,0.3,7.5,200,c0001_right_upper_clear_large,n0976,2,103,0.718,-0.3438,0.0181,0.0839
c0001_right_upper_moderate_large__cp,c0001,copypaste,right,upper,moderate,medial,large,1162428310,1024,1024,0,0,1024,0.5,40,0.5566,0.1289,0.8711,0.6621,0.6407,0.2462,0.5684,0.1739,0.7129,0.3185,74,74.0,,55.54,,,0.4982,0.4582,,0.0,,,fraction_of_image,copy-paste,0.3,7.5,200,c0001_right_upper_moderate_large,n0030,0,82,0.902,0.0742,0.1128,0.0958
c0001_right_upper_on_structure_large__cp,c0001,copypaste,right,upper,on_structure,lateral,large,1096198121,1024,1024,0,0,1024,0.5,40,0.5566,0.1289,0.8711,0.6621,0.7789,0.2462,0.7067,0.1739,0.8512,0.3185,74,74.0,,54.57,,,0.8035,0.4582,,0.0,,,fraction_of_image,copy-paste,0.3,7.5,200,c0001_right_upper_on_structure_large,n0597,0,130,0.569,-0.022,0.0661,0.1967
c0001_right_mid_clear_small__cp,c0001,copypaste,right,mid,clear,lateral,small,543849377,1024,1024,0,0,1024,0.5,40,0.5566,0.1289,0.8711,0.6621,0.7357,0.3955,0.6898,0.3496,0.7816,0.4414,47,47.0,,27.74,,,0.4637,0.7746,,0.0,,,fraction_of_image,copy-paste,0.3,7.5,200,c0001_right_mid_clear_small,n0091,0,125,0.376,-0.2499,0.0322,0.06
c0001_right_mid_moderate_small__cp,c0001,copypaste,right,mid,moderate,lateral,small,330132637,1024,1024,0,0,1024,0.5,40,0.5566,0.1289,0.8711,0.6621,0.7793,0.3955,0.7334,0.3496,0.8252,0.4414,47,47.0,,63.24,,,0.6277,0.7746,,0.0,,,fraction_of_image,copy-paste,0.3,7.5,200,c0001_right_mid_moderate_small,n0323,0,153,0.307,0.1344,0.1231,0.1021
c0001_right_mid_on_structure_small__cp,c0001,copypaste,right,mid,on_structure,medial,small,266709459,1024,1024,0,0,1024,0.5,40,0.5566,0.1289,0.8711,0.6621,0.6048,0.3955,0.5589,0.3496,0.6507,0.4414,47,47.0,,56.75,,,1.0021,0.7746,,0.0,,,fraction_of_image,copy-paste,0.3,7.5,200,c0001_right_mid_on_structure_small,n0534,0,118,0.398,0.3476,0.0618,0.0983
c0001_right_mid_clear_medium__cp,c0001,copypaste,right,mid,clear,medial,medium,1748162420,1024,1024,0,0,1024,0.5,40,0.5566,0.1289,0.8711,0.6621,0.7139,0.3955,0.6553,0.3369,0.7725,0.4541,60,60.0,,35.02,,,0.4632,0.5799,,0.0,,,fraction_of_image,copy-paste,0.3,7.5,200,c0001_right_mid_clear_medium,n0476,0,77,0.779,0.0574,0.0753,0.0667
c0001_right_mid_moderate_medium__cp,c0001,copypaste,right,mid,moderate,lateral,medium,1047959793,1024,1024,0,0,1024,0.5,40,0.5566,0.1289,0.8711,0.6621,0.7713,0.3955,0.7127,0.3369,0.8299,0.4541,60,60.0,,61.69,,,0.5675,0.5799,,0.0,,,fraction_of_image,copy-paste,0.3,7.5,200,c0001_right_mid_moderate_medium,n0450,0,147,0.408,0.0786,0.1132,0.1144
c0001_right_mid_on_structure_medium__cp,c0001,copypaste,right,mid,on_structure,medial,medium,753312723,1024,1024,0,0,1024,0.5,40,0.5566,0.1289,0.8711,0.6621,0.6182,0.3955,0.5596,0.3369,0.6768,0.4541,60,60.0,,64.67,,,0.9038,0.5799,,0.0,,,fraction_of_image,copy-paste,0.3,7.5,200,c0001_right_mid_on_structure_medium,n0033,0,88,0.682,0.1802,0.1005,0.12
c0001_right_mid_clear_large__cp,c0001,copypaste,right,mid,clear,lateral,large,137587670,1024,1024,0,0,1024,0.5,40,0.5566,0.1289,0.8711,0.6621,0.7383,0.3955,0.666,0.3232,0.8105,0.4678,74,74.0,,56.18,,,0.462,0.4022,,0.0,,,fraction_of_image,copy-paste,0.3,7.5,200,c0001_right_mid_clear_large,n0005,0,184,0.402,-0.2326,0.0366,0.0719
c0001_right_mid_moderate_large__cp,c0001,copypaste,right,mid,moderate,medial,large,1917340079,1024,1024,0,0,1024,0.5,40,0.5566,0.1289,0.8711,0.6621,0.6813,0.3955,0.6091,0.3232,0.7536,0.4678,74,74.0,,52.82,,,0.5441,0.4022,,0.0,,,fraction_of_image,copy-paste,0.3,7.5,200,c0001_right_mid_moderate_large,n0145,0,165,0.448,-0.4841,0.016,0.1071
c0001_right_mid_on_structure_large__cp,c0001,copypaste,right,mid,on_structure,lateral,large,372491727,1024,1024,0,0,1024,0.5,40,0.5566,0.1289,0.8711,0.6621,0.7871,0.3955,0.7148,0.3232,0.8593,0.4678,74,74.0,,60.73,,,0.7685,0.4022,,0.0,,,fraction_of_image,copy-paste,0.3,7.5,200,c0001_right_mid_on_structure_large,n0006,1,115,0.643,0.3256,0.0301,0.22
c0001_right_lower_clear_small__cp,c0001,copypaste,right,lower,clear,lateral,small,313344060,1024,1024,0,0,1024,0.5,40,0.5566,0.1289,0.8711,0.6621,0.8011,0.5448,0.7552,0.4989,0.847,0.5907,47,47.0,,55.5,,,0.7299,0.6043,,0.0,,,fraction_of_image,copy-paste,0.3,7.5,200,c0001_right_lower_clear_small,n0755,0,244,0.193,0.309,0.0949,0.1718
c0001_right_lower_moderate_small__cp,c0001,copypaste,right,lower,moderate,medial,small,743118344,1024,1024,0,0,1024,0.5,40,0.5566,0.1289,0.8711,0.6621,0.7139,0.5448,0.668,0.4989,0.7598,0.5907,47,47.0,,45.79,,,1.1366,0.6043,,0.0,,,fraction_of_image,copy-paste,0.3,7.5,200,c0001_right_lower_moderate_small,n0585,0,55,0.855,0.1572,0.0471,0.0591
c0001_right_lower_on_structure_small__cp,c0001,copypaste,right,lower,on_structure,medial,small,1683963246,1024,1024,0,0,1024,0.5,40,0.5566,0.1289,0.8711,0.6621,0.6594,0.5448,0.6135,0.4989,0.7052,0.5907,47,47.0,,27.16,,,1.2527,0.6043,,0.0,,,fraction_of_image,copy-paste,0.3,7.5,200,c0001_right_lower_on_structure_small,n0723,0,62,0.758,0.064,-0.0053,0.0287
c0001_right_lower_clear_medium__cp,c0001,copypaste,right,lower,clear,lateral,medium,2131502694,1024,1024,0,0,1024,0.5,40,0.5566,0.1289,0.8711,0.6621,0.7713,0.5448,0.7127,0.4862,0.8299,0.6034,60,60.0,,55.07,,,0.773,0.5286,,0.0,,,fraction_of_image,copy-paste,0.3,7.5,200,c0001_right_lower_clear_medium,n0277,0,100,0.6,0.0849,-0.0066,0.1484
c0001_right_lower_moderate_medium__cp,c0001,copypaste,right,lower,moderate,medial,medium,472714200,1024,1024,0,0,1024,0.5,40,0.5566,0.1289,0.8711,0.6621,0.7139,0.5448,0.6553,0.4862,0.7725,0.6034,60,60.0,,46.83,,,1.1206,0.5286,,0.0,,,fraction_of_image,copy-paste,0.3,7.5,200,c0001_right_lower_moderate_medium,n0687,2,65,0.923,0.1807,0.0146,0.0701
c0001_right_lower_on_structure_medium__cp,c0001,copypaste,right,lower,on_structure,medial,medium,1599175677,1024,1024,0,0,1024,0.5,40,0.5566,0.1289,0.8711,0.6621,0.6373,0.5448,0.5787,0.4862,0.6959,0.6034,60,60.0,,37.28,,,1.2438,0.5286,,0.0,,,fraction_of_image,copy-paste,0.3,7.5,200,c0001_right_lower_on_structure_medium,n0876,0,245,0.245,0.3353,0.0805,0.0321
c0001_right_lower_clear_large__cp,c0001,copypaste,right,lower,clear,lateral,large,947114179,1024,1024,0,0,1024,0.5,40,0.5566,0.1289,0.8711,0.6621,0.7871,0.5448,0.7148,0.4725,0.8593,0.6171,74,74.0,,50.75,,,0.8053,0.4678,,0.0,,,fraction_of_image,copy-paste,0.3,7.5,200,c0001_right_lower_clear_large,n0426,0,184,0.402,0.1744,0.1633,0.1805
c0001_right_lower_moderate_large__cp,c0001,copypaste,right,lower,moderate,medial,large,439600627,1024,1024,0,0,1024,0.5,40,0.5566,0.1289,0.8711,0.6621,0.7139,0.5448,0.6416,0.4725,0.7861,0.6171,74,74.0,,52.2,,,1.0926,0.4678,,0.0,,,fraction_of_image,copy-paste,0.3,7.5,200,c0001_right_lower_moderate_large,n0516,0,93,0.796,0.1858,0.1513,0.1221
c0001_right_lower_on_structure_large__cp,c0001,copypaste,right,lower,on_structure,medial,large,103774900,1024,1024,0,0,1024,0.5,40,0.5566,0.1289,0.8711,0.6621,0.6488,0.5448,0.5765,0.4725,0.7211,0.6171,74,74.0,,54.03,,,1.2291,0.4678,,0.0,,,fraction_of_image,copy-paste,0.3,7.5,200,c0001_right_lower_on_structure_large,n1133,0,82,0.902,0.449,0.0732,0.0387
c0003_left_upper_clear_small__cp,c0003,copypaste,left,upper,clear,medial,small,974488170,2834,2851,0,8,2834,0.18066,35,0.0977,0.0391,0.4258,0.8301,0.2965,0.2131,0.2506,0.1672,0.3424,0.259,47,47.0,,20.21,,,0.5246,1.1456,,0.0,,,fraction_of_image,copy-paste,0.3,7.5,200,c0003_left_upper_clear_small,n0914,1,78,0.603,-0.029,0.1383,0.0669
c0003_left_upper_moderate_small__cp,c0003,copypaste,left,upper,moderate,medial,small,1694596112,2834,2851,0,8,2834,0.18066,35,0.0977,0.0391,0.4258,0.8301,0.3544,0.2131,0.3085,0.1672,0.4003,0.259,47,47.0,,31.49,,,0.6128,1.1456,,0.0,,,fraction_of_image,copy-paste,0.3,7.5,200,c0003_left_upper_moderate_small,n1112,0,116,0.405,-0.0077,0.0616,0.0729
c0003_left_upper_on_structure_small__cp,c0003,copypaste,left,upper,on_structure,lateral,small,453643541,2834,2851,0,8,2834,0.18066,35,0.0977,0.0391,0.4258,0.8301,0.169,0.2131,0.1231,0.1672,0.2149,0.259,47,47.0,,58.8,,,1.3533,1.1456,,0.0,,,fraction_of_image,copy-paste,0.3,7.5,200,c0003_left_upper_on_structure_small,n0418,0,75,0.627,0.0311,0.0795,0.1651
c0003_left_upper_clear_medium__cp,c0003,copypaste,left,upper,clear,medial,medium,2146101997,2834,2851,0,8,2834,0.18066,35,0.0977,0.0391,0.4258,0.8301,0.272,0.2131,0.2134,0.1545,0.3306,0.2717,60,60.0,,25.33,,,0.507,0.9656,,0.0,,,fraction_of_image,copy-paste,0.3,7.5,200,c0003_left_upper_clear_medium,n0779,0,71,0.845,-0.0001,0.1547,0.0707
c0003_left_upper_moderate_medium__cp,c0003,copypaste,left,upper,moderate,lateral,medium,1645379893,2834,2851,0,8,2834,0.18066,35,0.0977,0.0391,0.4258,0.8301,0.2412,0.2131,0.1826,0.1545,0.2998,0.2717,60,60.0,,54.03,,,0.5667,0.9656,,0.0,,,fraction_of_image,copy-paste,0.3,7.5,200,c0003_left_upper_moderate_medium,n1082,0,242,0.248,0.0842,0.172,0.0818
c0003_left_upper_on_structure_medium__cp,c0003,copypaste,left,upper,on_structure,lateral,medium,1578570391,2834,2851,0,8,2834,0.18066,35,0.0977,0.0391,0.4258,0.8301,0.1797,0.2131,0.1211,0.1545,0.2383,0.2717,60,60.0,,61.88,,,1.1652,0.9656,,0.0,,,fraction_of_image,copy-paste,0.3,7.5,200,c0003_left_upper_on_structure_medium,n0733,0,101,0.594,0.0346,0.0251,0.1915
c0003_left_upper_clear_large__cp,c0003,copypaste,left,upper,clear,medial,large,239939022,2834,2851,0,8,2834,0.18066,35,0.0977,0.0391,0.4258,0.8301,0.2882,0.2131,0.2159,0.1408,0.3604,0.2854,74,74.0,,30.25,,,0.4878,0.765,,0.0,,,fraction_of_image,copy-paste,0.3,7.5,200,c0003_left_upper_clear_large,n0949,0,153,0.484,-0.0973,0.0331,0.0672
c0003_left_upper_moderate_large__cp,c0003,copypaste,left,upper,moderate,lateral,large,917181236,2834,2851,0,8,2834,0.18066,35,0.0977,0.0391,0.4258,0.8301,0.2441,0.2131,0.1718,0.1408,0.3163,0.2854,74,74.0,,59.26,,,0.5572,0.765,,0.0,,,fraction_of_image,copy-paste,0.3,7.5,200,c0003_left_upper_moderate_large,n0774,0,119,0.622,-0.3673,0.0567,0.0874
c0003_left_upper_on_structure_large__cp,c0003,copypaste,left,upper,on_structure,lateral,large,819283410,2834,2851,0,8,2834,0.18066,35,0.0977,0.0391,0.4258,0.8301,0.1912,0.2131,0.1189,0.1408,0.2634,0.2854,74,74.0,,63.5,,,1.0011,0.765,,0.0,,,fraction_of_image,copy-paste,0.3,7.5,200,c0003_left_upper_on_structure_large,n0791,0,384,0.193,0.3466,0.1904,0.2038
c0003_left_mid_clear_small__cp,c0003,copypaste,left,mid,clear,lateral,small,2054608151,2834,2851,0,8,2834,0.18066,35,0.0977,0.0391,0.4258,0.8301,0.2385,0.4346,0.1926,0.3887,0.2844,0.4805,47,47.0,,29.14,,,0.682,0.7809,,0.0,,,fraction_of_image,copy-paste,0.3,7.5,200,c0003_left_mid_clear_small,n0428,0,96,0.49,0.0291,0.1034,0.0687
c0003_left_mid_moderate_small__cp,c0003,copypaste,left,mid,moderate,lateral,small,655346389,2834,2851,0,8,2834,0.18066,35,0.0977,0.0391,0.4258,0.8301,0.2038,0.4346,0.1579,0.3887,0.2497,0.4805,47,47.0,,46.04,,,0.8254,0.7809,,0.0,,,fraction_of_image,copy-paste,0.3,7.5,200,c0003_left_mid_moderate_small,n0983,0,49,0.959,0.0875,0.1377,0.1064
c0003_left_mid_on_structure_small__cp,c0003,copypaste,left,mid,on_structure,medial,small,2144382802,2834,2851,0,8,2834,0.18066,35,0.0977,0.0391,0.4258,0.8301,0.3776,0.4346,0.3317,0.3887,0.4235,0.4805,47,47.0,,45.25,,,1.2207,0.7809,,0.0,,,fraction_of_image,copy-paste,0.3,7.5,200,c0003_left_mid_on_structure_small,n0153,0,204,0.23,0.2218,0.178,0.1086
c0003_left_mid_clear_medium__cp,c0003,copypaste,left,mid,clear,medial,medium,612651484,2834,2851,0,8,2834,0.18066,35,0.0977,0.0391,0.4258,0.8301,0.272,0.4346,0.2134,0.376,0.3306,0.4932,60,60.0,,35.2,,,0.6683,0.6253,,0.0,,,fraction_of_image,copy-paste,0.3,7.5,200,c0003_left_mid_clear_medium,n0649,0,90,0.667,-0.0656,0.0837,0.0835
c0003_left_mid_moderate_medium__cp,c0003,copypaste,left,mid,moderate,lateral,medium,2006411753,2834,2851,0,8,2834,0.18066,35,0.0977,0.0391,0.4258,0.8301,0.2104,0.4346,0.1519,0.376,0.269,0.4932,60,60.0,,55.9,,,0.7845,0.6253,,0.0,,,fraction_of_image,copy-paste,0.3,7.5,200,c0003_left_mid_moderate_medium,n0823,0,151,0.397,0.155,0.1478,0.1034
c0003_left_mid_on_structure_medium__cp,c0003,copypaste,left,mid,on_structure,medial,medium,1071706383,2834,2851,0,8,2834,0.18066,35,0.0977,0.0391,0.4258,0.8301,0.3643,0.4346,0.3057,0.376,0.4229,0.4932,60,60.0,,48.84,,,1.1251,0.6253,,0.0,,,fraction_of_image,copy-paste,0.3,7.5,200,c0003_left_mid_on_structure_medium,n0957,0,79,0.759,-0.2645,0.0823,0.1308
c0003_left_mid_clear_large__cp,c0003,copypaste,left,mid,clear,medial,large,1782106810,2834,2851,0,8,2834,0.18066,35,0.0977,0.0391,0.4258,0.8301,0.2705,0.4346,0.1983,0.3623,0.3428,0.5068,74,74.0,,35.22,,,0.6544,0.462,,0.0,,,fraction_of_image,copy-paste,0.3,7.5,200,c0003_left_mid_clear_large,n0583,0,126,0.587,-0.2633,-0.0006,0.083
c0003_left_mid_moderate_large__cp,c0003,copypaste,left,mid,moderate,lateral,large,1739620830,2834,2851,0,8,2834,0.18066,35,0.0977,0.0391,0.4258,0.8301,0.2176,0.4346,0.1454,0.3623,0.2899,0.5068,74,74.0,,59.18,,,0.7664,0.462,,0.0,,,fraction_of_image,copy-paste,0.3,7.5,200,c0003_left_mid_moderate_large,n0416,0,89,0.831,-0.0939,-0.0089,0.1023
c0003_left_mid_on_structure_large__cp,c0003,copypaste,left,mid,on_structure,lateral,large,960529491,2834,2851,0,8,2834,0.18066,35,0.0977,0.0391,0.4258,0.8301,0.1824,0.4346,0.1101,0.3623,0.2546,0.5068,74,74.0,,58.19,,,1.0068,0.462,,0.0,,,fraction_of_image,copy-paste,0.3,7.5,200,c0003_left_mid_on_structure_large,n0338,0,118,0.627,0.1823,0.0895,0.1515
c0003_left_lower_clear_small__cp,c0003,copypaste,left,lower,clear,lateral,small,1810383606,2834,2851,0,8,2834,0.18066,35,0.0977,0.0391,0.4258,0.8301,0.1458,0.6561,0.1,0.6102,0.1917,0.702,47,47.0,,59.78,,,0.5083,0.7457,,0.0,,,fraction_of_image,copy-paste,0.3,7.5,200,c0003_left_lower_clear_small,n0473,0,54,0.87,-0.1396,0.0208,0.0571
c0003_left_lower_moderate_small__cp,c0003,copypaste,left,lower,moderate,medial,small,579002454,2834,2851,0,8,2834,0.18066,35,0.0977,0.0391,0.4258,0.8301,0.3428,0.6561,0.2969,0.6102,0.3887,0.702,47,47.0,,46.06,,,0.9049,0.7457,,0.0,,,fraction_of_image,copy-paste,0.3,7.5,200,c0003_left_lower_moderate_small,n0539,0,136,0.346,0.0849,0.117,0.1522
c0003_left_lower_on_structure_small__cp,c0003,copypaste,left,lower,on_structure,lateral,small,1330508111,2834,2851,0,8,2834,0.18066,35,0.0977,0.0391,0.4258,0.8301,0.2617,0.6561,0.2158,0.6102,0.3076,0.702,47,47.0,,53.68,,,1.1889,0.7457,,0.0,,,fraction_of_image,copy-paste,0.3,7.5,200,c0003_left_lower_on_structure_small,n0816,0,58,0.81,0.2215,0.0459,0.1922
c0003_left_lower_clear_medium__cp,c0003,copypaste,left,lower,clear,lateral,medium,182918335,2834,2851,0,8,2834,0.18066,35,0.0977,0.0391,0.4258,0.8301,0.1797,0.6561,0.1211,0.5975,0.2383,0.7146,60,60.0,,51.03,,,0.5512,0.6544,,0.0,,,fraction_of_image,copy-paste,0.3,7.5,200,c0003_left_lower_clear_medium,n1011,0,111,0.541,-0.1841,0.0158,0.123
c0003_left_lower_moderate_medium__cp,c0003,copypaste,left,lower,moderate,lateral,medium,542351558,2834,2851,0,8,2834,0.18066,35,0.0977,0.0391,0.4258,0.8301,0.231,0.6561,0.1724,0.5975,0.2896,0.7146,60,60.0,,54.43,,,0.9568,0.6544,,0.0,,,fraction_of_image,copy-paste,0.3,7.5,200,c0003_left_lower_moderate_medium,n0080,1,179,0.335,-0.2341,0.0755,0.2031
c0003_left_lower_on_structure_medium__cp,c0003,copypaste,left,lower,on_structure,medial,medium,300730833,2834,2851,0,8,2834,0.18066,35,0.0977,0.0391,0.4258,0.8301,0.2925,0.6561,0.2339,0.5975,0.3511,0.7146,60,60.0,,53.41,,,1.1271,0.6544,,0.0,,,fraction_of_image,copy-paste,0.3,7.5,200,c0003_left_lower_on_structure_medium,n1064,0,188,0.319,0.03,0.0808,0.1913
c0003_left_lower_clear_large__cp,c0003,copypaste,left,lower,clear,lateral,large,630045977,2834,2851,0,8,2834,0.18066,35,0.0977,0.0391,0.4258,0.8301,0.1912,0.6561,0.1189,0.5838,0.2634,0.7283,74,74.0,,53.17,,,0.6565,0.5574,,0.0,,,fraction_of_image,copy-paste,0.3,7.5,200,c0003_left_lower_clear_large,n0590,0,79,0.937,-0.168,0.0326,0.1633
c0003_left_lower_moderate_large__cp,c0003,copypaste,left,lower,moderate,medial,large,1721916652,2834,2851,0,8,2834,0.18066,35,0.0977,0.0391,0.4258,0.8301,0.3323,0.6561,0.26,0.5838,0.4045,0.7283,74,74.0,,48.04,,,1.0144,0.5574,,0.0,,,fraction_of_image,copy-paste,0.3,7.5,200,c0003_left_lower_moderate_large,n0401,0,74,1.0,0.0978,0.0468,0.1759
c0003_left_lower_on_structure_large__cp,c0003,copypaste,left,lower,on_structure,medial,large,548116078,2834,2851,0,8,2834,0.18066,35,0.0977,0.0391,0.4258,0.8301,0.3058,0.6561,0.2335,0.5838,0.3781,0.7283,74,74.0,,49.28,,,1.1082,0.5574,,0.0,,,fraction_of_image,copy-paste,0.3,7.5,200,c0003_left_lower_on_structure_large,n0755,0,244,0.303,0.1947,0.0946,0.1875
c0003_right_upper_clear_small__cp,c0003,copypaste,right,upper,clear,medial,small,910562755,2834,2851,0,8,2834,0.18066,35,0.5371,0.0488,0.8945,0.8047,0.6375,0.2151,0.5916,0.1692,0.6834,0.261,47,47.0,,22.13,,,0.4599,1.1366,,0.0,,,fraction_of_image,copy-paste,0.3,7.5,200,c0003_right_upper_clear_small,n0638,0,90,0.522,-0.4257,0.0323,0.0752
c0003_right_upper_moderate_small__cp,c0003,copypaste,right,upper,moderate,medial,small,1231264122,2834,2851,0,8,2834,0.18066,35,0.5371,0.0488,0.8945,0.8047,0.7158,0.2151,0.6699,0.1692,0.7617,0.261,47,47.0,,30.27,,,0.682,1.1366,,0.0,,,fraction_of_image,copy-paste,0.3,7.5,200,c0003_right_upper_moderate_small,n0274,0,86,0.547,-0.1256,0.0701,0.0808
c0003_right_upper_on_structure_small__cp,c0003,copypaste,right,upper,on_structure,lateral,small,2101911007,2834,2851,0,8,2834,0.18066,35,0.5371,0.0488,0.8945,0.8047,0.8463,0.2151,0.8004,0.1692,0.8922,0.261,47,47.0,,35.5,,,1.5109,1.1366,,0.0,,,fraction_of_image,copy-paste,0.3,7.5,200,c0003_right_upper_on_structure_small,n0353,0,86,0.547,0.4006,0.1782,0.064
c0003_right_upper_clear_medium__cp,c0003,copypaste,right,upper,clear,medial,medium,2014994499,2834,2851,0,8,2834,0.18066,35,0.5371,0.0488,0.8945,0.8047,0.6221,0.2151,0.5635,0.1565,0.6807,0.2737,60,60.0,,34.03,,,0.437,1.113,,0.0,,,fraction_of_image,copy-paste,0.3,7.5,200,c0003_right_upper_clear_medium,n0821,2,115,0.522,-0.2161,0.0281,0.0823
c0003_right_upper_moderate_medium__cp,c0003,copypaste,right,upper,moderate,medial,medium,1786908946,2834,2851,0,8,2834,0.18066,35,0.5371,0.0488,0.8945,0.8047,0.7158,0.2151,0.6572,0.1565,0.7744,0.2737,60,60.0,,50.38,,,0.6773,1.113,,0.0,,,fraction_of_image,copy-paste,0.3,7.5,200,c0003_right_upper_moderate_medium,n0660,0,61,0.984,-0.208,0.0807,0.0847
c0003_right_upper_on_structure_medium__cp,c0003,copypaste,right,upper,on_structure,lateral,medium,1287053350,2834,2851,0,8,2834,0.18066,35,0.5371,0.0488,0.8945,0.8047,0.8096,0.2151,0.751,0.1565,0.8682,0.2737,60,60.0,,48.77,,,1.4229,1.113,,0.0,,,fraction_of_image,copy-paste,0.3,7.5,200,c0003_right_upper_on_structure_medium,n0570,0,63,0.952,0.3875,0.1002,0.1546
c0003_right_upper_clear_large__cp,c0003,copypaste,right,upper,clear,medial,large,2041015563,2834,2851,0,8,2834,0.18066,35,0.5371,0.0488,0.8945,0.8047,0.6336,0.2151,0.5613,0.1429,0.7058,0.2874,74,74.0,,39.09,,,0.4433,0.9992,,0.0,,,fraction_of_image,copy-paste,0.3,7.5,200,c0003_right_upper_clear_large,n0373,0,96,0.771,-0.4314,0.074,0.0866
c0003_right_upper_moderate_large__cp,c0003,copypaste,right,upper,moderate,medial,large,828800963,2834,2851,0,8,2834,0.18066,35,0.5371,0.0488,0.8945,0.8047,0.7158,0.2151,0.6436,0.1429,0.7881,0.2874,74,74.0,,58.57,,,0.6707,0.9992,,0.0,,,fraction_of_image,copy-paste,0.3,7.5,200,c0003_right_upper_moderate_large,n0871,0,86,0.86,0.1322,0.0792,0.0912
c0003_right_upper_on_structure_large__cp,c0003,copypaste,right,upper,on_structure,lateral,large,686873491,2834,2851,0,8,2834,0.18066,35,0.5371,0.0488,0.8945,0.8047,0.7981,0.2151,0.7258,0.1429,0.8704,0.2874,74,74.0,,57.1,,,1.2882,0.9992,,0.0,,,fraction_of_image,copy-paste,0.3,7.5,200,c0003_right_upper_on_structure_large,n0433,0,220,0.336,0.3317,0.1024,0.1817
c0003_right_mid_clear_small__cp,c0003,copypaste,right,mid,clear,lateral,small,322138028,2834,2851,0,8,2834,0.18066,35,0.5371,0.0488,0.8945,0.8047,0.768,0.4268,0.7221,0.3809,0.8139,0.4727,47,47.0,,38.11,,,0.6701,0.9519,,0.0,,,fraction_of_image,copy-paste,0.3,7.5,200,c0003_right_mid_clear_small,n0361,0,81,0.58,-0.0849,0.0596,0.0693
c0003_right_mid_moderate_small__cp,c0003,copypaste,right,mid,moderate,medial,small,1608383349,2834,2851,0,8,2834,0.18066,35,0.5371,0.0488,0.8945,0.8047,0.6506,0.4268,0.6047,0.3809,0.6965,0.4727,47,47.0,,26.55,,,0.8399,0.9519,,0.0,,,fraction_of_image,copy-paste,0.3,7.5,200,c0003_right_mid_moderate_small,n1004,0,90,0.522,-0.0528,0.0783,0.0993
c0003_right_mid_on_structure_small__cp,c0003,copypaste,right,mid,on_structure,lateral,small,471153156,2834,2851,0,8,2834,0.18066,35,0.5371,0.0488,0.8945,0.8047,0.8202,0.4268,0.7743,0.3809,0.8661,0.4727,47,47.0,,56.52,,,1.1795,0.9519,,0.0,,,fraction_of_image,copy-paste,0.3,7.5,200,c0003_right_mid_on_structure_small,n0282,1,56,0.839,0.3828,0.0137,0.1609
c0003_right_mid_clear_medium__cp,c0003,copypaste,right,mid,clear,lateral,medium,638426908,2834,2851,0,8,2834,0.18066,35,0.5371,0.0488,0.8945,0.8047,0.7627,0.4268,0.7041,0.3682,0.8213,0.4854,60,60.0,,51.44,,,0.699,0.7167,,0.0,,,fraction_of_image,copy-paste,0.3,7.5,200,c0003_right_mid_clear_medium,n0239,0,94,0.638,0.0645,0.1017,0.0696
c0003_right_mid_moderate_medium__cp,c0003,copypaste,right,mid,moderate,medial,medium,1375639529,2834,2851,0,8,2834,0.18066,35,0.5371,0.0488,0.8945,0.8047,0.6689,0.4268,0.6104,0.3682,0.7275,0.4854,60,60.0,,29.69,,,0.829,0.7167,,0.0,,,fraction_of_image,copy-paste,0.3,7.5,200,c0003_right_mid_moderate_medium,n0812,0,87,0.69,0.034,0.0836,0.0979
c0003_right_mid_on_structure_medium__cp,c0003,copypaste,right,mid,on_structure,lateral,medium,795544139,2834,2851,0,8,2834,0.18066,35,0.5371,0.0488,0.8945,0.8047,0.8096,0.4268,0.751,0.3682,0.8682,0.4854,60,60.0,,53.62,,,1.0651,0.7167,,0.0,,,fraction_of_image,copy-paste,0.3,7.5,200,c0003_right_mid_on_structure_medium,n0695,0,61,0.984,0.1864,0.0363,0.1716
c0003_right_mid_clear_large__cp,c0003,copypaste,right,mid,clear,lateral,large,12053827,2834,2851,0,8,2834,0.18066,35,0.5371,0.0488,0.8945,0.8047,0.7261,0.4268,0.6538,0.3545,0.7984,0.499,74,74.0,,39.25,,,0.7324,0.5082,,0.0,,,fraction_of_image,copy-paste,0.3,7.5,200,c0003_right_mid_clear_large,n0050,1,94,0.787,-0.0461,0.1211,0.0796
c0003_right_mid_moderate_large__cp,c0003,copypaste,right,mid,moderate,medial,large,57717142,2834,2851,0,8,2834,0.18066,35,0.5371,0.0488,0.8945,0.8047,0.6644,0.4268,0.5921,0.3545,0.7367,0.499,74,74.0,,39.4,,,0.8021,0.5082,,0.0,,,fraction_of_image,copy-paste,0.3,7.5,200,c0003_right_mid_moderate_large,n0091,0,125,0.592,-0.1551,0.0317,0.1008
c0003_right_mid_on_structure_large__cp,c0003,copypaste,right,mid,on_structure,lateral,large,1496303290,2834,2851,0,8,2834,0.18066,35,0.5371,0.0488,0.8945,0.8047,0.7981,0.4268,0.7258,0.3545,0.8704,0.499,74,74.0,,53.27,,,0.9725,0.5082,,0.0,,,fraction_of_image,copy-paste,0.3,7.5,200,c0003_right_mid_on_structure_large,n0421,0,125,0.592,0.21,0.1138,0.1692
c0003_right_lower_clear_small__cp,c0003,copypaste,right,lower,clear,lateral,small,590670323,2834,2851,0,8,2834,0.18066,35,0.5371,0.0488,0.8945,0.8047,0.7941,0.6384,0.7482,0.5925,0.84,0.6843,47,47.0,,35.18,,,0.426,1.0412,,0.0,,,fraction_of_image,copy-paste,0.3,7.5,200,c0003_right_lower_clear_small,n0936,0,113,0.416,-0.3259,0.0932,0.0647
c0003_right_lower_moderate_small__cp,c0003,copypaste,right,lower,moderate,medial,small,1296584235,2834,2851,0,8,2834,0.18066,35,0.5371,0.0488,0.8945,0.8047,0.7158,0.6384,0.6699,0.5925,0.7617,0.6843,47,47.0,,50.87,,,0.7552,1.0412,,0.0,,,fraction_of_image,copy-paste,0.3,7.5,200,c0003_right_lower_moderate_small,n0444,0,62,0.758,-0.1642,0.0156,0.1836
c0003_right_lower_on_structure_small__cp,c0003,copypaste,right,lower,on_structure,medial,small,508600066,2834,2851,0,8,2834,0.18066,35,0.5371,0.0488,0.8945,0.8047,0.6636,0.6384,0.6177,0.5925,0.7095,0.6843,47,47.0,,47.1,,,1.4373,1.0412,,0.0,,,fraction_of_image,copy-paste,0.3,7.5,200,c0003_right_lower_on_structure_small,n0898,1,128,0.367,0.039,-0.0028,0.0717
c0003_right_lower_clear_medium__cp,c0003,copypaste,right,lower,clear,lateral,medium,1222046655,2834,2851,0,8,2834,0.18066,35,0.5371,0.0488,0.8945,0.8047,0.7979,0.6384,0.7393,0.5798,0.8564,0.697,60,60.0,,39.82,,,0.4533,0.9865,,0.0,,,fraction_of_image,copy-paste,0.3,7.5,200,c0003_right_lower_clear_medium,n0349,0,176,0.341,-0.3335,0.0525,0.0694
c0003_right_lower_moderate_medium__cp,c0003,copypaste,right,lower,moderate,medial,medium,1045864250,2834,2851,0,8,2834,0.18066,35,0.5371,0.0488,0.8945,0.8047,0.7158,0.6384,0.6572,0.5798,0.7744,0.697,60,60.0,,48.61,,,0.7919,0.9865,,0.0,,,fraction_of_image,copy-paste,0.3,7.5,200,c0003_right_lower_moderate_medium,n0252,0,189,0.317,-0.0338,0.0284,0.1924
c0003_right_lower_on_structure_medium__cp,c0003,copypaste,right,lower,on_structure,medial,medium,381047508,2834,2851,0,8,2834,0.18066,35,0.5371,0.0488,0.8945,0.8047,0.6338,0.6384,0.5752,0.5798,0.6924,0.697,60,60.0,,43.81,,,1.415,0.9865,,0.0,,,fraction_of_image,copy-paste,0.3,7.5,200,c0003_right_lower_on_structure_medium,n0904,0,135,0.444,0.4381,0.0101,0.0742
c0003_right_lower_clear_large__cp,c0003,copypaste,right,lower,clear,lateral,large,720852974,2834,2851,0,8,2834,0.18066,35,0.5371,0.0488,0.8945,0.8047,0.7878,0.6384,0.7155,0.5661,0.8601,0.7107,74,74.0,,45.36,,,0.4945,0.9142,,0.0668,,,fraction_of_image,copy-paste,0.3,7.5,200,c0003_right_lower_clear_large,n0998,0,98,0.755,0.0241,0.1027,0.0888
c0003_right_lower_moderate_large__cp,c0003,copypaste,right,lower,moderate,medial,large,66108401,2834,2851,0,8,2834,0.18066,35,0.5371,0.0488,0.8945,0.8047,0.7158,0.6384,0.6436,0.5661,0.7881,0.7107,74,74.0,,48.09,,,0.8127,0.9142,,0.0,,,fraction_of_image,copy-paste,0.3,7.5,200,c0003_right_lower_moderate_large,n0085,0,107,0.692,-0.0577,0.0514,0.1918
c0003_right_lower_on_structure_large__cp,c0003,copypaste,right,lower,on_structure,medial,large,1226541100,2834,2851,0,8,2834,0.18066,35,0.5371,0.0488,0.8945,0.8047,0.6541,0.6384,0.5819,0.5661,0.7264,0.7107,74,74.0,,47.17,,,1.3834,0.9142,,0.0,,,fraction_of_image,copy-paste,0.3,7.5,200,c0003_right_lower_on_structure_large,n0064,0,82,0.902,0.1554,-0.0076,0.1001
c0005_left_upper_clear_small__cp,c0005,copypaste,left,upper,clear,medial,small,933051160,2820,2861,0,20,2820,0.18156,45,0.0781,0.1562,0.4434,0.8184,0.3414,0.3019,0.2955,0.256,0.3873,0.3478,47,47.0,,23.28,,,0.5013,0.9812,,0.0,,,fraction_of_image,copy-paste,0.3,7.5,200,c0005_left_upper_clear_small,n0756,0,136,0.346,-0.6672,0.018,0.0721
c0005_left_upper_moderate_small__cp,c0005,copypaste,left,upper,moderate,lateral,small,1724203556,2820,2861,0,20,2820,0.18156,45,0.0781,0.1562,0.4434,0.8184,0.2607,0.3019,0.2148,0.256,0.3066,0.3478,47,47.0,,53.7,,,0.7835,0.9812,,0.0,,,fraction_of_image,copy-paste,0.3,7.5,200,c0005_left_upper_moderate_small,n0370,0,56,0.839,-0.0793,0.0877,0.065
c0005_left_upper_on_structure_small__cp,c0005,copypaste,left,upper,on_structure,lateral,small,1734948458,2820,2861,0,20,2820,0.18156,45,0.0781,0.1562,0.4434,0.8184,0.1935,0.3019,0.1476,0.256,0.2394,0.3478,47,47.0,,46.48,,,1.3817,0.9812,,0.0,,,fraction_of_image,copy-paste,0.3,7.5,200,c0005_left_upper_on_structure_small,n0641,0,124,0.379,-0.0942,0.1428,0.145
c0005_left_upper_clear_medium__cp,c0005,copypaste,left,upper,clear,medial,medium,136939023,2820,2861,0,20,2820,0.18156,45,0.0781,0.1562,0.4434,0.8184,0.3455,0.3019,0.2869,0.2433,0.4041,0.3605,60,60.0,,34.73,,,0.4793,0.9414,,0.0,,,fraction_of_image,copy-paste,0.3,7.5,200,c0005_left_upper_clear_medium,n0162,0,176,0.341,-0.2421,0.0995,0.0719
c0005_left_upper_moderate_medium__cp,c0005,copypaste,left,upper,moderate,lateral,medium,8879648,2820,2861,0,20,2820,0.18156,45,0.0781,0.1562,0.4434,0.8184,0.2607,0.3019,0.2021,0.2433,0.3193,0.3605,60,60.0,,57.51,,,0.7887,0.9414,,0.0,,,fraction_of_image,copy-paste,0.3,7.5,200,c0005_left_upper_moderate_medium,n0968,0,72,0.833,0.1396,0.0443,0.0828
c0005_left_upper_on_structure_medium__cp,c0005,copypaste,left,upper,on_structure,lateral,medium,781963303,2820,2861,0,20,2820,0.18156,45,0.0781,0.1562,0.4434,0.8184,0.1518,0.3019,0.0932,0.2433,0.2104,0.3605,60,60.0,,42.93,,,1.368,0.9414,,0.0,,,fraction_of_image,copy-paste,0.3,7.5,200,c0005_left_upper_on_structure_medium,n0509,0,192,0.312,0.4217,0.0081,0.0996
c0005_left_upper_clear_large__cp,c0005,copypaste,left,upper,clear,medial,large,1137038321,2820,2861,0,20,2820,0.18156,45,0.0781,0.1562,0.4434,0.8184,0.3461,0.3019,0.2739,0.2296,0.4184,0.3742,74,74.0,,49.53,,,0.5029,0.8956,,0.0,,,fraction_of_image,copy-paste,0.3,7.5,200,c0005_left_upper_clear_large,n1022,0,107,0.692,-0.3688,0.0087,0.0735
c0005_left_upper_moderate_large__cp,c0005,copypaste,left,upper,moderate,lateral,large,688870075,2820,2861,0,20,2820,0.18156,45,0.0781,0.1562,0.4434,0.8184,0.2607,0.3019,0.1885,0.2296,0.333,0.3742,74,74.0,,56.77,,,0.7983,0.8956,,0.0,,,fraction_of_image,copy-paste,0.3,7.5,200,c0005_left_upper_moderate_large,n0910,0,96,0.771,0.006,0.0398,0.1261
c0005_left_upper_on_structure_large__cp,c0005,copypaste,left,upper,on_structure,lateral,large,2123858726,2820,2861,0,20,2820,0.18156,45,0.0781,0.1562,0.4434,0.8184,0.1754,0.3019,0.1031,0.2296,0.2476,0.3742,74,74.0,,49.12,,,1.3614,0.8956,,0.0,,,fraction_of_image,copy-paste,0.3,7.5,200,c0005_left_upper_on_structure_large,n0792,0,176,0.42,0.1401,0.0995,0.1331
c0005_left_mid_clear_small__cp,c0005,copypaste,left,mid,clear,medial,small,1045821375,2820,2861,0,20,2820,0.18156,45,0.0781,0.1562,0.4434,0.8184,0.3145,0.4873,0.2686,0.4414,0.3604,0.5332,47,47.0,,24.96,,,0.6493,1.1096,,0.0,,,fraction_of_image,copy-paste,0.3,7.5,200,c0005_left_mid_clear_small,n0244,0,85,0.553,-0.3601,0.024,0.0802
c0005_left_mid_moderate_small__cp,c0005,copypaste,left,mid,moderate,medial,small,1568759143,2820,2861,0,20,2820,0.18156,45,0.0781,0.1562,0.4434,0.8184,0.3683,0.4873,0.3224,0.4414,0.4142,0.5332,47,47.0,,37.94,,,0.772,1.1096,,0.0,,,fraction_of_image,copy-paste,0.3,7.5,200,c0005_left_mid_moderate_small,n0872,0,51,0.922,0.2652,0.0582,0.0955
c0005_left_mid_on_structure_small__cp,c0005,copypaste,left,mid,on_structure,lateral,small,357831380,2820,2861,0,20,2820,0.18156,45,0.0781,0.1562,0.4434,0.8184,0.1532,0.4873,0.1073,0.4414,0.1991,0.5332,47,47.0,,48.7,,,1.4076,1.1096,,0.0,,,fraction_of_image,copy-paste,0.3,7.5,200,c0005_left_mid_on_structure_small,n0057,0,211,0.223,0.4592,0.0498,0.154
c0005_left_mid_clear_medium__cp,c0005,copypaste,left,mid,clear,medial,medium,12521554,2820,2861,0,20,2820,0.18156,45,0.0781,0.1562,0.4434,0.8184,0.3092,0.4873,0.2506,0.4287,0.3678,0.5459,60,60.0,,29.85,,,0.6673,0.907,,0.0,,,fraction_of_image,copy-paste,0.3,7.5,200,c0005_left_mid_clear_medium,n0639,0,98,0.612,0.0622,0.0643,0.0776
c0005_left_mid_moderate_medium__cp,c0005,copypaste,left,mid,moderate,lateral,medium,1477979215,2820,2861,0,20,2820,0.18156,45,0.0781,0.1562,0.4434,0.8184,0.2365,0.4873,0.1779,0.4287,0.2951,0.5459,60,60.0,,40.81,,,0.7561,0.907,,0.0,,,fraction_of_image,copy-paste,0.3,7.5,200,c0005_left_mid_moderate_medium,n0451,0,130,0.462,-0.0537,-0.0817,0.0595
c0005_left_mid_on_structure_medium__cp,c0005,copypaste,left,mid,on_structure,lateral,medium,347577208,2820,2861,0,20,2820,0.18156,45,0.0781,0.1562,0.4434,0.8184,0.1639,0.4873,0.1053,0.4287,0.2225,0.5459,60,60.0,,53.74,,,1.2672,0.907,,0.0,,,fraction_of_image,copy-paste,0.3,7.5,200,c0005_left_mid_on_structure_medium,n1132,1,67,0.896,0.1021,0.0377,0.1653
c0005_left_mid_clear_large__cp,c0005,copypaste,left,mid,clear,medial,large,2134196004,2820,2861,0,20,2820,0.18156,45,0.0781,0.1562,0.4434,0.8184,0.3248,0.4873,0.2525,0.415,0.3971,0.5596,74,74.0,,35.6,,,0.6912,0.7211,,0.0,,,fraction_of_image,copy-paste,0.3,7.5,200,c0005_left_mid_clear_large,n0207,0,117,0.632,0.1196,0.1174,0.083
c0005_left_mid_moderate_large__cp,c0005,copypaste,left,mid,moderate,lateral,large,77189559,2820,2861,0,20,2820,0.18156,45,0.0781,0.1562,0.4434,0.8184,0.2394,0.4873,0.1671,0.415,0.3117,0.5596,74,74.0,,51.12,,,0.7643,0.7211,,0.0,,,fraction_of_image,copy-paste,0.3,7.5,200,c0005_left_mid_moderate_large,n1076,1,114,0.649,-0.069,0.099,0.0608
c0005_left_mid_on_structure_large__cp,c0005,copypaste,left,mid,on_structure,lateral,large,483327639,2820,2861,0,20,2820,0.18156,45,0.0781,0.1562,0.4434,0.8184,0.1754,0.4873,0.1031,0.415,0.2476,0.5596,74,74.0,,54.39,,,1.155,0.7211,,0.0,,,fraction_of_image,copy-paste,0.3,7.5,200,c0005_left_mid_on_structure_large,n0100,0,90,0.822,0.3035,0.0648,0.17
c0005_left_lower_clear_small__cp,c0005,copypaste,left,lower,clear,lateral,small,138132537,2820,2861,0,20,2820,0.18156,45,0.0781,0.1562,0.4434,0.8184,0.2339,0.6727,0.188,0.6268,0.2798,0.7186,47,47.0,,44.27,,,0.6227,0.4986,,0.0,,,fraction_of_image,copy-paste,0.3,7.5,200,c0005_left_lower_clear_small,n0694,1,208,0.226,0.1143,0.1053,0.103
c0005_left_lower_moderate_small__cp,c0005,copypaste,left,lower,moderate,medial,small,1038658335,2820,2861,0,20,2820,0.18156,45,0.0781,0.1562,0.4434,0.8184,0.3414,0.6727,0.2955,0.6268,0.3873,0.7186,47,47.0,,43.57,,,0.775,0.4986,,0.0,,,fraction_of_image,copy-paste,0.3,7.5,200,c0005_left_lower_moderate_small,n0648,0,47,1.0,0.2362,0.0598,0.1328
c0005_left_lower_on_structure_small__cp,c0005,copypaste,left,lower,on_structure,lateral,small,1395921628,2820,2861,0,20,2820,0.18156,45,0.0781,0.1562,0.4434,0.8184,0.1398,0.6727,0.0939,0.6268,0.1857,0.7186,47,47.0,,60.87,,,0.8815,0.4986,,0.0,,,fraction_of_image,copy-paste,0.3,7.5,200,c0005_left_lower_on_structure_small,n1014,0,88,0.534,0.0503,0.0692,0.1327
c0005_left_lower_clear_medium__cp,c0005,copypaste,left,lower,clear,lateral,medium,282500416,2820,2861,0,20,2820,0.18156,45,0.0781,0.1562,0.4434,0.8184,0.1881,0.6727,0.1295,0.6141,0.2467,0.7313,60,60.0,,50.71,,,0.6506,0.298,,0.1725,,,fraction_of_image,copy-paste,0.3,7.5,200,c0005_left_lower_clear_medium,n0324,0,73,0.822,-0.1252,0.0705,0.0764
c0005_left_lower_moderate_medium__cp,c0005,copypaste,left,lower,moderate,lateral,medium,1780294462,2820,2861,0,20,2820,0.18156,45,0.0781,0.1562,0.4434,0.8184,0.1518,0.6727,0.0932,0.6141,0.2104,0.7313,60,60.0,,52.05,,,0.8077,0.298,,0.1725,,,fraction_of_image,copy-paste,0.3,7.5,200,c0005_left_lower_moderate_medium,n1022,0,107,0.561,-0.2312,0.0086,0.1252
c0005_left_lower_on_structure_medium__cp,c0005,copypaste,left,lower,on_structure,medial,medium,1529952528,2820,2861,0,20,2820,0.18156,45,0.0781,0.1562,0.4434,0.8184,0.3697,0.6727,0.3111,0.6141,0.4283,0.7313,60,60.0,,46.3,,,0.8482,0.298,,0.0,,,fraction_of_image,copy-paste,0.3,7.5,200,c0005_left_lower_on_structure_medium,n0763,0,134,0.448,0.2641,0.0949,0.157
c0005_left_lower_clear_large__cp,c0005,copypaste,left,lower,clear,lateral,large,223602747,2820,2861,0,20,2820,0.18156,45,0.0781,0.1562,0.4434,0.8184,0.2074,0.6727,0.1351,0.6004,0.2796,0.745,74,74.0,,52.02,,,0.7049,0.2055,,0.4985,,,fraction_of_image,copy-paste,0.3,7.5,200,c0005_left_lower_clear_large,n1016,0,119,0.622,-0.1449,0.0247,0.121
c0005_left_lower_moderate_large__cp,c0005,copypaste,left,lower,moderate,lateral,large,1467166141,2820,2861,0,20,2820,0.18156,45,0.0781,0.1562,0.4434,0.8184,0.2607,0.6727,0.1885,0.6004,0.333,0.745,74,74.0,,45.04,,,0.8286,0.2055,,0.4985,,,fraction_of_image,copy-paste,0.3,7.5,200,c0005_left_lower_moderate_large,n0207,0,117,0.632,0.2272,0.1174,0.1624
c0005_left_lower_on_structure_large__cp,c0005,copypaste,left,lower,on_structure,medial,large,2113461084,2820,2861,0,20,2820,0.18156,45,0.0781,0.1562,0.4434,0.8184,0.2928,0.6727,0.2205,0.6004,0.365,0.745,74,74.0,,45.6,,,0.8737,0.2055,,0.0,,,fraction_of_image,copy-paste,0.3,7.5,200,c0005_left_lower_on_structure_large,n0866,0,77,0.961,-0.2854,0.0447,0.1682
c0005_right_upper_clear_small__cp,c0005,copypaste,right,upper,clear,medial,small,637299700,2820,2861,0,20,2820,0.18156,45,0.5332,0.1406,0.8965,0.834,0.6214,0.2932,0.5755,0.2473,0.6673,0.3391,47,47.0,,24.61,,,0.34,0.9988,,0.0,,,fraction_of_image,copy-paste,0.3,7.5,200,c0005_right_upper_clear_small,n1073,0,186,0.253,-0.157,0.1162,0.0883
c0005_right_upper_moderate_small__cp,c0005,copypaste,right,upper,moderate,medial,small,703880038,2820,2861,0,20,2820,0.18156,45,0.5332,0.1406,0.8965,0.834,0.7148,0.2932,0.6689,0.2473,0.7607,0.3391,47,47.0,,58.95,,,0.6347,0.9988,,0.0,,,fraction_of_image,copy-paste,0.3,7.5,200,c0005_right_upper_moderate_small,n0052,0,95,0.495,0.078,0.1386,0.0895
c0005_right_upper_on_structure_small__cp,c0005,copypaste,right,upper,on_structure,lateral,small,945374682,2820,2861,0,20,2820,0.18156,45,0.5332,0.1406,0.8965,0.834,0.7816,0.2932,0.7357,0.2473,0.8275,0.3391,47,47.0,,41.61,,,1.2588,0.9988,,0.0,,,fraction_of_image,copy-paste,0.3,7.5,200,c0005_right_upper_on_structure_small,n0405,0,73,0.644,0.3856,0.0358,0.1186
c0005_right_upper_clear_medium__cp,c0005,copypaste,right,upper,clear,medial,medium,2081667288,2820,2861,0,20,2820,0.18156,45,0.5332,0.1406,0.8965,0.834,0.6188,0.2932,0.5602,0.2346,0.6773,0.3518,60,60.0,,45.7,,,0.3605,0.9262,,0.0,,,fraction_of_image,copy-paste,0.3,7.5,200,c0005_right_upper_clear_medium,n0713,0,161,0.373,-0.1759,0.0532,0.0843
c0005_right_upper_moderate_medium__cp,c0005,copypaste,right,upper,moderate,medial,medium,1801421276,2820,2861,0,20,2820,0.18156,45,0.5332,0.1406,0.8965,0.834,0.7148,0.2932,0.6562,0.2346,0.7734,0.3518,60,60.0,,62.8,,,0.6426,0.9262,,0.0,,,fraction_of_image,copy-paste,0.3,7.5,200,c0005_right_upper_moderate_medium,n0121,0,70,0.857,0.1914,0.1207,0.0991
c0005_right_upper_on_structure_medium__cp,c0005,copypaste,right,upper,on_structure,lateral,medium,733390040,2820,2861,0,20,2820,0.18156,45,0.5332,0.1406,0.8965,0.834,0.7869,0.2932,0.7283,0.2346,0.8455,0.3518,60,60.0,,50.06,,,1.2485,0.9262,,0.0,,,fraction_of_image,copy-paste,0.3,7.5,200,c0005_right_upper_on_structure_medium,n0574,0,121,0.496,0.3993,0.0908,0.1169
c0005_right_upper_clear_large__cp,c0005,copypaste,right,upper,clear,medial,large,1742643343,2820,2861,0,20,2820,0.18156,45,0.5332,0.1406,0.8965,0.834,0.6197,0.2932,0.5474,0.2209,0.6919,0.3654,74,74.0,,56.76,,,0.3787,0.8734,,0.0,,,fraction_of_image,copy-paste,0.3,7.5,200,c0005_right_upper_clear_large,n0692,0,132,0.561,-0.2008,0.0089,0.0842
c0005_right_upper_moderate_large__cp,c0005,copypaste,right,upper,moderate,medial,large,1539574166,2820,2861,0,20,2820,0.18156,45,0.5332,0.1406,0.8965,0.834,0.7148,0.2932,0.6426,0.2209,0.7871,0.3654,74,74.0,,58.4,,,0.6565,0.8734,,0.0,,,fraction_of_image,copy-paste,0.3,7.5,200,c0005_right_upper_moderate_large,n0877,0,117,0.632,0.1359,0.0705,0.1256
c0005_right_upper_on_structure_large__cp,c0005,copypaste,right,upper,on_structure,lateral,large,577650685,2820,2861,0,20,2820,0.18156,45,0.5332,0.1406,0.8965,0.834,0.7995,0.2932,0.7272,0.2209,0.8717,0.3654,74,74.0,,52.49,,,1.2342,0.8734,,0.0,,,fraction_of_image,copy-paste,0.3,7.5,200,c0005_right_upper_on_structure_large,n1059,1,149,0.497,0.2059,-0.0154,0.1088
c0005_right_mid_clear_small__cp,c0005,copypaste,right,mid,clear,medial,small,532428166,2820,2861,0,20,2820,0.18156,45,0.5332,0.1406,0.8965,0.834,0.6882,0.4873,0.6423,0.4414,0.7341,0.5332,47,47.0,,26.31,,,0.5917,0.8801,,0.0,,,fraction_of_image,copy-paste,0.3,7.5,200,c0005_right_mid_clear_small,n0458,0,116,0.405,-0.0677,0.1606,0.0781
c0005_right_mid_moderate_small__cp,c0005,copypaste,right,mid,moderate,medial,small,782195766,2820,2861,0,20,2820,0.18156,45,0.5332,0.1406,0.8965,0.834,0.6481,0.4873,0.6022,0.4414,0.694,0.5332,47,47.0,,34.06,,,0.6944,0.8801,,0.0,,,fraction_of_image,copy-paste,0.3,7.5,200,c0005_right_mid_moderate_small,n0494,0,89,0.528,-0.2337,0.0875,0.1012
c0005_right_mid_on_structure_small__cp,c0005,copypaste,right,mid,on_structure,lateral,small,2059066492,2820,2861,0,20,2820,0.18156,45,0.5332,0.1406,0.8965,0.834,0.8216,0.4873,0.7757,0.4414,0.8675,0.5332,47,47.0,,56.11,,,1.0957,0.8801,,0.0,,,fraction_of_image,copy-paste,0.3,7.5,200,c0005_right_mid_on_structure_small,n0527,0,66,0.712,0.0646,0.0627,0.1857
c0005_right_mid_clear_medium__cp,c0005,copypaste,right,mid,clear,medial,medium,583029112,2820,2861,0,20,2820,0.18156,45,0.5332,0.1406,0.8965,0.834,0.7028,0.4873,0.6442,0.4287,0.7614,0.5459,60,60.0,,30.61,,,0.5979,0.6845,,0.0,,,fraction_of_image,copy-paste,0.3,7.5,200,c0005_right_mid_clear_medium,n1086,0,116,0.517,-0.19,0.027,0.0695
c0005_right_mid_moderate_medium__cp,c0005,copypaste,right,mid,moderate,lateral,medium,1456470347,2820,2861,0,20,2820,0.18156,45,0.5332,0.1406,0.8965,0.834,0.7749,0.4873,0.7163,0.4287,0.8335,0.5459,60,60.0,,61.93,,,0.6594,0.6845,,0.0,,,fraction_of_image,copy-paste,0.3,7.5,200,c0005_right_mid_moderate_medium,n0204,0,83,0.723,-0.0079,0.0798,0.0683
c0005_right_mid_on_structure_medium__cp,c0005,copypaste,right,mid,on_structure,lateral,medium,1923965600,2820,2861,0,20,2820,0.18156,45,0.5332,0.1406,0.8965,0.834,0.8109,0.4873,0.7523,0.4287,0.8695,0.5459,60,60.0,,60.31,,,0.9747,0.6845,,0.0,,,fraction_of_image,copy-paste,0.3,7.5,200,c0005_right_mid_on_structure_medium,n0566,0,129,0.465,0.2381,0.0309,0.1861
c0005_right_mid_clear_large__cp,c0005,copypaste,right,mid,clear,medial,large,1294087622,2820,2861,0,20,2820,0.18156,45,0.5332,0.1406,0.8965,0.834,0.7148,0.4873,0.6426,0.415,0.7871,0.5596,74,74.0,,42.45,,,0.6035,0.516,,0.0,,,fraction_of_image,copy-paste,0.3,7.5,200,c0005_right_mid_clear_large,n0052,0,95,0.779,0.0562,0.1388,0.0635
c0005_right_mid_moderate_large__cp,c0005,copypaste,right,mid,moderate,medial,large,192911922,2820,2861,0,20,2820,0.18156,45,0.5332,0.1406,0.8965,0.834,0.6514,0.4873,0.5791,0.415,0.7237,0.5596,74,74.0,,57.63,,,0.6577,0.516,,0.0,,,fraction_of_image,copy-paste,0.3,7.5,200,c0005_right_mid_moderate_large,n0478,0,81,0.914,0.1154,0.0477,0.1007
c0005_right_mid_on_structure_large__cp,c0005,copypaste,right,mid,on_structure,lateral,large,614396659,2820,2861,0,20,2820,0.18156,45,0.5332,0.1406,0.8965,0.834,0.7995,0.4873,0.7272,0.415,0.8717,0.5596,74,74.0,,61.12,,,0.8852,0.516,,0.0,,,fraction_of_image,copy-paste,0.3,7.5,200,c0005_right_mid_on_structure_large,n1076,0,90,0.822,0.3352,0.1618,0.1766
c0005_right_lower_clear_small__cp,c0005,copypaste,right,lower,clear,lateral,small,874987943,2820,2861,0,20,2820,0.18156,45,0.5332,0.1406,0.8965,0.834,0.8083,0.6814,0.7624,0.6355,0.8542,0.7273,47,47.0,,48.37,,,0.6346,0.7181,,0.0,,,fraction_of_image,copy-paste,0.3,7.5,200,c0005_right_lower_clear_small,n0692,0,132,0.356,-0.0839,0.0093,0.097
c0005_right_lower_moderate_small__cp,c0005,copypaste,right,lower,moderate,medial,small,410778554,2820,2861,0,20,2820,0.18156,45,0.5332,0.1406,0.8965,0.834,0.7148,0.6814,0.6689,0.6355,0.7607,0.7273,47,47.0,,47.94,,,1.0415,0.7181,,0.0,,,fraction_of_image,copy-paste,0.3,7.5,200,c0005_right_lower_moderate_small,n0385,0,49,0.959,0.1089,0.0608,0.0938
c0005_right_lower_on_structure_small__cp,c0005,copypaste,right,lower,on_structure,medial,small,546530280,2820,2861,0,20,2820,0.18156,45,0.5332,0.1406,0.8965,0.834,0.6348,0.6814,0.5889,0.6355,0.6807,0.7273,47,47.0,,27.59,,,1.283,0.7181,,0.0711,,,fraction_of_image,copy-paste,0.3,7.5,200,c0005_right_lower_on_structure_small,n1129,0,62,0.758,0.0981,0.0277,0.0655
c0005_right_lower_clear_medium__cp,c0005,copypaste,right,lower,clear,lateral,medium,1952293878,2820,2861,0,20,2820,0.18156,45,0.5332,0.1406,0.8965,0.834,0.7749,0.6814,0.7163,0.6229,0.8335,0.74,60,60.0,,41.36,,,0.6526,0.624,,0.0,,,fraction_of_image,copy-paste,0.3,7.5,200,c0005_right_lower_clear_medium,n0670,0,100,0.6,0.0524,0.0767,0.1058
c0005_right_lower_moderate_medium__cp,c0005,copypaste,right,lower,moderate,medial,medium,824493206,2820,2861,0,20,2820,0.18156,45,0.5332,0.1406,0.8965,0.834,0.7148,0.6814,0.6562,0.6229,0.7734,0.74,60,60.0,,46.01,,,1.0183,0.624,,0.0711,,,fraction_of_image,copy-paste,0.3,7.5,200,c0005_right_lower_moderate_medium,n1081,0,66,0.909,0.0075,0.1052,0.1093
c0005_right_lower_on_structure_medium__cp,c0005,copypaste,right,lower,on_structure,medial,medium,1509017808,2820,2861,0,20,2820,0.18156,45,0.5332,0.1406,0.8965,0.834,0.6308,0.6814,0.5722,0.6229,0.6894,0.74,60,60.0,,32.74,,,1.2323,0.624,,0.0711,,,fraction_of_image,copy-paste,0.3,7.5,200,c0005_right_lower_on_structure_medium,n0021,0,90,0.667,-0.1303,0.0487,0.0912
c0005_right_lower_clear_large__cp,c0005,copypaste,right,lower,clear,lateral,large,2130059814,2820,2861,0,20,2820,0.18156,45,0.5332,0.1406,0.8965,0.834,0.7995,0.6814,0.7272,0.6092,0.8717,0.7537,74,74.0,,51.91,,,0.677,0.5363,,0.0,,,fraction_of_image,copy-paste,0.3,7.5,200,c0005_right_lower_clear_large,n0515,0,92,0.804,0.1481,0.2085,0.1115
c0005_right_lower_moderate_large__cp,c0005,copypaste,right,lower,moderate,medial,large,171504216,2820,2861,0,20,2820,0.18156,45,0.5332,0.1406,0.8965,0.834,0.7148,0.6814,0.6426,0.6092,0.7871,0.7537,74,74.0,,46.12,,,1.0041,0.5363,,0.0711,,,fraction_of_image,copy-paste,0.3,7.5,200,c0005_right_lower_moderate_large,n0942,0,96,0.771,-0.1218,-0.0177,0.1325
c0005_right_lower_on_structure_large__cp,c0005,copypaste,right,lower,on_structure,medial,large,1005600794,2820,2861,0,20,2820,0.18156,45,0.5332,0.1406,0.8965,0.834,0.662,0.6814,0.5897,0.6092,0.7342,0.7537,74,74.0,,48.56,,,1.1907,0.5363,,0.0711,,,fraction_of_image,copy-paste,0.3,7.5,200,c0005_right_lower_on_structure_large,n0866,0,77,0.961,-0.1701,0.0447,0.1092
c0006_left_upper_clear_small__cp,c0006,copypaste,left,upper,clear,medial,small,456077643,1716,1768,0,26,1716,0.29837,40,0.1836,0.1113,0.4863,0.6719,0.3762,0.2346,0.3303,0.1888,0.4221,0.2805,47,47.0,,32.8,,,0.502,1.1608,,0.0,,,fraction_of_image,copy-paste,0.3,7.5,200,c0006_left_upper_clear_small,n0453,0,79,0.595,-0.3483,0.0218,0.081
c0006_left_upper_moderate_small__cp,c0006,copypaste,left,upper,moderate,lateral,small,1724182408,1716,1768,0,26,1716,0.29837,40,0.1836,0.1113,0.4863,0.6719,0.3143,0.2346,0.2684,0.1888,0.3602,0.2805,47,47.0,,61.84,,,0.7355,1.1608,,0.0,,,fraction_of_image,copy-paste,0.3,7.5,200,c0006_left_upper_moderate_small,n0554,0,107,0.439,0.2081,0.0678,0.1083
c0006_left_upper_on_structure_small__cp,c0006,copypaste,left,upper,on_structure,lateral,small,1184138886,1716,1768,0,26,1716,0.29837,40,0.1836,0.1113,0.4863,0.6719,0.2318,0.2346,0.1859,0.1888,0.2777,0.2805,47,47.0,,44.46,,,1.6117,1.1608,,0.0,,,fraction_of_image,copy-paste,0.3,7.5,200,c0006_left_upper_on_structure_small,n0470,0,153,0.307,0.0794,0.0195,0.1098
c0006_left_upper_clear_medium__cp,c0006,copypaste,left,upper,clear,medial,medium,1234393580,1716,1768,0,26,1716,0.29837,40,0.1836,0.1113,0.4863,0.6719,0.3799,0.2346,0.3213,0.1761,0.4385,0.2932,60,60.0,,44.63,,,0.5515,1.0214,,0.0,,,fraction_of_image,copy-paste,0.3,7.5,200,c0006_left_upper_clear_medium,n0594,0,73,0.822,0.0355,0.0645,0.1127
c0006_left_upper_moderate_medium__cp,c0006,copypaste,left,upper,moderate,lateral,medium,621293381,1716,1768,0,26,1716,0.29837,40,0.1836,0.1113,0.4863,0.6719,0.326,0.2346,0.2674,0.1761,0.3846,0.2932,60,60.0,,54.2,,,0.6991,1.0214,,0.0,,,fraction_of_image,copy-paste,0.3,7.5,200,c0006_left_upper_moderate_medium,n0242,0,79,0.759,0.1747,0.1059,0.1167
c0006_left_upper_on_structure_medium__cp,c0006,copypaste,left,upper,on_structure,lateral,medium,1631236559,1716,1768,0,26,1716,0.29837,40,0.1836,0.1113,0.4863,0.6719,0.2631,0.2346,0.2045,0.1761,0.3217,0.2932,60,60.0,,54.14,,,1.459,1.0214,,0.0,,,fraction_of_image,copy-paste,0.3,7.5,200,c0006_left_upper_on_structure_medium,n0899,1,119,0.504,-0.0656,0.0902,0.1631
c0006_left_upper_clear_large__cp,c0006,copypaste,left,upper,clear,medial,large,1876257438,1716,1768,0,26,1716,0.29837,40,0.1836,0.1113,0.4863,0.6719,0.3727,0.2346,0.3004,0.1624,0.445,0.3069,74,74.0,,53.4,,,0.5945,0.8269,,0.0,,,fraction_of_image,copy-paste,0.3,7.5,200,c0006_left_upper_clear_large,n0084,0,79,0.937,-0.1866,0.0452,0.1277
c0006_left_upper_moderate_large__cp,c0006,copypaste,left,upper,moderate,lateral,large,1515760195,1716,1768,0,26,1716,0.29837,40,0.1836,0.1113,0.4863,0.6719,0.335,0.2346,0.2627,0.1624,0.4072,0.3069,74,74.0,,50.46,,,0.6955,0.8269,,0.0,,,fraction_of_image,copy-paste,0.3,7.5,200,c0006_left_upper_moderate_large,n0470,0,153,0.484,-0.1037,0.0191,0.1329
c0006_left_upper_on_structure_large__cp,c0006,copypaste,left,upper,on_structure,lateral,large,1398336247,1716,1768,0,26,1716,0.29837,40,0.1836,0.1113,0.4863,0.6719,0.2746,0.2346,0.2023,0.1624,0.3468,0.3069,74,74.0,,51.21,,,1.3108,0.8269,,0.0,,,fraction_of_image,copy-paste,0.3,7.5,200,c0006_left_upper_on_structure_large,n0304,0,216,0.343,-0.0051,0.0017,0.1861
c0006_left_mid_clear_small__cp,c0006,copypaste,left,mid,clear,medial,small,1610342442,1716,1768,0,26,1716,0.29837,40,0.1836,0.1113,0.4863,0.6719,0.3659,0.3916,0.32,0.3457,0.4118,0.4375,47,47.0,,33.49,,,0.5541,0.61,,0.0,,,fraction_of_image,copy-paste,0.3,7.5,200,c0006_left_mid_clear_small,n0832,0,59,0.797,-0.1371,0.121,0.0889
c0006_left_mid_moderate_small__cp,c0006,copypaste,left,mid,moderate,lateral,small,1526748329,1716,1768,0,26,1716,0.29837,40,0.1836,0.1113,0.4863,0.6719,0.304,0.3916,0.2581,0.3457,0.3499,0.4375,47,47.0,,29.95,,,0.7815,0.61,,0.0,,,fraction_of_image,copy-paste,0.3,7.5,200,c0006_left_mid_moderate_small,n0849,0,63,0.746,-0.0169,0.1023,0.0667
c0006_left_mid_on_structure_small__cp,c0006,copypaste,left,mid,on_structure,lateral,small,1790018175,1716,1768,0,26,1716,0.29837,40,0.1836,0.1113,0.4863,0.6719,0.2524,0.3916,0.2065,0.3457,0.2983,0.4375,47,47.0,,53.85,,,0.9711,0.61,,0.0,,,fraction_of_image,copy-paste,0.3,7.5,200,c0006_left_mid_on_structure_small,n0804,0,160,0.294,-0.0413,0.0316,0.0761
c0006_left_mid_clear_medium__cp,c0006,copypaste,left,mid,clear,medial,medium,733820186,1716,1768,0,26,1716,0.29837,40,0.1836,0.1113,0.4863,0.6719,0.3619,0.3916,0.3033,0.333,0.4205,0.4502,60,60.0,,31.28,,,0.5287,0.5352,,0.0,,,fraction_of_image,copy-paste,0.3,7.5,200,c0006_left_mid_clear_medium,n1053,0,123,0.488,-0.1819,-0.032,0.0866
c0006_left_mid_moderate_medium__cp,c0006,copypaste,left,mid,moderate,lateral,medium,119811071,1716,1768,0,26,1716,0.29837,40,0.1836,0.1113,0.4863,0.6719,0.317,0.3916,0.2584,0.333,0.3756,0.4502,60,60.0,,32.53,,,0.7135,0.5352,,0.0,,,fraction_of_image,copy-paste,0.3,7.5,200,c0006_left_mid_moderate_medium,n1060,0,212,0.283,-0.239,0.0823,0.0911
c0006_left_mid_on_structure_medium__cp,c0006,copypaste,left,mid,on_structure,lateral,medium,164502184,1716,1768,0,26,1716,0.29837,40,0.1836,0.1113,0.4863,0.6719,0.2631,0.3916,0.2045,0.333,0.3217,0.4502,60,60.0,,58.96,,,0.9626,0.5352,,0.0,,,fraction_of_image,copy-paste,0.3,7.5,200,c0006_left_mid_on_structure_medium,n0193,0,110,0.545,0.0049,0.1528,0.0771
c0006_left_mid_clear_large__cp,c0006,copypaste,left,mid,clear,medial,large,770413304,1716,1768,0,26,1716,0.29837,40,0.1836,0.1113,0.4863,0.6719,0.3803,0.3916,0.308,0.3193,0.4525,0.4639,74,74.0,,41.04,,,0.5339,0.4878,,0.0,,,fraction_of_image,copy-paste,0.3,7.5,200,c0006_left_mid_clear_large,n0134,0,107,0.692,-0.2483,0.0236,0.1089
c0006_left_mid_moderate_large__cp,c0006,copypaste,left,mid,moderate,medial,large,883724403,1716,1768,0,26,1716,0.29837,40,0.1836,0.1113,0.4863,0.6719,0.4029,0.3916,0.3306,0.3193,0.4752,0.4639,74,74.0,,53.03,,,0.6654,0.4878,,0.0,,,fraction_of_image,copy-paste,0.3,7.5,200,c0006_left_mid_moderate_large,n0152,0,100,0.74,-0.1711,0.0347,0.1391
c0006_left_mid_on_structure_large__cp,c0006,copypaste,left,mid,on_structure,lateral,large,858306557,1716,1768,0,26,1716,0.29837,40,0.1836,0.1113,0.4863,0.6719,0.2746,0.3916,0.2023,0.3193,0.3468,0.4639,74,74.0,,60.83,,,0.944,0.4878,,0.0,,,fraction_of_image,copy-paste,0.3,7.5,200,c0006_left_mid_on_structure_large,n0821,1,153,0.484,-0.1243,0.0243,0.0805
c0006_left_lower_clear_small__cp,c0006,copypaste,left,lower,clear,medial,small,1575327087,1716,1768,0,26,1716,0.29837,40,0.1836,0.1113,0.4863,0.6719,0.3556,0.5486,0.3097,0.5027,0.4015,0.5945,47,47.0,,27.49,,,0.7329,0.3032,,0.0,,,fraction_of_image,copy-paste,0.3,7.5,200,c0006_left_lower_clear_small,n1103,0,90,0.522,-0.2531,0.0197,0.0899
c0006_left_lower_moderate_small__cp,c0006,copypaste,left,lower,moderate,lateral,small,1303090654,1716,1768,0,26,1716,0.29837,40,0.1836,0.1113,0.4863,0.6719,0.3143,0.5486,0.2684,0.5027,0.3602,0.5945,47,47.0,,23.85,,,0.8779,0.3032,,0.0,,,fraction_of_image,copy-paste,0.3,7.5,200,c0006_left_lower_moderate_small,n1055,2,56,0.839,-0.2301,0.0586,0.0713
c0006_left_lower_on_structure_small__cp,c0006,copypaste,left,lower,on_structure,lateral,small,1905935388,1716,1768,0,26,1716,0.29837,40,0.1836,0.1113,0.4863,0.6719,0.2318,0.5486,0.1859,0.5027,0.2777,0.5945,47,47.0,,57.36,,,1.0137,0.3032,,0.0,,,fraction_of_image,copy-paste,0.3,7.5,200,c0006_left_lower_on_structure_small,n0750,2,51,0.922,0.1638,0.0425,0.0714
c0006_left_lower_clear_medium__cp,c0006,copypaste,left,lower,clear,medial,medium,1193058890,1716,1768,0,26,1716,0.29837,40,0.1836,0.1113,0.4863,0.6719,0.3799,0.5486,0.3213,0.49,0.4385,0.6071,60,60.0,,33.65,,,0.7576,0.238,,0.0,,,fraction_of_image,copy-paste,0.3,7.5,200,c0006_left_lower_clear_medium,n1101,0,61,0.984,0.1588,0.0595,0.0988
c0006_left_lower_moderate_medium__cp,c0006,copypaste,left,lower,moderate,lateral,medium,1133681652,1716,1768,0,26,1716,0.29837,40,0.1836,0.1113,0.4863,0.6719,0.326,0.5486,0.2674,0.49,0.3846,0.6071,60,60.0,,26.25,,,0.8629,0.238,,0.0,,,fraction_of_image,copy-paste,0.3,7.5,200,c0006_left_lower_moderate_medium,n0981,0,92,0.652,-0.0191,0.0971,0.0854
c0006_left_lower_on_structure_medium__cp,c0006,copypaste,left,lower,on_structure,lateral,medium,186897199,1716,1768,0,26,1716,0.29837,40,0.1836,0.1113,0.4863,0.6719,0.2721,0.5486,0.2135,0.49,0.3307,0.6071,60,60.0,,41.02,,,0.9881,0.238,,0.0,,,fraction_of_image,copy-paste,0.3,7.5,200,c0006_left_lower_on_structure_medium,n0020,0,172,0.349,0.0417,0.0431,0.0685
c0006_left_lower_clear_large__cp,c0006,copypaste,left,lower,clear,medial,large,593169912,1716,1768,0,26,1716,0.29837,40,0.1836,0.1113,0.4863,0.6719,0.4029,0.5486,0.3306,0.4763,0.4752,0.6208,74,74.0,,49.04,,,0.7698,0.2036,,0.0,,,fraction_of_image,copy-paste,0.3,7.5,200,c0006_left_lower_clear_large,n0141,0,82,0.902,0.0366,0.0824,0.1173
c0006_left_lower_moderate_large__cp,c0006,copypaste,left,lower,moderate,lateral,large,947196773,1716,1768,0,26,1716,0.29837,40,0.1836,0.1113,0.4863,0.6719,0.335,0.5486,0.2627,0.4763,0.4072,0.6208,74,74.0,,35.08,,,0.8587,0.2036,,0.0,,,fraction_of_image,copy-paste,0.3,7.5,200,c0006_left_lower_moderate_large,n0976,2,103,0.718,-0.3695,0.0181,0.0889
c0006_left_lower_on_structure_large__cp,c0006,copypaste,left,lower,on_structure,lateral,large,175723812,1716,1768,0,26,1716,0.29837,40,0.1836,0.1113,0.4863,0.6719,0.2746,0.5486,0.2023,0.4763,0.3468,0.6208,74,74.0,,53.06,,,0.9513,0.2036,,0.0,,,fraction_of_image,copy-paste,0.3,7.5,200,c0006_left_lower_on_structure_large,n0089,0,127,0.583,-0.1453,0.0716,0.0703
c0006_right_upper_clear_small__cp,c0006,copypaste,right,upper,clear,medial,small,1013589812,1716,1768,0,26,1716,0.29837,40,0.5723,0.1172,0.8945,0.748,0.6995,0.256,0.6536,0.2101,0.7454,0.3019,47,47.0,,25.1,,,0.5,0.9961,,0.0,,,fraction_of_image,copy-paste,0.3,7.5,200,c0006_right_upper_clear_small,n1112,0,116,0.405,-0.0112,0.0616,0.0928
c0006_right_upper_moderate_small__cp,c0006,copypaste,right,upper,moderate,medial,small,1549642871,1716,1768,0,26,1716,0.29837,40,0.5723,0.1172,0.8945,0.748,0.6318,0.256,0.5859,0.2101,0.6777,0.3019,47,47.0,,42.49,,,0.5923,0.9961,,0.0,,,fraction_of_image,copy-paste,0.3,7.5,200,c0006_right_upper_moderate_small,n0931,0,125,0.376,-0.4314,0.0499,0.0881
c0006_right_upper_on_structure_small__cp,c0006,copypaste,right,upper,on_structure,lateral,small,1159631400,1716,1768,0,26,1716,0.29837,40,0.5723,0.1172,0.8945,0.748,0.8463,0.256,0.8004,0.2101,0.8922,0.3019,47,47.0,,36.35,,,1.4689,0.9961,,0.0,,,fraction_of_image,copy-paste,0.3,7.5,200,c0006_right_upper_on_structure_small,n1087,0,61,0.77,0.3203,0.0927,0.0766
c0006_right_upper_clear_medium__cp,c0006,copypaste,right,upper,clear,medial,medium,708532851,1716,1768,0,26,1716,0.29837,40,0.5723,0.1172,0.8945,0.748,0.7135,0.256,0.6549,0.1974,0.7721,0.3146,60,60.0,,48.99,,,0.4987,0.9756,,0.0,,,fraction_of_image,copy-paste,0.3,7.5,200,c0006_right_upper_clear_medium,n0406,0,158,0.38,0.0388,0.041,0.0794
c0006_right_upper_moderate_medium__cp,c0006,copypaste,right,upper,moderate,medial,medium,149180990,1716,1768,0,26,1716,0.29837,40,0.5723,0.1172,0.8945,0.748,0.6438,0.256,0.5852,0.1974,0.7023,0.3146,60,60.0,,51.01,,,0.5664,0.9756,,0.0,,,fraction_of_image,copy-paste,0.3,7.5,200,c0006_right_upper_moderate_medium,n0160,0,97,0.619,-0.357,0.0156,0.0952
c0006_right_upper_on_structure_medium__cp,c0006,copypaste,right,upper,on_structure,lateral,medium,1674721170,1716,1768,0,26,1716,0.29837,40,0.5723,0.1172,0.8945,0.748,0.8131,0.256,0.7545,0.1974,0.8717,0.3146,60,60.0,,48.28,,,1.371,0.9756,,0.0,,,fraction_of_image,copy-paste,0.3,7.5,200,c0006_right_upper_on_structure_medium,n0582,0,119,0.504,-0.0051,0.072,0.1483
c0006_right_upper_clear_large__cp,c0006,copypaste,right,upper,clear,medial,large,349753442,1716,1768,0,26,1716,0.29837,40,0.5723,0.1172,0.8945,0.748,0.6822,0.256,0.61,0.1837,0.7545,0.3282,74,74.0,,49.73,,,0.5073,0.852,,0.0,,,fraction_of_image,copy-paste,0.3,7.5,200,c0006_right_upper_clear_large,n1104,0,90,0.822,-0.3918,0.0428,0.0846
c0006_right_upper_moderate_large__cp,c0006,copypaste,right,upper,moderate,medial,large,1487147873,1716,1768,0,26,1716,0.29837,40,0.5723,0.1172,0.8945,0.748,0.7334,0.256,0.6611,0.1837,0.8057,0.3282,74,74.0,,53.52,,,0.5606,0.852,,0.0,,,fraction_of_image,copy-paste,0.3,7.5,200,c0006_right_upper_moderate_large,n0411,0,85,0.871,-0.1836,0.0733,0.094
c0006_right_upper_on_structure_large__cp,c0006,copypaste,right,upper,on_structure,lateral,large,1990074090,1716,1768,0,26,1716,0.29837,40,0.5723,0.1172,0.8945,0.748,0.8016,0.256,0.7293,0.1837,0.8739,0.3282,74,74.0,,49.49,,,1.2193,0.852,,0.0,,,fraction_of_image,copy-paste,0.3,7.5,200,c0006_right_upper_on_structure_large,n1016,0,119,0.622,-0.1222,0.0247,0.1872
c0006_right_mid_clear_small__cp,c0006,copypaste,right,mid,clear,lateral,small,1489472618,1716,1768,0,26,1716,0.29837,40,0.5723,0.1172,0.8945,0.748,0.7447,0.4326,0.6988,0.3867,0.7906,0.4785,47,47.0,,29.3,,,0.4882,0.9986,,0.0,,,fraction_of_image,copy-paste,0.3,7.5,200,c0006_right_mid_clear_small,n0423,0,118,0.398,-0.0454,0.1136,0.0684
c0006_right_mid_moderate_small__cp,c0006,copypaste,right,mid,moderate,medial,small,1241730173,1716,1768,0,26,1716,0.29837,40,0.5723,0.1172,0.8945,0.748,0.6656,0.4326,0.6197,0.3867,0.7115,0.4785,47,47.0,,38.94,,,0.7126,0.9986,,0.0,,,fraction_of_image,copy-paste,0.3,7.5,200,c0006_right_mid_moderate_small,n0927,2,139,0.338,0.0232,0.1066,0.1207
c0006_right_mid_on_structure_small__cp,c0006,copypaste,right,mid,on_structure,lateral,small,341091193,1716,1768,0,26,1716,0.29837,40,0.5723,0.1172,0.8945,0.748,0.8238,0.4326,0.7779,0.3867,0.8696,0.4785,47,47.0,,52.76,,,1.136,0.9986,,0.0,,,fraction_of_image,copy-paste,0.3,7.5,200,c0006_right_mid_on_structure_small,n0242,1,106,0.443,0.1842,0.0864,0.111
c0006_right_mid_clear_medium__cp,c0006,copypaste,right,mid,clear,medial,medium,1951256913,1716,1768,0,26,1716,0.29837,40,0.5723,0.1172,0.8945,0.748,0.7234,0.4326,0.6648,0.374,0.782,0.4912,60,60.0,,33.7,,,0.531,0.7599,,0.0,,,fraction_of_image,copy-paste,0.3,7.5,200,c0006_right_mid_clear_medium,n0542,0,105,0.571,0.0628,0.019,0.0858
c0006_right_mid_moderate_medium__cp,c0006,copypaste,right,mid,moderate,medial,medium,1044630384,1716,1768,0,26,1716,0.29837,40,0.5723,0.1172,0.8945,0.748,0.6736,0.4326,0.615,0.374,0.7322,0.4912,60,60.0,,48.42,,,0.6737,0.7599,,0.0,,,fraction_of_image,copy-paste,0.3,7.5,200,c0006_right_mid_moderate_medium,n0364,0,208,0.288,-0.0071,0.0296,0.1284
c0006_right_mid_on_structure_medium__cp,c0006,copypaste,right,mid,on_structure,lateral,medium,1142664427,1716,1768,0,26,1716,0.29837,40,0.5723,0.1172,0.8945,0.748,0.8131,0.4326,0.7545,0.374,0.8717,0.4912,60,60.0,,54.67,,,1.0109,0.7599,,0.0,,,fraction_of_image,copy-paste,0.3,7.5,200,c0006_right_mid_on_structure_medium,n0244,0,85,0.706,-0.1737,0.0236,0.1338
c0006_right_mid_clear_large__cp,c0006,copypaste,right,mid,clear,medial,large,750025688,1716,1768,0,26,1716,0.29837,40,0.5723,0.1172,0.8945,0.748,0.7163,0.4326,0.6441,0.3604,0.7886,0.5049,74,74.0,,38.36,,,0.5564,0.55,,0.0,,,fraction_of_image,copy-paste,0.3,7.5,200,c0006_right_mid_clear_large,n1017,0,79,0.937,-0.058,0.1027,0.0967
c0006_right_mid_moderate_large__cp,c0006,copypaste,right,mid,moderate,lateral,large,2090576260,1716,1768,0,26,1716,0.29837,40,0.5723,0.1172,0.8945,0.748,0.7675,0.4326,0.6952,0.3604,0.8398,0.5049,74,74.0,,55.47,,,0.6676,0.55,,0.0,,,fraction_of_image,copy-paste,0.3,7.5,200,c0006_right_mid_moderate_large,n0914,2,138,0.536,0.1003,0.034,0.1057
c0006_right_mid_on_structure_large__cp,c0006,copypaste,right,mid,on_structure,lateral,large,1838455901,1716,1768,0,26,1716,0.29837,40,0.5723,0.1172,0.8945,0.748,0.8016,0.4326,0.7293,0.3604,0.8739,0.5049,74,74.0,,54.26,,,0.9047,0.55,,0.0,,,fraction_of_image,copy-paste,0.3,7.5,200,c0006_right_mid_on_structure_large,n0154,0,87,0.851,0.2658,0.1848,0.1425
c0006_right_lower_clear_small__cp,c0006,copypaste,right,lower,clear,lateral,small,2061129128,1716,1768,0,26,1716,0.29837,40,0.5723,0.1172,0.8945,0.748,0.7673,0.6093,0.7214,0.5634,0.8132,0.6552,47,47.0,,35.63,,,0.6024,0.8292,,0.0,,,fraction_of_image,copy-paste,0.3,7.5,200,c0006_right_lower_clear_small,n1052,0,67,0.701,0.0502,0.1624,0.0851
c0006_right_lower_moderate_small__cp,c0006,copypaste,right,lower,moderate,lateral,small,969294907,1716,1768,0,26,1716,0.29837,40,0.5723,0.1172,0.8945,0.748,0.835,0.6093,0.7891,0.5634,0.8809,0.6552,47,47.0,,58.68,,,1.0037,0.8292,,0.0,,,fraction_of_image,copy-paste,0.3,7.5,200,c0006_right_lower_moderate_small,n1103,0,90,0.522,-0.1568,0.0197,0.0662
c0006_right_lower_on_structure_small__cp,c0006,copypaste,right,lower,on_structure,medial,small,2048520189,1716,1768,0,26,1716,0.29837,40,0.5723,0.1172,0.8945,0.748,0.6543,0.6093,0.6084,0.5634,0.7002,0.6552,47,47.0,,44.98,,,1.3874,0.8292,,0.0,,,fraction_of_image,copy-paste,0.3,7.5,200,c0006_right_lower_on_structure_small,n0284,0,48,0.979,0.2666,0.1097,0.0596
c0006_right_lower_clear_medium__cp,c0006,copypaste,right,lower,clear,lateral,medium,40101298,1716,1768,0,26,1716,0.29837,40,0.5723,0.1172,0.8945,0.748,0.7434,0.6093,0.6848,0.5507,0.802,0.6679,60,60.0,,42.83,,,0.6551,0.7534,,0.0,,,fraction_of_image,copy-paste,0.3,7.5,200,c0006_right_lower_clear_medium,n0483,1,138,0.435,-0.0335,0.0821,0.1189
c0006_right_lower_moderate_medium__cp,c0006,copypaste,right,lower,moderate,lateral,medium,1711261581,1716,1768,0,26,1716,0.29837,40,0.5723,0.1172,0.8945,0.748,0.823,0.6093,0.7645,0.5507,0.8816,0.6679,60,60.0,,58.93,,,0.9228,0.7534,,0.0,,,fraction_of_image,copy-paste,0.3,7.5,200,c0006_right_lower_moderate_medium,n0601,2,100,0.6,-0.0139,0.0739,0.0907
c0006_right_lower_on_structure_medium__cp,c0006,copypaste,right,lower,on_structure,medial,medium,1566159111,1716,1768,0,26,1716,0.29837,40,0.5723,0.1172,0.8945,0.748,0.6438,0.6093,0.5852,0.5507,0.7023,0.6679,60,60.0,,53.08,,,1.351,0.7534,,0.0,,,fraction_of_image,copy-paste,0.3,7.5,200,c0006_right_lower_on_structure_medium,n0745,0,83,0.723,0.4034,0.087,0.0614
c0006_right_lower_clear_large__cp,c0006,copypaste,right,lower,clear,lateral,large,1541832782,1716,1768,0,26,1716,0.29837,40,0.5723,0.1172,0.8945,0.748,0.776,0.6093,0.7038,0.537,0.8483,0.6815,74,74.0,,43.71,,,0.6854,0.674,,0.0,,,fraction_of_image,copy-paste,0.3,7.5,200,c0006_right_lower_clear_large,n0496,0,265,0.279,-0.0684,0.1772,0.0995
c0006_right_lower_moderate_large__cp,c0006,copypaste,right,lower,moderate,medial,large,1693747753,1716,1768,0,26,1716,0.29837,40,0.5723,0.1172,0.8945,0.748,0.7249,0.6093,0.6526,0.537,0.7971,0.6815,74,74.0,,44.74,,,0.8584,0.674,,0.0,,,fraction_of_image,copy-paste,0.3,7.5,200,c0006_right_lower_moderate_large,n0162,0,176,0.42,-0.0904,0.1014,0.1692
c0006_right_lower_on_structure_large__cp,c0006,copypaste,right,lower,on_structure,medial,large,10062953,1716,1768,0,26,1716,0.29837,40,0.5723,0.1172,0.8945,0.748,0.6652,0.6093,0.5929,0.537,0.7375,0.6815,74,74.0,,61.55,,,1.3171,0.674,,0.0,,,fraction_of_image,copy-paste,0.3,7.5,200,c0006_right_lower_on_structure_large,n1060,0,212,0.349,-0.0204,0.103,0.0839
c0007_left_upper_clear_small__cp,c0007,copypaste,left,upper,clear,medial,small,1852691390,3056,2517,269,0,2517,0.20342,40,0.084,0.1328,0.4199,0.6914,0.3118,0.2557,0.2659,0.2098,0.3577,0.3016,47,47.0,,33.4,,,0.5779,0.9136,,0.0,,,fraction_of_image,copy-paste,0.3,7.5,200,c0007_left_upper_clear_small,n0779,0,71,0.662,0.1559,0.1554,0.0854
c0007_left_upper_moderate_small__cp,c0007,copypaste,left,upper,moderate,lateral,small,1344474315,3056,2517,269,0,2517,0.20342,40,0.084,0.1328,0.4199,0.6914,0.216,0.2557,0.1701,0.2098,0.2619,0.3016,47,47.0,,55.64,,,0.701,0.9136,,0.0,,,fraction_of_image,copy-paste,0.3,7.5,200,c0007_left_upper_moderate_small,n0044,0,74,0.635,0.1337,0.158,0.1027
c0007_left_upper_on_structure_small__cp,c0007,copypaste,left,upper,on_structure,lateral,small,1683561532,3056,2517,269,0,2517,0.20342,40,0.084,0.1328,0.4199,0.6914,0.1561,0.2557,0.1102,0.2098,0.202,0.3016,47,47.0,,44.42,,,1.3377,0.9136,,0.0,,,fraction_of_image,copy-paste,0.3,7.5,200,c0007_left_upper_on_structure_small,n0923,0,177,0.266,0.4003,0.1393,0.1243
c0007_left_upper_clear_medium__cp,c0007,copypaste,left,upper,clear,medial,medium,924060469,3056,2517,269,0,2517,0.20342,40,0.084,0.1328,0.4199,0.6914,0.2732,0.2557,0.2146,0.1971,0.3318,0.3143,60,60.0,,42.56,,,0.5799,0.8026,,0.0,,,fraction_of_image,copy-paste,0.3,7.5,200,c0007_left_upper_clear_medium,n0834,0,60,1.0,-0.236,0.0791,0.0917
c0007_left_upper_moderate_medium__cp,c0007,copypaste,left,upper,moderate,lateral,medium,2075376132,3056,2517,269,0,2517,0.20342,40,0.084,0.1328,0.4199,0.6914,0.22,0.2557,0.1614,0.1971,0.2786,0.3143,60,60.0,,57.45,,,0.6923,0.8026,,0.0,,,fraction_of_image,copy-paste,0.3,7.5,200,c0007_left_upper_moderate_medium,n0192,0,65,0.923,0.1665,0.1091,0.113
c0007_left_upper_on_structure_medium__cp,c0007,copypaste,left,upper,on_structure,lateral,medium,223063255,3056,2517,269,0,2517,0.20342,40,0.084,0.1328,0.4199,0.6914,0.1668,0.2557,0.1082,0.1971,0.2254,0.3143,60,60.0,,49.49,,,1.1996,0.8026,,0.0,,,fraction_of_image,copy-paste,0.3,7.5,200,c0007_left_upper_on_structure_medium,n0685,0,68,0.882,0.2619,0.0474,0.1658
c0007_left_upper_clear_large__cp,c0007,copypaste,left,upper,clear,medial,large,2006463899,3056,2517,269,0,2517,0.20342,40,0.084,0.1328,0.4199,0.6914,0.2612,0.2557,0.1889,0.1834,0.3334,0.328,74,74.0,,54.77,,,0.5817,0.6518,,0.0,,,fraction_of_image,copy-paste,0.3,7.5,200,c0007_left_upper_clear_large,n0562,1,76,0.974,0.0042,0.1135,0.0935
c0007_left_upper_moderate_large__cp,c0007,copypaste,left,upper,moderate,lateral,large,444003383,3056,2517,269,0,2517,0.20342,40,0.084,0.1328,0.4199,0.6914,0.2243,0.2557,0.1521,0.1834,0.2966,0.328,74,74.0,,55.35,,,0.6875,0.6518,,0.0,,,fraction_of_image,copy-paste,0.3,7.5,200,c0007_left_upper_moderate_large,n0036,0,279,0.265,0.1096,0.0838,0.1178
c0007_left_upper_on_structure_large__cp,c0007,copypaste,left,upper,on_structure,lateral,large,1656138883,3056,2517,269,0,2517,0.20342,40,0.084,0.1328,0.4199,0.6914,0.1783,0.2557,0.106,0.1834,0.2505,0.328,74,74.0,,58.16,,,1.0675,0.6518,,0.0,,,fraction_of_image,copy-paste,0.3,7.5,200,c0007_left_upper_on_structure_large,n1059,1,149,0.497,0.1623,-0.0154,0.1905
c0007_left_mid_clear_small__cp,c0007,copypaste,left,mid,clear,medial,small,136814114,3056,2517,269,0,2517,0.20342,40,0.084,0.1328,0.4199,0.6914,0.2759,0.4121,0.23,0.3662,0.3218,0.458,47,47.0,,47.02,,,0.5164,0.6746,,0.0,,,fraction_of_image,copy-paste,0.3,7.5,200,c0007_left_mid_clear_small,n0816,0,58,0.81,0.027,0.0459,0.1071
c0007_left_mid_moderate_small__cp,c0007,copypaste,left,mid,moderate,lateral,small,1720664104,3056,2517,269,0,2517,0.20342,40,0.084,0.1328,0.4199,0.6914,0.204,0.4121,0.1581,0.3662,0.2499,0.458,47,47.0,,36.91,,,0.6933,0.6746,,0.0,,,fraction_of_image,copy-paste,0.3,7.5,200,c0007_left_mid_moderate_small,n0337,0,57,0.825,-0.1164,0.0922,0.1077
c0007_left_mid_on_structure_small__cp,c0007,copypaste,left,mid,on_structure,lateral,small,913062637,3056,2517,269,0,2517,0.20342,40,0.084,0.1328,0.4199,0.6914,0.1561,0.4121,0.1102,0.3662,0.202,0.458,47,47.0,,50.06,,,1.0011,0.6746,,0.0,,,fraction_of_image,copy-paste,0.3,7.5,200,c0007_left_mid_on_structure_small,n0023,0,54,0.87,0.2456,0.0311,0.0922
c0007_left_mid_clear_medium__cp,c0007,copypaste,left,mid,clear,medial,medium,785363350,3056,2517,269,0,2517,0.20342,40,0.084,0.1328,0.4199,0.6914,0.2626,0.4121,0.204,0.3535,0.3212,0.4707,60,60.0,,42.45,,,0.5215,0.5452,,0.0,,,fraction_of_image,copy-paste,0.3,7.5,200,c0007_left_mid_clear_medium,n0101,0,90,0.667,-0.4031,0.0343,0.1028
c0007_left_mid_moderate_medium__cp,c0007,copypaste,left,mid,moderate,lateral,medium,1515059299,3056,2517,269,0,2517,0.20342,40,0.084,0.1328,0.4199,0.6914,0.2094,0.4121,0.1508,0.3535,0.268,0.4707,60,60.0,,44.44,,,0.6708,0.5452,,0.0,,,fraction_of_image,copy-paste,0.3,7.5,200,c0007_left_mid_moderate_medium,n0867,0,73,0.822,-0.1109,0.0096,0.1097
c0007_left_mid_on_structure_medium__cp,c0007,copypaste,left,mid,on_structure,lateral,medium,236180126,3056,2517,269,0,2517,0.20342,40,0.084,0.1328,0.4199,0.6914,0.1668,0.4121,0.1082,0.3535,0.2254,0.4707,60,60.0,,50.79,,,0.9086,0.5452,,0.0,,,fraction_of_image,copy-paste,0.3,7.5,200,c0007_left_mid_on_structure_medium,n0161,0,66,0.909,0.1455,0.0187,0.107
c0007_left_mid_clear_large__cp,c0007,copypaste,left,mid,clear,medial,large,655969218,3056,2517,269,0,2517,0.20342,40,0.084,0.1328,0.4199,0.6914,0.2612,0.4121,0.1889,0.3398,0.3334,0.4844,74,74.0,,35.65,,,0.5193,0.4236,,0.0,,,fraction_of_image,copy-paste,0.3,7.5,200,c0007_left_mid_clear_large,n0574,0,121,0.612,0.0986,0.0911,0.1035
c0007_left_mid_moderate_large__cp,c0007,copypaste,left,mid,moderate,lateral,large,1515203390,3056,2517,269,0,2517,0.20342,40,0.084,0.1328,0.4199,0.6914,0.2151,0.4121,0.1429,0.3398,0.2874,0.4844,74,74.0,,51.05,,,0.6485,0.4236,,0.0,,,fraction_of_image,copy-paste,0.3,7.5,200,c0007_left_mid_moderate_large,n1034,0,176,0.42,-0.0794,0.07,0.1107
c0007_left_mid_on_structure_large__cp,c0007,copypaste,left,mid,on_structure,lateral,large,2019435645,3056,2517,269,0,2517,0.20342,40,0.084,0.1328,0.4199,0.6914,0.1783,0.4121,0.106,0.3398,0.2505,0.4844,74,74.0,,53.04,,,0.8211,0.4236,,0.0,,,fraction_of_image,copy-paste,0.3,7.5,200,c0007_left_mid_on_structure_large,n1059,2,96,0.771,0.1741,0.0386,0.1181
c0007_left_lower_clear_small__cp,c0007,copypaste,left,lower,clear,medial,small,1869965300,3056,2517,269,0,2517,0.20342,40,0.084,0.1328,0.4199,0.6914,0.3358,0.5685,0.2899,0.5226,0.3817,0.6144,47,47.0,,46.06,,,0.928,0.2434,,0.0,,,fraction_of_image,copy-paste,0.3,7.5,200,c0007_left_lower_clear_small,n0287,0,185,0.254,0.142,0.0677,0.136
c0007_left_lower_moderate_small__cp,c0007,copypaste,left,lower,moderate,lateral,small,812334348,3056,2517,269,0,2517,0.20342,40,0.084,0.1328,0.4199,0.6914,0.216,0.5685,0.1701,0.5226,0.2619,0.6144,47,47.0,,29.64,,,1.0186,0.2434,,0.0,,,fraction_of_image,copy-paste,0.3,7.5,200,c0007_left_lower_moderate_small,n0073,1,51,0.922,0.2644,0.0431,0.1027
c0007_left_lower_on_structure_small__cp,c0007,copypaste,left,lower,on_structure,lateral,small,311087658,3056,2517,269,0,2517,0.20342,40,0.084,0.1328,0.4199,0.6914,0.1681,0.5685,0.1222,0.5226,0.214,0.6144,47,47.0,,23.75,,,1.065,0.2434,,0.0,,,fraction_of_image,copy-paste,0.3,7.5,200,c0007_left_lower_on_structure_small,n0551,0,147,0.32,-0.1161,0.0224,0.0736
c0007_left_lower_clear_medium__cp,c0007,copypaste,left,lower,clear,medial,medium,495846783,3056,2517,269,0,2517,0.20342,40,0.084,0.1328,0.4199,0.6914,0.3371,0.5685,0.2785,0.5099,0.3957,0.6271,60,60.0,,47.4,,,0.9438,0.1203,,0.0,,,fraction_of_image,copy-paste,0.3,7.5,200,c0007_left_lower_clear_medium,n0950,0,73,0.822,-0.1979,0.0663,0.1417
c0007_left_lower_moderate_medium__cp,c0007,copypaste,left,lower,moderate,lateral,medium,1127756347,3056,2517,269,0,2517,0.20342,40,0.084,0.1328,0.4199,0.6914,0.2094,0.5685,0.1508,0.5099,0.268,0.6271,60,60.0,,36.55,,,1.0004,0.1203,,0.0,,,fraction_of_image,copy-paste,0.3,7.5,200,c0007_left_lower_moderate_medium,n0695,2,60,1.0,-0.1093,0.0146,0.0973
c0007_left_lower_on_structure_medium__cp,c0007,copypaste,left,lower,on_structure,lateral,medium,1484756649,3056,2517,269,0,2517,0.20342,40,0.084,0.1328,0.4199,0.6914,0.1668,0.5685,0.1082,0.5099,0.2254,0.6271,60,60.0,,36.81,,,1.0359,0.1203,,0.0,,,fraction_of_image,copy-paste,0.3,7.5,200,c0007_left_lower_on_structure_medium,n0074,1,97,0.619,0.1885,0.0962,0.0784
c0007_left_lower_clear_large__cp,c0007,copypaste,left,lower,clear,medial,large,1079832560,3056,2517,269,0,2517,0.20342,40,0.084,0.1328,0.4199,0.6914,0.2612,0.5685,0.1889,0.4963,0.3334,0.6408,74,74.0,,46.06,,,0.931,0.0944,,0.0,,,fraction_of_image,copy-paste,0.3,7.5,200,c0007_left_lower_clear_large,n0726,0,96,0.771,0.2185,0.1647,0.1291
c0007_left_lower_moderate_large__cp,c0007,copypaste,left,lower,moderate,medial,large,782636811,3056,2517,269,0,2517,0.20342,40,0.084,0.1328,0.4199,0.6914,0.2796,0.5685,0.2073,0.4963,0.3518,0.6408,74,74.0,,46.96,,,0.9638,0.0944,,0.0,,,fraction_of_image,copy-paste,0.3,7.5,200,c0007_left_lower_moderate_large,n0384,0,75,0.987,0.2422,0.0903,0.1394
c0007_left_lower_on_structure_large__cp,c0007,copypaste,left,lower,on_structure,lateral,large,740418590,3056,2517,269,0,2517,0.20342,40,0.084,0.1328,0.4199,0.6914,0.1783,0.5685,0.106,0.4963,0.2505,0.6408,74,74.0,,46.29,,,1.0038,0.0944,,0.0,,,fraction_of_image,copy-paste,0.3,7.5,200,c0007_left_lower_on_structure_large,n0230,0,101,0.733,0.0916,0.0717,0.083
c0007_right_upper_clear_small__cp,c0007,copypaste,right,upper,clear,medial,small,2084921164,3056,2517,269,0,2517,0.20342,40,0.5117,0.1328,0.832,0.7031,0.6607,0.2583,0.6148,0.2124,0.7066,0.3042,47,47.0,,30.54,,,0.4998,0.8238,,0.0,,,fraction_of_image,copy-paste,0.3,7.5,200,c0007_right_upper_clear_small,n0479,0,62,0.758,-0.3604,0.0139,0.0948
c0007_right_upper_moderate_small__cp,c0007,copypaste,right,upper,moderate,lateral,small,931772861,3056,2517,269,0,2517,0.20342,40,0.5117,0.1328,0.832,0.7031,0.6943,0.2583,0.6484,0.2124,0.7402,0.3042,47,47.0,,44.7,,,0.6988,0.8238,,0.0,,,fraction_of_image,copy-paste,0.3,7.5,200,c0007_right_upper_moderate_small,n0981,0,92,0.511,-0.0561,0.0974,0.1005
c0007_right_upper_on_structure_small__cp,c0007,copypaste,right,upper,on_structure,lateral,small,1376261694,3056,2517,269,0,2517,0.20342,40,0.5117,0.1328,0.832,0.7031,0.7614,0.2583,0.7155,0.2124,0.8073,0.3042,47,47.0,,40.64,,,1.0982,0.8238,,0.0,,,fraction_of_image,copy-paste,0.3,7.5,200,c0007_right_upper_on_structure_small,n1098,2,151,0.311,0.3095,0.0554,0.1586
c0007_right_upper_clear_medium__cp,c0007,copypaste,right,upper,clear,medial,medium,1464940436,3056,2517,269,0,2517,0.20342,40,0.5117,0.1328,0.832,0.7031,0.662,0.2583,0.6034,0.1997,0.7206,0.3169,60,60.0,,49.01,,,0.5014,0.6887,,0.0,,,fraction_of_image,copy-paste,0.3,7.5,200,c0007_right_upper_clear_medium,n0154,1,65,0.923,-0.0357,0.016,0.1027
c0007_right_upper_moderate_medium__cp,c0007,copypaste,right,upper,moderate,lateral,medium,785195222,3056,2517,269,0,2517,0.20342,40,0.5117,0.1328,0.832,0.7031,0.6916,0.2583,0.633,0.1997,0.7502,0.3169,60,60.0,,53.43,,,0.6625,0.6887,,0.0,,,fraction_of_image,copy-paste,0.3,7.5,200,c0007_right_upper_moderate_medium,n0628,0,90,0.667,-0.3824,0.0271,0.1145
c0007_right_upper_on_structure_medium__cp,c0007,copypaste,right,upper,on_structure,lateral,medium,2109750926,3056,2517,269,0,2517,0.20342,40,0.5117,0.1328,0.832,0.7031,0.7508,0.2583,0.6922,0.1997,0.8094,0.3169,60,60.0,,46.65,,,1.0392,0.6887,,0.0,,,fraction_of_image,copy-paste,0.3,7.5,200,c0007_right_upper_on_structure_medium,n0870,0,68,0.882,0.2775,0.0617,0.1474
c0007_right_upper_clear_large__cp,c0007,copypaste,right,upper,clear,medial,large,1972087948,3056,2517,269,0,2517,0.20342,40,0.5117,0.1328,0.832,0.7031,0.655,0.2583,0.5828,0.186,0.7273,0.3305,74,74.0,,57.86,,,0.5368,0.5586,,0.0,,,fraction_of_image,copy-paste,0.3,7.5,200,c0007_right_upper_clear_large,n0277,0,100,0.74,-0.0465,-0.0064,0.1163
c0007_right_upper_moderate_large__cp,c0007,copypaste,right,upper,moderate,medial,large,2031037385,3056,2517,269,0,2517,0.20342,40,0.5117,0.1328,0.832,0.7031,0.596,0.2583,0.5238,0.186,0.6683,0.3305,74,74.0,,64.96,,,0.6168,0.5586,,0.0,,,fraction_of_image,copy-paste,0.3,7.5,200,c0007_right_upper_moderate_large,n0297,0,88,0.841,-0.0564,0.0985,0.1431
c0007_right_upper_on_structure_large__cp,c0007,copypaste,right,upper,on_structure,lateral,large,1062052932,3056,2517,269,0,2517,0.20342,40,0.5117,0.1328,0.832,0.7031,0.7393,0.2583,0.667,0.186,0.8116,0.3305,74,74.0,,52.73,,,0.974,0.5586,,0.0,,,fraction_of_image,copy-paste,0.3,7.5,200,c0007_right_upper_on_structure_large,n0251,0,184,0.402,0.1138,0.1522,0.1578
c0007_right_mid_clear_small__cp,c0007,copypaste,right,mid,clear,medial,small,1193906758,3056,2517,269,0,2517,0.20342,40,0.5117,0.1328,0.832,0.7031,0.6271,0.418,0.5812,0.3721,0.673,0.4639,47,47.0,,43.62,,,0.5077,0.6152,,0.0,,,fraction_of_image,copy-paste,0.3,7.5,200,c0007_right_mid_clear_small,n0218,0,134,0.351,-0.0173,0.0633,0.1167
c0007_right_mid_moderate_small__cp,c0007,copypaste,right,mid,moderate,lateral,small,301586136,3056,2517,269,0,2517,0.20342,40,0.5117,0.1328,0.832,0.7031,0.7391,0.418,0.6932,0.3721,0.785,0.4639,47,47.0,,37.05,,,0.7115,0.6152,,0.0,,,fraction_of_image,copy-paste,0.3,7.5,200,c0007_right_mid_moderate_small,n1002,0,64,0.734,-0.0361,0.068,0.0691
c0007_right_mid_on_structure_small__cp,c0007,copypaste,right,mid,on_structure,lateral,small,1589648749,3056,2517,269,0,2517,0.20342,40,0.5117,0.1328,0.832,0.7031,0.7838,0.418,0.7379,0.3721,0.8297,0.4639,47,47.0,,54.4,,,0.868,0.6152,,0.0,,,fraction_of_image,copy-paste,0.3,7.5,200,c0007_right_mid_on_structure_small,n0228,0,116,0.405,0.1213,0.1159,0.1229
c0007_right_mid_clear_medium__cp,c0007,copypaste,right,mid,clear,medial,medium,1733815592,3056,2517,269,0,2517,0.20342,40,0.5117,0.1328,0.832,0.7031,0.6521,0.418,0.5936,0.3594,0.7107,0.4766,60,60.0,,36.63,,,0.5367,0.4311,,0.0,,,fraction_of_image,copy-paste,0.3,7.5,200,c0007_right_mid_clear_medium,n0236,0,85,0.706,-0.3707,0.0056,0.1087
c0007_right_mid_moderate_medium__cp,c0007,copypaste,right,mid,moderate,medial,medium,1173092953,3056,2517,269,0,2517,0.20342,40,0.5117,0.1328,0.832,0.7031,0.6028,0.418,0.5442,0.3594,0.6614,0.4766,60,60.0,,66.1,,,0.6626,0.4311,,0.0,,,fraction_of_image,copy-paste,0.3,7.5,200,c0007_right_mid_moderate_medium,n0144,0,81,0.741,0.0283,0.0427,0.1428
c0007_right_mid_on_structure_medium__cp,c0007,copypaste,right,mid,on_structure,lateral,medium,2123251021,3056,2517,269,0,2517,0.20342,40,0.5117,0.1328,0.832,0.7031,0.7705,0.418,0.7119,0.3594,0.8291,0.4766,60,60.0,,54.01,,,0.8073,0.4311,,0.0,,,fraction_of_image,copy-paste,0.3,7.5,200,c0007_right_mid_on_structure_medium,n0143,0,165,0.364,0.2393,0.0527,0.1031
c0007_right_mid_clear_large__cp,c0007,copypaste,right,mid,clear,medial,large,1265324582,3056,2517,269,0,2517,0.20342,40,0.5117,0.1328,0.832,0.7031,0.6382,0.418,0.5659,0.3457,0.7104,0.4902,74,74.0,,52.21,,,0.5553,0.2745,,0.0,,,fraction_of_image,copy-paste,0.3,7.5,200,c0007_right_mid_clear_large,n0893,0,76,0.974,-0.1417,0.068,0.1182
c0007_right_mid_moderate_large__cp,c0007,copypaste,right,mid,moderate,lateral,large,1149605894,3056,2517,269,0,2517,0.20342,40,0.5117,0.1328,0.832,0.7031,0.7056,0.418,0.6333,0.3457,0.7779,0.4902,74,74.0,,44.4,,,0.6332,0.2745,,0.0,,,fraction_of_image,copy-paste,0.3,7.5,200,c0007_right_mid_moderate_large,n0310,1,126,0.587,-0.1145,0.1777,0.0895
c0007_right_mid_on_structure_large__cp,c0007,copypaste,right,mid,on_structure,medial,large,1347010202,3056,2517,269,0,2517,0.20342,40,0.5117,0.1328,0.832,0.7031,0.596,0.418,0.5238,0.3457,0.6683,0.4902,74,74.0,,66.48,,,0.7535,0.2745,,0.0,,,fraction_of_image,copy-paste,0.3,7.5,200,c0007_right_mid_on_structure_large,n0914,2,138,0.536,0.1833,0.034,0.1702
c0007_right_lower_clear_small__cp,c0007,copypaste,right,lower,clear,lateral,small,1553693157,3056,2517,269,0,2517,0.20342,40,0.5117,0.1328,0.832,0.7031,0.7391,0.5777,0.6932,0.5318,0.785,0.6236,47,47.0,,38.16,,,0.6971,0.7683,,0.0,,,fraction_of_image,copy-paste,0.3,7.5,200,c0007_right_lower_clear_small,n0652,0,80,0.588,-0.0143,0.1335,0.1287
c0007_right_lower_moderate_small__cp,c0007,copypaste,right,lower,moderate,medial,small,878714229,3056,2517,269,0,2517,0.20342,40,0.5117,0.1328,0.832,0.7031,0.5823,0.5777,0.5364,0.5318,0.6282,0.6236,47,47.0,,30.85,,,1.308,0.7683,,0.0,,,fraction_of_image,copy-paste,0.3,7.5,200,c0007_right_lower_moderate_small,n0964,2,62,0.758,0.3038,-0.0002,0.0513
c0007_right_lower_on_structure_small__cp,c0007,copypaste,right,lower,on_structure,medial,small,1961489770,3056,2517,269,0,2517,0.20342,40,0.5117,0.1328,0.832,0.7031,0.6607,0.5777,0.6148,0.5318,0.7066,0.6236,47,47.0,,45.37,,,1.4246,0.7683,,0.0,,,fraction_of_image,copy-paste,0.3,7.5,200,c0007_right_lower_on_structure_small,n0613,1,80,0.588,0.0778,0.0374,0.0633
c0007_right_lower_clear_medium__cp,c0007,copypaste,right,lower,clear,lateral,medium,310379813,3056,2517,269,0,2517,0.20342,40,0.5117,0.1328,0.832,0.7031,0.7705,0.5777,0.7119,0.5191,0.8291,0.6362,60,60.0,,51.9,,,0.7175,0.7073,,0.0,,,fraction_of_image,copy-paste,0.3,7.5,200,c0007_right_lower_clear_medium,n0876,0,245,0.245,0.0395,0.0804,0.0838
c0007_right_lower_moderate_medium__cp,c0007,copypaste,right,lower,moderate,medial,medium,1563832783,3056,2517,269,0,2517,0.20342,40,0.5117,0.1328,0.832,0.7031,0.6719,0.5777,0.6133,0.5191,0.7305,0.6362,60,60.0,,43.9,,,1.3148,0.7073,,0.0,,,fraction_of_image,copy-paste,0.3,7.5,200,c0007_right_lower_moderate_medium,n0921,1,62,0.968,0.0,0.1233,0.1424
c0007_right_lower_on_structure_medium__cp,c0007,copypaste,right,lower,on_structure,medial,medium,1462362795,3056,2517,269,0,2517,0.20342,40,0.5117,0.1328,0.832,0.7031,0.6324,0.5777,0.5738,0.5191,0.691,0.6362,60,60.0,,48.63,,,1.3999,0.7073,,0.0,,,fraction_of_image,copy-paste,0.3,7.5,200,c0007_right_lower_on_structure_medium,n0068,0,73,0.822,-0.033,0.0058,0.0589
c0007_right_lower_clear_large__cp,c0007,copypaste,right,lower,clear,lateral,large,787311171,3056,2517,269,0,2517,0.20342,40,0.5117,0.1328,0.832,0.7031,0.7393,0.5777,0.667,0.5054,0.8116,0.6499,74,74.0,,53.14,,,0.7968,0.6123,,0.0,,,fraction_of_image,copy-paste,0.3,7.5,200,c0007_right_lower_clear_large,n0614,0,176,0.42,-0.4091,0.0264,0.1526
c0007_right_lower_moderate_large__cp,c0007,copypaste,right,lower,moderate,medial,large,1928510022,3056,2517,269,0,2517,0.20342,40,0.5117,0.1328,0.832,0.7031,0.6719,0.5777,0.5996,0.5054,0.7441,0.6499,74,74.0,,48.62,,,1.2515,0.6123,,0.0,,,fraction_of_image,copy-paste,0.3,7.5,200,c0007_right_lower_moderate_large,n0511,0,101,0.733,0.2685,0.1036,0.1624
c0007_right_lower_on_structure_large__cp,c0007,copypaste,right,lower,on_structure,medial,large,981054431,3056,2517,269,0,2517,0.20342,40,0.5117,0.1328,0.832,0.7031,0.6297,0.5777,0.5575,0.5054,0.702,0.6499,74,74.0,,55.15,,,1.3583,0.6123,,0.0,,,fraction_of_image,copy-paste,0.3,7.5,200,c0007_right_lower_on_structure_large,n0310,1,126,0.587,0.2033,0.1777,0.0745
c0008_left_upper_clear_small__cp,c0008,copypaste,left,upper,clear,medial,small,1334211402,2393,2112,140,0,2112,0.24242,45,0.0215,0.1016,0.373,0.8496,0.2611,0.2661,0.2152,0.2202,0.307,0.312,47,47.0,,27.18,,,0.3351,1.3435,,0.0,,,fraction_of_image,copy-paste,0.3,7.5,200,c0008_left_upper_clear_small,n0503,0,311,0.151,0.0057,0.1537,0.0743
c0008_left_upper_moderate_small__cp,c0008,copypaste,left,upper,moderate,lateral,small,1223894506,2393,2112,140,0,2112,0.24242,45,0.0215,0.1016,0.373,0.8496,0.1845,0.2661,0.1386,0.2202,0.2304,0.312,47,47.0,,35.53,,,0.6651,1.3435,,0.0,,,fraction_of_image,copy-paste,0.3,7.5,200,c0008_left_upper_moderate_small,n0461,0,53,0.887,-0.0074,0.0478,0.0962
c0008_left_upper_on_structure_small__cp,c0008,copypaste,left,upper,on_structure,lateral,small,1936491271,2393,2112,140,0,2112,0.24242,45,0.0215,0.1016,0.373,0.8496,0.0952,0.2661,0.0493,0.2202,0.1411,0.312,47,47.0,,42.03,,,1.4338,1.3435,,0.0,,,fraction_of_image,copy-paste,0.3,7.5,200,c0008_left_upper_on_structure_small,n0547,0,70,0.671,0.3309,0.1076,0.1776
c0008_left_upper_clear_medium__cp,c0008,copypaste,left,upper,clear,medial,medium,1728427816,2393,2112,140,0,2112,0.24242,45,0.0215,0.1016,0.373,0.8496,0.2544,0.2661,0.1958,0.2075,0.313,0.3247,60,60.0,,30.25,,,0.3771,1.1345,,0.0,,,fraction_of_image,copy-paste,0.3,7.5,200,c0008_left_upper_clear_medium,n0927,0,114,0.526,-0.2689,0.1015,0.0791
c0008_left_upper_moderate_medium__cp,c0008,copypaste,left,upper,moderate,lateral,medium,1417476545,2393,2112,140,0,2112,0.24242,45,0.0215,0.1016,0.373,0.8496,0.1858,0.2661,0.1272,0.2075,0.2444,0.3247,60,60.0,,56.75,,,0.6243,1.1345,,0.0,,,fraction_of_image,copy-paste,0.3,7.5,200,c0008_left_upper_moderate_medium,n0931,0,125,0.48,-0.3925,0.0496,0.1021
c0008_left_upper_on_structure_medium__cp,c0008,copypaste,left,upper,on_structure,lateral,medium,2107273685,2393,2112,140,0,2112,0.24242,45,0.0215,0.1016,0.373,0.8496,0.1059,0.2661,0.0473,0.2075,0.1645,0.3247,60,60.0,,51.84,,,1.2957,1.1345,,0.0,,,fraction_of_image,copy-paste,0.3,7.5,200,c0008_left_upper_on_structure_medium,n0701,0,119,0.504,0.0388,0.0412,0.1774
c0008_left_upper_clear_large__cp,c0008,copypaste,left,upper,clear,medial,large,697688846,2393,2112,140,0,2112,0.24242,45,0.0215,0.1016,0.373,0.8496,0.2272,0.2661,0.155,0.1939,0.2995,0.3384,74,74.0,,46.27,,,0.437,0.9371,,0.0,,,fraction_of_image,copy-paste,0.3,7.5,200,c0008_left_upper_clear_large,n0796,0,163,0.454,-0.304,0.0973,0.0857
c0008_left_upper_moderate_large__cp,c0008,copypaste,left,upper,moderate,lateral,large,263384421,2393,2112,140,0,2112,0.24242,45,0.0215,0.1016,0.373,0.8496,0.1873,0.2661,0.115,0.1939,0.2595,0.3384,74,74.0,,62.0,,,0.6102,0.9371,,0.0,,,fraction_of_image,copy-paste,0.3,7.5,200,c0008_left_upper_moderate_large,n1090,0,131,0.565,0.0572,0.0294,0.1096
c0008_left_upper_on_structure_large__cp,c0008,copypaste,left,upper,on_structure,lateral,large,509290394,2393,2112,140,0,2112,0.24242,45,0.0215,0.1016,0.373,0.8496,0.1173,0.2661,0.0451,0.1939,0.1896,0.3384,74,74.0,,60.97,,,1.1969,0.9371,,0.0,,,fraction_of_image,copy-paste,0.3,7.5,200,c0008_left_upper_on_structure_large,n0705,0,122,0.607,0.3181,0.0814,0.1784
c0008_left_mid_clear_small__cp,c0008,copypaste,left,mid,clear,lateral,small,626056309,2393,2112,140,0,2112,0.24242,45,0.0215,0.1016,0.373,0.8496,0.1462,0.4756,0.1003,0.4297,0.1921,0.5215,47,47.0,,21.08,,,0.7458,0.4502,,0.0,,,fraction_of_image,copy-paste,0.3,7.5,200,c0008_left_mid_clear_small,n0410,0,79,0.595,0.1242,0.0913,0.0499
c0008_left_mid_moderate_small__cp,c0008,copypaste,left,mid,moderate,lateral,small,519276215,2393,2112,140,0,2112,0.24242,45,0.0215,0.1016,0.373,0.8496,0.0952,0.4756,0.0493,0.4297,0.1411,0.5215,47,47.0,,51.89,,,0.8035,0.4502,,0.0,,,fraction_of_image,copy-paste,0.3,7.5,200,c0008_left_mid_moderate_small,n0093,0,71,0.662,0.0087,0.0772,0.0804
c0008_left_mid_on_structure_small__cp,c0008,copypaste,left,mid,on_structure,medial,small,599041844,2393,2112,140,0,2112,0.24242,45,0.0215,0.1016,0.373,0.8496,0.2993,0.4756,0.2534,0.4297,0.3452,0.5215,47,47.0,,39.05,,,1.1054,0.4502,,0.0,,,fraction_of_image,copy-paste,0.3,7.5,200,c0008_left_mid_on_structure_small,n0611,2,116,0.405,-0.1563,0.112,0.1819
c0008_left_mid_clear_medium__cp,c0008,copypaste,left,mid,clear,medial,medium,217587626,2393,2112,140,0,2112,0.24242,45,0.0215,0.1016,0.373,0.8496,0.2315,0.4756,0.1729,0.417,0.2901,0.5342,60,60.0,,35.32,,,0.7539,0.3879,,0.0,,,fraction_of_image,copy-paste,0.3,7.5,200,c0008_left_mid_clear_medium,n0242,1,106,0.566,-0.0496,0.085,0.1223
c0008_left_mid_moderate_medium__cp,c0008,copypaste,left,mid,moderate,lateral,medium,1010214308,2393,2112,140,0,2112,0.24242,45,0.0215,0.1016,0.373,0.8496,0.1059,0.4756,0.0473,0.417,0.1645,0.5342,60,60.0,,55.51,,,0.7995,0.3879,,0.0,,,fraction_of_image,copy-paste,0.3,7.5,200,c0008_left_mid_moderate_medium,n0659,0,217,0.276,-0.2765,0.09,0.0734
c0008_left_mid_on_structure_medium__cp,c0008,copypaste,left,mid,on_structure,medial,medium,25604922,2393,2112,140,0,2112,0.24242,45,0.0215,0.1016,0.373,0.8496,0.2887,0.4756,0.2301,0.417,0.3473,0.5342,60,60.0,,42.55,,,0.989,0.3879,,0.0,,,fraction_of_image,copy-paste,0.3,7.5,200,c0008_left_mid_on_structure_medium,n0032,0,97,0.619,0.0602,0.0905,0.1789
c0008_left_mid_clear_large__cp,c0008,copypaste,left,mid,clear,medial,large,226773713,2393,2112,140,0,2112,0.24242,45,0.0215,0.1016,0.373,0.8496,0.2272,0.4756,0.155,0.4033,0.2995,0.5479,74,74.0,,31.14,,,0.749,0.2954,,0.0,,,fraction_of_image,copy-paste,0.3,7.5,200,c0008_left_mid_clear_large,n0961,1,99,0.747,0.0876,0.2066,0.1177
c0008_left_mid_moderate_large__cp,c0008,copypaste,left,mid,moderate,lateral,large,1942604953,2393,2112,140,0,2112,0.24242,45,0.0215,0.1016,0.373,0.8496,0.1373,0.4756,0.0651,0.4033,0.2096,0.5479,74,74.0,,53.51,,,0.8179,0.2954,,0.0,,,fraction_of_image,copy-paste,0.3,7.5,200,c0008_left_mid_moderate_large,n1073,0,186,0.398,0.0203,0.113,0.0723
c0008_left_mid_on_structure_large__cp,c0008,copypaste,left,mid,on_structure,medial,large,1193352072,2393,2112,140,0,2112,0.24242,45,0.0215,0.1016,0.373,0.8496,0.2772,0.4756,0.2049,0.4033,0.3495,0.5479,74,74.0,,45.65,,,0.9051,0.2954,,0.0,,,fraction_of_image,copy-paste,0.3,7.5,200,c0008_left_mid_on_structure_large,n0159,0,90,0.822,0.113,0.1909,0.1739
c0008_left_lower_clear_small__cp,c0008,copypaste,left,lower,clear,medial,small,44624587,2393,2112,140,0,2112,0.24242,45,0.0215,0.1016,0.373,0.8496,0.2611,0.685,0.2152,0.6391,0.307,0.7309,47,47.0,,40.55,,,0.6144,0.389,,0.0,,,fraction_of_image,copy-paste,0.3,7.5,200,c0008_left_lower_clear_small,n0926,1,60,0.783,0.0539,0.154,0.0692
c0008_left_lower_moderate_small__cp,c0008,copypaste,left,lower,moderate,lateral,small,337990318,2393,2112,140,0,2112,0.24242,45,0.0215,0.1016,0.373,0.8496,0.1845,0.685,0.1386,0.6391,0.2304,0.7309,47,47.0,,33.01,,,0.8123,0.389,,0.0,,,fraction_of_image,copy-paste,0.3,7.5,200,c0008_left_lower_moderate_small,n0452,0,62,0.758,-0.0913,0.0263,0.0859
c0008_left_lower_on_structure_small__cp,c0008,copypaste,left,lower,on_structure,medial,small,246207937,2393,2112,140,0,2112,0.24242,45,0.0215,0.1016,0.373,0.8496,0.3249,0.685,0.279,0.6391,0.3708,0.7309,47,47.0,,56.92,,,0.9511,0.389,,0.0,,,fraction_of_image,copy-paste,0.3,7.5,200,c0008_left_lower_on_structure_small,n0045,0,62,0.758,0.1399,0.0616,0.1465
c0008_left_lower_clear_medium__cp,c0008,copypaste,left,lower,clear,medial,medium,2089019499,2393,2112,140,0,2112,0.24242,45,0.0215,0.1016,0.373,0.8496,0.2544,0.685,0.1958,0.6264,0.313,0.7436,60,60.0,,39.36,,,0.6313,0.3144,,0.0,,,fraction_of_image,copy-paste,0.3,7.5,200,c0008_left_lower_clear_medium,n1039,0,87,0.69,0.0451,0.2115,0.0731
c0008_left_lower_moderate_medium__cp,c0008,copypaste,left,lower,moderate,lateral,medium,183394984,2393,2112,140,0,2112,0.24242,45,0.0215,0.1016,0.373,0.8496,0.1858,0.685,0.1272,0.6264,0.2444,0.7436,60,60.0,,38.67,,,0.7947,0.3144,,0.0,,,fraction_of_image,copy-paste,0.3,7.5,200,c0008_left_lower_moderate_medium,n1072,1,74,0.811,0.0585,0.0758,0.0878
c0008_left_lower_on_structure_medium__cp,c0008,copypaste,left,lower,on_structure,lateral,medium,364984134,2393,2112,140,0,2112,0.24242,45,0.0215,0.1016,0.373,0.8496,0.1173,0.685,0.0587,0.6264,0.1759,0.7436,60,60.0,,36.89,,,0.9253,0.3144,,0.0,,,fraction_of_image,copy-paste,0.3,7.5,200,c0008_left_lower_on_structure_medium,n0045,0,62,0.968,0.0502,0.0625,0.0788
c0008_left_lower_clear_large__cp,c0008,copypaste,left,lower,clear,medial,large,529115178,2393,2112,140,0,2112,0.24242,45,0.0215,0.1016,0.373,0.8496,0.2472,0.685,0.175,0.6128,0.3195,0.7573,74,74.0,,43.36,,,0.6531,0.2708,,0.0,,,fraction_of_image,copy-paste,0.3,7.5,200,c0008_left_lower_clear_large,n0652,0,80,0.925,-0.0655,0.1316,0.09
c0008_left_lower_moderate_large__cp,c0008,copypaste,left,lower,moderate,medial,large,1355595928,2393,2112,140,0,2112,0.24242,45,0.0215,0.1016,0.373,0.8496,0.2972,0.685,0.2249,0.6128,0.3694,0.7573,74,74.0,,52.32,,,0.7667,0.2708,,0.0,,,fraction_of_image,copy-paste,0.3,7.5,200,c0008_left_lower_moderate_large,n0931,0,125,0.592,-0.1878,0.0508,0.1327
c0008_left_lower_on_structure_large__cp,c0008,copypaste,left,lower,on_structure,lateral,large,1021731602,2393,2112,140,0,2112,0.24242,45,0.0215,0.1016,0.373,0.8496,0.1173,0.685,0.0451,0.6128,0.1896,0.7573,74,74.0,,50.24,,,0.9116,0.2708,,0.0,,,fraction_of_image,copy-paste,0.3,7.5,200,c0008_left_lower_on_structure_large,n0902,0,90,0.822,-0.0879,0.1449,0.0816
c0008_right_upper_clear_small__cp,c0008,copypaste,right,upper,clear,medial,small,467551150,2393,2112,140,0,2112,0.24242,45,0.4688,0.1094,0.8281,0.8633,0.609,0.2752,0.5631,0.2293,0.6549,0.3211,47,47.0,,25.47,,,0.3629,1.152,,0.0,,,fraction_of_image,copy-paste,0.3,7.5,200,c0008_right_upper_clear_small,n0463,0,165,0.285,-0.6405,0.0188,0.0904
c0008_right_upper_moderate_small__cp,c0008,copypaste,right,upper,moderate,lateral,small,553401956,2393,2112,140,0,2112,0.24242,45,0.4688,0.1094,0.8281,0.8633,0.6879,0.2752,0.642,0.2293,0.7338,0.3211,47,47.0,,62.44,,,0.6999,1.152,,0.0,,,fraction_of_image,copy-paste,0.3,7.5,200,c0008_right_upper_moderate_small,n0966,0,145,0.324,0.0011,0.0592,0.1067
c0008_right_upper_on_structure_small__cp,c0008,copypaste,right,upper,on_structure,lateral,small,1748520410,2393,2112,140,0,2112,0.24242,45,0.4688,0.1094,0.8281,0.8633,0.7536,0.2752,0.7077,0.2293,0.7995,0.3211,47,47.0,,43.63,,,1.4124,1.152,,0.0,,,fraction_of_image,copy-paste,0.3,7.5,200,c0008_right_upper_on_structure_small,n0933,0,125,0.376,0.1887,0.1455,0.1368
c0008_right_upper_clear_medium__cp,c0008,copypaste,right,upper,clear,medial,medium,39472663,2393,2112,140,0,2112,0.24242,45,0.4688,0.1094,0.8281,0.8633,0.613,0.2752,0.5544,0.2166,0.6716,0.3338,60,60.0,,32.11,,,0.4034,1.0334,,0.0,,,fraction_of_image,copy-paste,0.3,7.5,200,c0008_right_upper_clear_medium,n0127,0,129,0.465,-0.0968,0.0315,0.0919
c0008_right_upper_moderate_medium__cp,c0008,copypaste,right,upper,moderate,lateral,medium,1688757948,2393,2112,140,0,2112,0.24242,45,0.4688,0.1094,0.8281,0.8633,0.6839,0.2752,0.6253,0.2166,0.7425,0.3338,60,60.0,,62.93,,,0.6587,1.0334,,0.0,,,fraction_of_image,copy-paste,0.3,7.5,200,c0008_right_upper_moderate_medium,n0009,0,64,0.938,0.0523,0.0646,0.1252
c0008_right_upper_on_structure_medium__cp,c0008,copypaste,right,upper,on_structure,lateral,medium,709251880,2393,2112,140,0,2112,0.24242,45,0.4688,0.1094,0.8281,0.8633,0.743,0.2752,0.6844,0.2166,0.8016,0.3338,60,60.0,,53.38,,,1.3095,1.0334,,0.0,,,fraction_of_image,copy-paste,0.3,7.5,200,c0008_right_upper_on_structure_medium,n0119,0,131,0.458,0.2748,0.0588,0.1533
c0008_right_upper_clear_large__cp,c0008,copypaste,right,upper,clear,medial,large,2066480623,2393,2112,140,0,2112,0.24242,45,0.4688,0.1094,0.8281,0.8633,0.6173,0.2752,0.545,0.203,0.6896,0.3475,74,74.0,,46.89,,,0.4455,0.8973,,0.0,,,fraction_of_image,copy-paste,0.3,7.5,200,c0008_right_upper_clear_large,n0408,0,119,0.622,-0.3098,0.0693,0.0907
c0008_right_upper_moderate_large__cp,c0008,copypaste,right,upper,moderate,lateral,large,1806614230,2393,2112,140,0,2112,0.24242,45,0.4688,0.1094,0.8281,0.8633,0.6796,0.2752,0.6073,0.203,0.7518,0.3475,74,74.0,,60.16,,,0.6383,0.8973,,0.0,,,fraction_of_image,copy-paste,0.3,7.5,200,c0008_right_upper_moderate_large,n0124,0,98,0.755,0.0862,0.0787,0.1367
c0008_right_upper_on_structure_large__cp,c0008,copypaste,right,upper,on_structure,lateral,large,472440333,2393,2112,140,0,2112,0.24242,45,0.4688,0.1094,0.8281,0.8633,0.7315,0.2752,0.6592,0.203,0.8038,0.3475,74,74.0,,60.27,,,1.1923,0.8973,,0.0,,,fraction_of_image,copy-paste,0.3,7.5,200,c0008_right_upper_on_structure_large,n0084,0,79,0.937,0.0523,0.0452,0.1808
c0008_right_mid_clear_small__cp,c0008,copypaste,right,mid,clear,medial,small,1542811399,2393,2112,140,0,2112,0.24242,45,0.4688,0.1094,0.8281,0.8633,0.6484,0.4863,0.6025,0.4404,0.6943,0.5322,47,47.0,,27.33,,,0.6407,0.7519,,0.0,,,fraction_of_image,copy-paste,0.3,7.5,200,c0008_right_mid_clear_small,n0277,2,63,0.746,-0.1293,0.0221,0.1079
c0008_right_mid_moderate_small__cp,c0008,copypaste,right,mid,moderate,lateral,small,1932721238,2393,2112,140,0,2112,0.24242,45,0.4688,0.1094,0.8281,0.8633,0.7142,0.4863,0.6683,0.4404,0.7601,0.5322,47,47.0,,24.32,,,0.8497,0.7519,,0.0,,,fraction_of_image,copy-paste,0.3,7.5,200,c0008_right_mid_moderate_small,n0730,0,62,0.758,0.001,0.0693,0.0627
c0008_right_mid_on_structure_small__cp,c0008,copypaste,right,mid,on_structure,medial,small,1495252733,2393,2112,140,0,2112,0.24242,45,0.4688,0.1094,0.8281,0.8633,0.5432,0.4863,0.4973,0.4404,0.5891,0.5322,47,47.0,,59.21,,,1.2028,0.7519,,0.0,,,fraction_of_image,copy-paste,0.3,7.5,200,c0008_right_mid_on_structure_small,n0583,0,126,0.373,-0.0269,-0.0011,0.0977
c0008_right_mid_clear_medium__cp,c0008,copypaste,right,mid,clear,medial,medium,1857305152,2393,2112,140,0,2112,0.24242,45,0.4688,0.1094,0.8281,0.8633,0.613,0.4863,0.5544,0.4277,0.6716,0.5449,60,60.0,,42.5,,,0.6223,0.6589,,0.0,,,fraction_of_image,copy-paste,0.3,7.5,200,c0008_right_mid_clear_medium,n0298,0,105,0.571,0.0928,0.0399,0.1114
c0008_right_mid_moderate_medium__cp,c0008,copypaste,right,mid,moderate,lateral,medium,220263694,2393,2112,140,0,2112,0.24242,45,0.4688,0.1094,0.8281,0.8633,0.7075,0.4863,0.6489,0.4277,0.7661,0.5449,60,60.0,,32.44,,,0.853,0.6589,,0.0,,,fraction_of_image,copy-paste,0.3,7.5,200,c0008_right_mid_moderate_medium,n1082,0,242,0.248,0.228,0.172,0.0786
c0008_right_mid_on_structure_medium__cp,c0008,copypaste,right,mid,on_structure,medial,medium,1912473678,2393,2112,140,0,2112,0.24242,45,0.4688,0.1094,0.8281,0.8633,0.5539,0.4863,0.4953,0.4277,0.6125,0.5449,60,60.0,,63.46,,,1.0895,0.6589,,0.0,,,fraction_of_image,copy-paste,0.3,7.5,200,c0008_right_mid_on_structure_medium,n0797,0,84,0.714,0.2925,0.1781,0.1309
c0008_right_mid_clear_large__cp,c0008,copypaste,right,mid,clear,medial,large,1573876383,2393,2112,140,0,2112,0.24242,45,0.4688,0.1094,0.8281,0.8633,0.6381,0.4863,0.5658,0.4141,0.7103,0.5586,74,74.0,,43.08,,,0.6249,0.5336,,0.0,,,fraction_of_image,copy-paste,0.3,7.5,200,c0008_right_mid_clear_large,n0701,0,119,0.622,-0.1573,0.0417,0.1092
c0008_right_mid_moderate_large__cp,c0008,copypaste,right,mid,moderate,lateral,large,1587887138,2393,2112,140,0,2112,0.24242,45,0.4688,0.1094,0.8281,0.8633,0.69,0.4863,0.6177,0.4141,0.7622,0.5586,74,74.0,,38.87,,,0.8049,0.5336,,0.0,,,fraction_of_image,copy-paste,0.3,7.5,200,c0008_right_mid_moderate_large,n1073,0,186,0.398,0.0082,0.113,0.1017
c0008_right_mid_on_structure_large__cp,c0008,copypaste,right,mid,on_structure,medial,large,1201073288,2393,2112,140,0,2112,0.24242,45,0.4688,0.1094,0.8281,0.8633,0.5654,0.4863,0.4931,0.4141,0.6377,0.5586,74,74.0,,63.75,,,0.9678,0.5336,,0.0,,,fraction_of_image,copy-paste,0.3,7.5,200,c0008_right_mid_on_structure_large,n0899,0,80,0.925,-0.0588,-0.0223,0.162
c0008_right_lower_clear_small__cp,c0008,copypaste,right,lower,clear,lateral,small,886960637,2393,2112,140,0,2112,0.24242,45,0.4688,0.1094,0.8281,0.8633,0.7142,0.6974,0.6683,0.6515,0.7601,0.7433,47,47.0,,28.93,,,0.6245,0.8628,,0.2955,,,fraction_of_image,copy-paste,0.3,7.5,200,c0008_right_lower_clear_small,n0146,0,230,0.204,-0.205,-0.0138,0.0503
c0008_right_lower_moderate_small__cp,c0008,copypaste,right,lower,moderate,medial,small,1705343106,2393,2112,140,0,2112,0.24242,45,0.4688,0.1094,0.8281,0.8633,0.6484,0.6974,0.6025,0.6515,0.6943,0.7433,47,47.0,,40.98,,,0.9813,0.8628,,0.0,,,fraction_of_image,copy-paste,0.3,7.5,200,c0008_right_lower_moderate_small,n0040,0,100,0.47,0.0909,0.1587,0.1751
c0008_right_lower_on_structure_small__cp,c0008,copypaste,right,lower,on_structure,medial,small,1292434520,2393,2112,140,0,2112,0.24242,45,0.4688,0.1094,0.8281,0.8633,0.5564,0.6974,0.5105,0.6515,0.6023,0.7433,47,47.0,,34.39,,,1.4239,0.8628,,0.0,,,fraction_of_image,copy-paste,0.3,7.5,200,c0008_right_lower_on_structure_small,n0971,0,117,0.402,0.43,0.1556,0.0646
c0008_right_lower_clear_medium__cp,c0008,copypaste,right,lower,clear,lateral,medium,1529533633,2393,2112,140,0,2112,0.24242,45,0.4688,0.1094,0.8281,0.8633,0.7193,0.6974,0.6607,0.6388,0.7779,0.756,60,60.0,,33.99,,,0.646,0.7975,,0.2955,,,fraction_of_image,copy-paste,0.3,7.5,200,c0008_right_lower_clear_medium,n0455,0,103,0.583,0.089,0.0484,0.0587
c0008_right_lower_moderate_medium__cp,c0008,copypaste,right,lower,moderate,medial,medium,1932200100,2393,2112,140,0,2112,0.24242,45,0.4688,0.1094,0.8281,0.8633,0.6484,0.6974,0.5898,0.6388,0.707,0.756,60,60.0,,44.37,,,0.9658,0.7975,,0.2955,,,fraction_of_image,copy-paste,0.3,7.5,200,c0008_right_lower_moderate_medium,n0064,0,82,0.732,0.1359,-0.0067,0.1829
c0008_right_lower_on_structure_medium__cp,c0008,copypaste,right,lower,on_structure,medial,medium,1223585234,2393,2112,140,0,2112,0.24242,45,0.4688,0.1094,0.8281,0.8633,0.5539,0.6974,0.4953,0.6388,0.6125,0.756,60,60.0,,41.6,,,1.399,0.7975,,0.0,,,fraction_of_image,copy-paste,0.3,7.5,200,c0008_right_lower_on_structure_medium,n0539,0,136,0.441,0.3175,0.1156,0.0688
c0008_right_lower_clear_large__cp,c0008,copypaste,right,lower,clear,lateral,large,1583190458,2393,2112,140,0,2112,0.24242,45,0.4688,0.1094,0.8281,0.8633,0.7211,0.6974,0.6488,0.6252,0.7934,0.7697,74,74.0,,45.49,,,0.6656,0.7382,,0.2955,,,fraction_of_image,copy-paste,0.3,7.5,200,c0008_right_lower_clear_large,n0423,0,118,0.627,0.0465,0.115,0.0688
c0008_right_lower_moderate_large__cp,c0008,copypaste,right,lower,moderate,medial,large,705956983,2393,2112,140,0,2112,0.24242,45,0.4688,0.1094,0.8281,0.8633,0.6484,0.6974,0.5762,0.6252,0.7207,0.7697,74,74.0,,47.06,,,0.9496,0.7382,,0.2955,,,fraction_of_image,copy-paste,0.3,7.5,200,c0008_right_lower_moderate_large,n0486,0,95,0.779,0.2047,0.1133,0.1767
c0008_right_lower_on_structure_large__cp,c0008,copypaste,right,lower,on_structure,medial,large,1497200483,2393,2112,140,0,2112,0.24242,45,0.4688,0.1094,0.8281,0.8633,0.5654,0.6974,0.4931,0.6252,0.6377,0.7697,74,74.0,,57.15,,,1.3733,0.7382,,0.0,,,fraction_of_image,copy-paste,0.3,7.5,200,c0008_right_lower_on_structure_large,n0484,0,109,0.679,0.3296,-0.0088,0.0841
c0009_left_upper_clear_small__cp,c0009,copypaste,left,upper,clear,medial,small,41390846,1948,1528,210,0,1528,0.33508,40,0.0898,0.1816,0.4668,0.8516,0.3905,0.329,0.3446,0.2831,0.4364,0.3749,47,47.0,,35.01,,,0.5002,1.1265,,0.0,,,fraction_of_image,copy-paste,0.3,7.5,200,c0009_left_upper_clear_small,n0345,0,107,0.439,-0.1064,0.0704,0.1107
c0009_left_upper_moderate_small__cp,c0009,copypaste,left,upper,moderate,lateral,small,2050294536,1948,1528,210,0,1528,0.33508,40,0.0898,0.1816,0.4668,0.8516,0.2783,0.329,0.2324,0.2831,0.3242,0.3749,47,47.0,,48.12,,,0.7266,1.1265,,0.0,,,fraction_of_image,copy-paste,0.3,7.5,200,c0009_left_upper_moderate_small,n0543,0,73,0.644,-0.1648,0.0515,0.0625
c0009_left_upper_on_structure_small__cp,c0009,copypaste,left,upper,on_structure,lateral,small,1786050335,1948,1528,210,0,1528,0.33508,40,0.0898,0.1816,0.4668,0.8516,0.1942,0.329,0.1483,0.2831,0.24,0.3749,47,47.0,,38.71,,,1.4962,1.1265,,0.0,,,fraction_of_image,copy-paste,0.3,7.5,200,c0009_left_upper_on_structure_small,n0547,0,70,0.671,0.2741,0.1076,0.1691
c0009_left_upper_clear_medium__cp,c0009,copypaste,left,upper,clear,medial,medium,1832435270,1948,1528,210,0,1528,0.33508,40,0.0898,0.1816,0.4668,0.8516,0.3799,0.329,0.3213,0.2704,0.4385,0.3876,60,60.0,,40.51,,,0.5022,1.0988,,0.0,,,fraction_of_image,copy-paste,0.3,7.5,200,c0009_left_upper_clear_medium,n1109,0,107,0.561,-0.3456,0.0662,0.1126
c0009_left_upper_moderate_medium__cp,c0009,copypaste,left,upper,moderate,lateral,medium,180315291,1948,1528,210,0,1528,0.33508,40,0.0898,0.1816,0.4668,0.8516,0.2783,0.329,0.2197,0.2704,0.3369,0.3876,60,60.0,,56.56,,,0.7047,1.0988,,0.0,,,fraction_of_image,copy-paste,0.3,7.5,200,c0009_left_upper_moderate_medium,n0789,0,74,0.811,-0.0467,0.0022,0.0795
c0009_left_upper_on_structure_medium__cp,c0009,copypaste,left,upper,on_structure,lateral,medium,1551515773,1948,1528,210,0,1528,0.33508,40,0.0898,0.1816,0.4668,0.8516,0.1514,0.329,0.0928,0.2704,0.21,0.3876,60,60.0,,41.49,,,1.524,1.0988,,0.0,,,fraction_of_image,copy-paste,0.3,7.5,200,c0009_left_upper_on_structure_medium,n0890,0,106,0.566,0.2938,0.1405,0.0819
c0009_left_upper_clear_large__cp,c0009,copypaste,left,upper,clear,medial,large,1090596532,1948,1528,210,0,1528,0.33508,40,0.0898,0.1816,0.4668,0.8516,0.3684,0.329,0.2961,0.2568,0.4407,0.4013,74,74.0,,45.51,,,0.5154,1.0157,,0.0,,,fraction_of_image,copy-paste,0.3,7.5,200,c0009_left_upper_clear_large,n0006,1,115,0.643,0.0882,0.0301,0.1127
c0009_left_upper_moderate_large__cp,c0009,copypaste,left,upper,moderate,lateral,large,598176233,1948,1528,210,0,1528,0.33508,40,0.0898,0.1816,0.4668,0.8516,0.2783,0.329,0.2061,0.2568,0.3506,0.4013,74,74.0,,57.18,,,0.6985,1.0157,,0.0,,,fraction_of_image,copy-paste,0.3,7.5,200,c0009_left_upper_moderate_large,n0335,1,95,0.779,-0.148,0.0553,0.0997
c0009_left_upper_on_structure_large__cp,c0009,copypaste,left,upper,on_structure,lateral,large,7582589,1948,1528,210,0,1528,0.33508,40,0.0898,0.1816,0.4668,0.8516,0.1882,0.329,0.116,0.2568,0.2605,0.4013,74,74.0,,53.31,,,1.407,1.0157,,0.0,,,fraction_of_image,copy-paste,0.3,7.5,200,c0009_left_upper_on_structure_large,n1115,0,119,0.622,0.0127,0.0487,0.1539
c0009_left_mid_clear_small__cp,c0009,copypaste,left,mid,clear,medial,small,1969459775,1948,1528,210,0,1528,0.33508,40,0.0898,0.1816,0.4668,0.8516,0.3485,0.5166,0.3026,0.4707,0.3944,0.5625,47,47.0,,30.59,,,0.4858,1.3179,,0.0,,,fraction_of_image,copy-paste,0.3,7.5,200,c0009_left_mid_clear_small,n0288,1,69,0.681,-0.0353,0.1283,0.1071
c0009_left_mid_moderate_small__cp,c0009,copypaste,left,mid,moderate,lateral,small,1028288029,1948,1528,210,0,1528,0.33508,40,0.0898,0.1816,0.4668,0.8516,0.2643,0.5166,0.2184,0.4707,0.3102,0.5625,47,47.0,,24.85,,,0.6389,1.3179,,0.0,,,fraction_of_image,copy-paste,0.3,7.5,200,c0009_left_mid_moderate_small,n0570,0,63,0.746,0.0019,0.1001,0.0885
c0009_left_mid_on_structure_small__cp,c0009,copypaste,left,mid,on_structure,lateral,small,1932883778,1948,1528,210,0,1528,0.33508,40,0.0898,0.1816,0.4668,0.8516,0.1661,0.5166,0.1202,0.4707,0.212,0.5625,47,47.0,,54.0,,,1.3764,1.3179,,0.0,,,fraction_of_image,copy-paste,0.3,7.5,200,c0009_left_mid_on_structure_small,n0969,0,81,0.58,0.2192,0.1403,0.1986
c0009_left_mid_clear_medium__cp,c0009,copypaste,left,mid,clear,medial,medium,1600975322,1948,1528,210,0,1528,0.33508,40,0.0898,0.1816,0.4668,0.8516,0.3164,0.5166,0.2578,0.458,0.375,0.5752,60,60.0,,27.91,,,0.5345,1.0626,,0.0,,,fraction_of_image,copy-paste,0.3,7.5,200,c0009_left_mid_clear_medium,n0715,0,71,0.845,-0.1996,0.0537,0.0929
c0009_left_mid_moderate_medium__cp,c0009,copypaste,left,mid,moderate,lateral,medium,1605357009,1948,1528,210,0,1528,0.33508,40,0.0898,0.1816,0.4668,0.8516,0.2656,0.5166,0.207,0.458,0.3242,0.5752,60,60.0,,33.47,,,0.6063,1.0626,,0.0,,,fraction_of_image,copy-paste,0.3,7.5,200,c0009_left_mid_moderate_medium,n1001,1,60,1.0,-0.1277,0.0595,0.081
c0009_left_mid_on_structure_medium__cp,c0009,copypaste,left,mid,on_structure,lateral,medium,2040388054,1948,1528,210,0,1528,0.33508,40,0.0898,0.1816,0.4668,0.8516,0.1768,0.5166,0.1182,0.458,0.2354,0.5752,60,60.0,,56.12,,,1.1919,1.0626,,0.0,,,fraction_of_image,copy-paste,0.3,7.5,200,c0009_left_mid_on_structure_medium,n0173,0,77,0.779,0.1724,0.0289,0.2089
c0009_left_mid_clear_large__cp,c0009,copypaste,left,mid,clear,medial,large,591390748,1948,1528,210,0,1528,0.33508,40,0.0898,0.1816,0.4668,0.8516,0.2896,0.5166,0.2173,0.4443,0.3618,0.5889,74,74.0,,31.6,,,0.5682,0.8259,,0.0,,,fraction_of_image,copy-paste,0.3,7.5,200,c0009_left_mid_clear_large,n0570,2,87,0.851,-0.2639,-0.0406,0.0861
c0009_left_mid_moderate_large__cp,c0009,copypaste,left,mid,moderate,medial,large,813335921,1948,1528,210,0,1528,0.33508,40,0.0898,0.1816,0.4668,0.8516,0.3571,0.5166,0.2849,0.4443,0.4294,0.5889,74,74.0,,49.07,,,0.6031,0.8259,,0.0,,,fraction_of_image,copy-paste,0.3,7.5,200,c0009_left_mid_moderate_large,n0703,0,234,0.316,0.0048,0.2399,0.1217
c0009_left_mid_on_structure_large__cp,c0009,copypaste,left,mid,on_structure,lateral,large,1717165236,1948,1528,210,0,1528,0.33508,40,0.0898,0.1816,0.4668,0.8516,0.1882,0.5166,0.116,0.4443,0.2605,0.5889,74,74.0,,55.32,,,1.0674,0.8259,,0.0,,,fraction_of_image,copy-paste,0.3,7.5,200,c0009_left_mid_on_structure_large,n0384,0,75,0.987,0.2826,0.0903,0.208
c0009_left_lower_clear_small__cp,c0009,copypaste,left,lower,clear,medial,small,1816790010,1948,1528,210,0,1528,0.33508,40,0.0898,0.1816,0.4668,0.8516,0.3905,0.7042,0.3446,0.6583,0.4364,0.7501,47,47.0,,41.34,,,0.7614,0.5786,,0.0,,,fraction_of_image,copy-paste,0.3,7.5,200,c0009_left_lower_clear_small,n0641,1,72,0.653,0.1056,0.1309,0.0995
c0009_left_lower_moderate_small__cp,c0009,copypaste,left,lower,moderate,lateral,small,6081593,1948,1528,210,0,1528,0.33508,40,0.0898,0.1816,0.4668,0.8516,0.2222,0.7042,0.1763,0.6583,0.2681,0.7501,47,47.0,,34.29,,,0.8523,0.5786,,0.0,,,fraction_of_image,copy-paste,0.3,7.5,200,c0009_left_lower_moderate_small,n1129,0,62,0.758,-0.1636,0.0277,0.0845
c0009_left_lower_on_structure_small__cp,c0009,copypaste,left,lower,on_structure,lateral,small,1197347406,1948,1528,210,0,1528,0.33508,40,0.0898,0.1816,0.4668,0.8516,0.1661,0.7042,0.1202,0.6583,0.212,0.7501,47,47.0,,45.04,,,1.0772,0.5786,,0.0683,,,fraction_of_image,copy-paste,0.3,7.5,200,c0009_left_lower_on_structure_small,n0834,0,60,0.783,-0.0515,0.0794,0.1
c0009_left_lower_clear_medium__cp,c0009,copypaste,left,lower,clear,medial,medium,687815052,1948,1528,210,0,1528,0.33508,40,0.0898,0.1816,0.4668,0.8516,0.3545,0.7042,0.2959,0.6456,0.4131,0.7628,60,60.0,,31.97,,,0.7645,0.4862,,0.0,,,fraction_of_image,copy-paste,0.3,7.5,200,c0009_left_lower_clear_medium,n0349,0,176,0.341,-0.3007,0.0525,0.11
c0009_left_lower_moderate_medium__cp,c0009,copypaste,left,lower,moderate,lateral,medium,2082158423,1948,1528,210,0,1528,0.33508,40,0.0898,0.1816,0.4668,0.8516,0.2275,0.7042,0.1689,0.6456,0.2861,0.7628,60,60.0,,35.21,,,0.835,0.4862,,0.0,,,fraction_of_image,copy-paste,0.3,7.5,200,c0009_left_lower_moderate_medium,n0071,0,176,0.341,-0.5925,0.0264,0.0824
c0009_left_lower_on_structure_medium__cp,c0009,copypaste,left,lower,on_structure,lateral,medium,275170350,1948,1528,210,0,1528,0.33508,40,0.0898,0.1816,0.4668,0.8516,0.1768,0.7042,0.1182,0.6456,0.2354,0.7628,60,60.0,,53.75,,,1.0489,0.4862,,0.0683,,,fraction_of_image,copy-paste,0.3,7.5,200,c0009_left_lower_on_structure_medium,n0192,0,65,0.923,0.2133,0.1091,0.1057
c0009_left_lower_clear_large__cp,c0009,copypaste,left,lower,clear,medial,large,1293579034,1948,1528,210,0,1528,0.33508,40,0.0898,0.1816,0.4668,0.8516,0.3684,0.7042,0.2961,0.6319,0.4407,0.7764,74,74.0,,50.22,,,0.7677,0.3826,,0.0,,,fraction_of_image,copy-paste,0.3,7.5,200,c0009_left_lower_clear_large,n0297,0,88,0.841,-0.0978,0.0985,0.1047
c0009_left_lower_moderate_large__cp,c0009,copypaste,left,lower,moderate,lateral,large,1719407860,1948,1528,210,0,1528,0.33508,40,0.0898,0.1816,0.4668,0.8516,0.2333,0.7042,0.161,0.6319,0.3055,0.7764,74,74.0,,38.95,,,0.8207,0.3826,,0.0683,,,fraction_of_image,copy-paste,0.3,7.5,200,c0009_left_lower_moderate_large,n1005,0,119,0.622,-0.1841,0.0448,0.084
c0009_left_lower_on_structure_large__cp,c0009,copypaste,left,lower,on_structure,lateral,large,44611743,1948,1528,210,0,1528,0.33508,40,0.0898,0.1816,0.4668,0.8516,0.1882,0.7042,0.116,0.6319,0.2605,0.7764,74,74.0,,54.85,,,0.9938,0.3826,,0.0683,,,fraction_of_image,copy-paste,0.3,7.5,200,c0009_left_lower_on_structure_large,n0296,0,107,0.692,-0.2562,0.0251,0.1136
c0009_right_upper_clear_small__cp,c0009,copypaste,right,upper,clear,medial,small,1546970609,1948,1528,210,0,1528,0.33508,40,0.5742,0.1738,0.9355,0.8574,0.7416,0.3242,0.6957,0.2783,0.7875,0.3701,47,47.0,,33.92,,,0.5067,0.924,,0.0,,,fraction_of_image,copy-paste,0.3,7.5,200,c0009_right_upper_clear_small,n0921,2,56,0.839,-0.3296,0.1315,0.0933
c0009_right_upper_moderate_small__cp,c0009,copypaste,right,upper,moderate,medial,small,1660998503,1948,1528,210,0,1528,0.33508,40,0.5742,0.1738,0.9355,0.8574,0.6357,0.3242,0.5898,0.2783,0.6816,0.3701,47,47.0,,51.2,,,0.6036,0.924,,0.0,,,fraction_of_image,copy-paste,0.3,7.5,200,c0009_right_upper_moderate_small,n0295,0,48,0.979,0.0439,0.0939,0.1127
c0009_right_upper_on_structure_small__cp,c0009,copypaste,right,upper,on_structure,lateral,small,379421730,1948,1528,210,0,1528,0.33508,40,0.5742,0.1738,0.9355,0.8574,0.8609,0.3242,0.815,0.2783,0.9068,0.3701,47,47.0,,35.05,,,1.3433,0.924,,0.0,,,fraction_of_image,copy-paste,0.3,7.5,200,c0009_right_upper_on_structure_small,n0750,2,51,0.922,0.2885,0.0425,0.1228
c0009_right_upper_clear_medium__cp,c0009,copypaste,right,upper,clear,medial,medium,1832611830,1948,1528,210,0,1528,0.33508,40,0.5742,0.1738,0.9355,0.8574,0.6715,0.3242,0.6129,0.2656,0.7301,0.3828,60,60.0,,45.03,,,0.5038,0.8483,,0.0,,,fraction_of_image,copy-paste,0.3,7.5,200,c0009_right_upper_clear_medium,n0592,0,97,0.619,-0.059,0.0239,0.1018
c0009_right_upper_moderate_medium__cp,c0009,copypaste,right,upper,moderate,medial,medium,21583176,1948,1528,210,0,1528,0.33508,40,0.5742,0.1738,0.9355,0.8574,0.6477,0.3242,0.5891,0.2656,0.7062,0.3828,60,60.0,,57.01,,,0.5422,0.8483,,0.0,,,fraction_of_image,copy-paste,0.3,7.5,200,c0009_right_upper_moderate_medium,n1089,0,97,0.619,-0.1273,0.1215,0.108
c0009_right_upper_on_structure_medium__cp,c0009,copypaste,right,upper,on_structure,lateral,medium,1032309566,1948,1528,210,0,1528,0.33508,40,0.5742,0.1738,0.9355,0.8574,0.8502,0.3242,0.7916,0.2656,0.9088,0.3828,60,60.0,,42.41,,,1.2444,0.8483,,0.0,,,fraction_of_image,copy-paste,0.3,7.5,200,c0009_right_upper_on_structure_medium,n0635,0,346,0.173,0.13,0.0886,0.1326
c0009_right_upper_clear_large__cp,c0009,copypaste,right,upper,clear,medial,large,1634622567,1948,1528,210,0,1528,0.33508,40,0.5742,0.1738,0.9355,0.8574,0.713,0.3242,0.6407,0.252,0.7852,0.3965,74,74.0,,41.5,,,0.5083,0.7704,,0.0,,,fraction_of_image,copy-paste,0.3,7.5,200,c0009_right_upper_clear_large,n1059,0,145,0.51,-0.0635,0.076,0.1146
c0009_right_upper_moderate_large__cp,c0009,copypaste,right,upper,moderate,lateral,large,1137220794,1948,1528,210,0,1528,0.33508,40,0.5742,0.1738,0.9355,0.8574,0.7654,0.3242,0.6931,0.252,0.8376,0.3965,74,74.0,,55.24,,,0.547,0.7704,,0.0,,,fraction_of_image,copy-paste,0.3,7.5,200,c0009_right_upper_moderate_large,n1098,0,81,0.914,0.0412,0.1861,0.1092
c0009_right_upper_on_structure_large__cp,c0009,copypaste,right,upper,on_structure,lateral,large,934687400,1948,1528,210,0,1528,0.33508,40,0.5742,0.1738,0.9355,0.8574,0.8387,0.3242,0.7664,0.252,0.911,0.3965,74,74.0,,45.68,,,1.1577,0.7704,,0.0,,,fraction_of_image,copy-paste,0.3,7.5,200,c0009_right_upper_on_structure_large,n0851,0,85,0.871,0.1194,0.0438,0.1523
c0009_right_mid_clear_small__cp,c0009,copypaste,right,mid,clear,medial,small,2057300521,1948,1528,210,0,1528,0.33508,40,0.5742,0.1738,0.9355,0.8574,0.7549,0.5156,0.709,0.4697,0.8008,0.5615,47,47.0,,25.39,,,0.3909,0.8367,,0.0,,,fraction_of_image,copy-paste,0.3,7.5,200,c0009_right_mid_clear_small,n0699,0,56,0.839,-0.2501,-0.0468,0.0704
c0009_right_mid_moderate_small__cp,c0009,copypaste,right,mid,moderate,lateral,small,1890593415,1948,1528,210,0,1528,0.33508,40,0.5742,0.1738,0.9355,0.8574,0.8211,0.5156,0.7752,0.4697,0.867,0.5615,47,47.0,,38.81,,,0.759,0.8367,,0.0,,,fraction_of_image,copy-paste,0.3,7.5,200,c0009_right_mid_moderate_small,n0967,0,93,0.505,-0.1247,0.051,0.0766
c0009_right_mid_on_structure_small__cp,c0009,copypaste,right,mid,on_structure,medial,small,1580823691,1948,1528,210,0,1528,0.33508,40,0.5742,0.1738,0.9355,0.8574,0.6489,0.5156,0.603,0.4697,0.6948,0.5615,47,47.0,,41.94,,,1.0117,0.8367,,0.0,,,fraction_of_image,copy-paste,0.3,7.5,200,c0009_right_mid_on_structure_small,n1130,0,63,0.746,0.1388,0.0896,0.0848
c0009_right_mid_clear_medium__cp,c0009,copypaste,right,mid,clear,medial,medium,569411480,1948,1528,210,0,1528,0.33508,40,0.5742,0.1738,0.9355,0.8574,0.7549,0.5156,0.6963,0.457,0.8135,0.5742,60,60.0,,30.23,,,0.4177,0.6677,,0.0,,,fraction_of_image,copy-paste,0.3,7.5,200,c0009_right_mid_clear_medium,n0262,1,83,0.723,-0.1927,0.1952,0.0855
c0009_right_mid_moderate_medium__cp,c0009,copypaste,right,mid,moderate,lateral,medium,1986854706,1948,1528,210,0,1528,0.33508,40,0.5742,0.1738,0.9355,0.8574,0.8145,0.5156,0.7559,0.457,0.873,0.5742,60,60.0,,44.48,,,0.7037,0.6677,,0.0,,,fraction_of_image,copy-paste,0.3,7.5,200,c0009_right_mid_moderate_medium,n0628,0,90,0.667,-0.4531,0.0271,0.0839
c0009_right_mid_on_structure_medium__cp,c0009,copypaste,right,mid,on_structure,medial,medium,764184045,1948,1528,210,0,1528,0.33508,40,0.5742,0.1738,0.9355,0.8574,0.6477,0.5156,0.5891,0.457,0.7062,0.5742,60,60.0,,54.92,,,0.9867,0.6677,,0.0,,,fraction_of_image,copy-paste,0.3,7.5,200,c0009_right_mid_on_structure_medium,n0154,1,65,0.923,0.0239,0.016,0.1039
c0009_right_mid_clear_large__cp,c0009,copypaste,right,mid,clear,medial,large,336697422,1948,1528,210,0,1528,0.33508,40,0.5742,0.1738,0.9355,0.8574,0.7339,0.5156,0.6617,0.4434,0.8062,0.5879,74,74.0,,36.02,,,0.4658,0.524,,0.0,,,fraction_of_image,copy-paste,0.3,7.5,200,c0009_right_mid_clear_large,n0119,1,111,0.667,-0.0893,0.051,0.1012
c0009_right_mid_moderate_large__cp,c0009,copypaste,right,mid,moderate,lateral,large,1331660465,1948,1528,210,0,1528,0.33508,40,0.5742,0.1738,0.9355,0.8574,0.8073,0.5156,0.735,0.4434,0.8795,0.5879,74,74.0,,47.13,,,0.6385,0.524,,0.0,,,fraction_of_image,copy-paste,0.3,7.5,200,c0009_right_mid_moderate_large,n0751,0,90,0.822,-0.3264,0.0217,0.0934
c0009_right_mid_on_structure_large__cp,c0009,copypaste,right,mid,on_structure,medial,large,886482405,1948,1528,210,0,1528,0.33508,40,0.5742,0.1738,0.9355,0.8574,0.6606,0.5156,0.5883,0.4434,0.7328,0.5879,74,74.0,,59.39,,,0.9084,0.524,,0.0,,,fraction_of_image,copy-paste,0.3,7.5,200,c0009_right_mid_on_structure_large,n0050,0,101,0.733,-0.0523,0.0918,0.1272
c0009_right_lower_clear_small__cp,c0009,copypaste,right,lower,clear,lateral,small,1949357551,1948,1528,210,0,1528,0.33508,40,0.5742,0.1738,0.9355,0.8574,0.7946,0.707,0.7487,0.6611,0.8405,0.7529,47,47.0,,27.71,,,0.7709,0.6674,,0.0,,,fraction_of_image,copy-paste,0.3,7.5,200,c0009_right_lower_clear_small,n0809,0,97,0.485,-0.0551,0.0774,0.1049
c0009_right_lower_moderate_small__cp,c0009,copypaste,right,lower,moderate,lateral,small,1425978207,1948,1528,210,0,1528,0.33508,40,0.5742,0.1738,0.9355,0.8574,0.8874,0.707,0.8415,0.6611,0.9333,0.7529,47,47.0,,51.5,,,0.9332,0.6674,,0.0,,,fraction_of_image,copy-paste,0.3,7.5,200,c0009_right_lower_moderate_small,n0927,0,114,0.412,-0.0494,0.1178,0.0713
c0009_right_lower_on_structure_small__cp,c0009,copypaste,right,lower,on_structure,medial,small,128569198,1948,1528,210,0,1528,0.33508,40,0.5742,0.1738,0.9355,0.8574,0.6754,0.707,0.6295,0.6611,0.7213,0.7529,47,47.0,,26.18,,,1.3604,0.6674,,0.0,,,fraction_of_image,copy-paste,0.3,7.5,200,c0009_right_lower_on_structure_small,n0179,0,119,0.395,-0.0287,0.0238,0.0533
c0009_right_lower_clear_medium__cp,c0009,copypaste,right,lower,clear,lateral,medium,1592359393,1948,1528,210,0,1528,0.33508,40,0.5742,0.1738,0.9355,0.8574,0.7668,0.707,0.7082,0.6484,0.8254,0.7656,60,60.0,,38.06,,,0.7827,0.6195,,0.0,,,fraction_of_image,copy-paste,0.3,7.5,200,c0009_right_lower_clear_medium,n0775,0,69,0.87,0.2399,0.1394,0.1262
c0009_right_lower_moderate_medium__cp,c0009,copypaste,right,lower,moderate,lateral,medium,1919042932,1948,1528,210,0,1528,0.33508,40,0.5742,0.1738,0.9355,0.8574,0.874,0.707,0.8154,0.6484,0.9326,0.7656,60,60.0,,57.05,,,0.9086,0.6195,,0.0,,,fraction_of_image,copy-paste,0.3,7.5,200,c0009_right_lower_moderate_medium,n0441,0,160,0.375,0.1404,0.1251,0.07
c0009_right_lower_on_structure_medium__cp,c0009,copypaste,right,lower,on_structure,medial,medium,1978609575,1948,1528,210,0,1528,0.33508,40,0.5742,0.1738,0.9355,0.8574,0.6477,0.707,0.5891,0.6484,0.7062,0.7656,60,60.0,,36.64,,,1.3504,0.6195,,0.0,,,fraction_of_image,copy-paste,0.3,7.5,200,c0009_right_lower_on_structure_medium,n1013,0,83,0.723,0.0322,-0.0434,0.0526
c0009_right_lower_clear_large__cp,c0009,copypaste,right,lower,clear,lateral,large,864603599,1948,1528,210,0,1528,0.33508,40,0.5742,0.1738,0.9355,0.8574,0.8073,0.707,0.735,0.6348,0.8795,0.7793,74,74.0,,34.72,,,0.7808,0.5857,,0.0,,,fraction_of_image,copy-paste,0.3,7.5,200,c0009_right_lower_clear_large,n1044,0,110,0.673,-0.0373,0.0288,0.0982
c0009_right_lower_moderate_large__cp,c0009,copypaste,right,lower,moderate,medial,large,2024335768,1948,1528,210,0,1528,0.33508,40,0.5742,0.1738,0.9355,0.8574,0.7549,0.707,0.6826,0.6348,0.8271,0.7793,74,74.0,,37.36,,,0.8848,0.5857,,0.0,,,fraction_of_image,copy-paste,0.3,7.5,200,c0009_right_lower_moderate_large,n0636,0,240,0.308,0.1167,0.119,0.1387
c0009_right_lower_on_structure_large__cp,c0009,copypaste,right,lower,on_structure,medial,large,42755596,1948,1528,210,0,1528,0.33508,40,0.5742,0.1738,0.9355,0.8574,0.6501,0.707,0.5778,0.6348,0.7224,0.7793,74,74.0,,50.52,,,1.3427,0.5857,,0.0,,,fraction_of_image,copy-paste,0.3,7.5,200,c0009_right_lower_on_structure_large,n0614,0,176,0.42,-0.2822,0.0264,0.0516
c0012_left_upper_clear_small__cp,c0012,copypaste,left,upper,clear,medial,small,31316688,2269,2329,0,30,2269,0.22565,45,0.0762,0.1328,0.4492,0.7852,0.318,0.2763,0.2721,0.2304,0.3639,0.3222,47,47.0,,31.83,,,0.4254,1.1267,,0.0,,,fraction_of_image,copy-paste,0.3,7.5,200,c0012_left_upper_clear_small,n0804,0,160,0.294,-0.26,0.0316,0.0704
c0012_left_upper_moderate_small__cp,c0012,copypaste,left,upper,moderate,medial,small,1139016669,2269,2329,0,30,2269,0.22565,45,0.0762,0.1328,0.4492,0.7852,0.3734,0.2763,0.3275,0.2304,0.4193,0.3222,47,47.0,,37.13,,,0.5141,1.1267,,0.0,,,fraction_of_image,copy-paste,0.3,7.5,200,c0012_left_upper_moderate_small,n0646,0,96,0.49,-0.2079,0.0806,0.0859
c0012_left_upper_on_structure_small__cp,c0012,copypaste,left,upper,on_structure,lateral,small,675055253,2269,2329,0,30,2269,0.22565,45,0.0762,0.1328,0.4492,0.7852,0.1244,0.2763,0.0785,0.2304,0.1703,0.3222,47,47.0,,38.41,,,1.4704,1.1267,,0.0,,,fraction_of_image,copy-paste,0.3,7.5,200,c0012_left_upper_on_structure_small,n0845,0,49,0.959,0.4584,0.0581,0.0702
c0012_left_upper_clear_medium__cp,c0012,copypaste,left,upper,clear,medial,medium,492409475,2269,2329,0,30,2269,0.22565,45,0.0762,0.1328,0.4492,0.7852,0.3127,0.2763,0.2541,0.2177,0.3713,0.3349,60,60.0,,30.47,,,0.4246,1.1066,,0.0,,,fraction_of_image,copy-paste,0.3,7.5,200,c0012_left_upper_clear_medium,n0202,2,62,0.968,-0.2717,0.0326,0.0709
c0012_left_upper_moderate_medium__cp,c0012,copypaste,left,upper,moderate,medial,medium,650101329,2269,2329,0,30,2269,0.22565,45,0.0762,0.1328,0.4492,0.7852,0.3752,0.2763,0.3166,0.2177,0.4338,0.3349,60,60.0,,54.11,,,0.5098,1.1066,,0.0,,,fraction_of_image,copy-paste,0.3,7.5,200,c0012_left_upper_moderate_medium,n0898,1,128,0.469,-0.2936,-0.0026,0.0943
c0012_left_upper_on_structure_medium__cp,c0012,copypaste,left,upper,on_structure,lateral,medium,887412101,2269,2329,0,30,2269,0.22565,45,0.0762,0.1328,0.4492,0.7852,0.1627,0.2763,0.1041,0.2177,0.2213,0.3349,60,60.0,,58.05,,,1.3939,1.1066,,0.0,,,fraction_of_image,copy-paste,0.3,7.5,200,c0012_left_upper_on_structure_medium,n0591,1,162,0.37,0.1934,0.0518,0.1609
c0012_left_upper_clear_large__cp,c0012,copypaste,left,upper,clear,medial,large,198878904,2269,2329,0,30,2269,0.22565,45,0.0762,0.1328,0.4492,0.7852,0.307,0.2763,0.2347,0.2041,0.3792,0.3486,74,74.0,,39.85,,,0.4348,0.9873,,0.0,,,fraction_of_image,copy-paste,0.3,7.5,200,c0012_left_upper_clear_large,n0856,0,94,0.787,-0.0214,0.1237,0.078
c0012_left_upper_moderate_large__cp,c0012,copypaste,left,upper,moderate,lateral,large,733042589,2269,2329,0,30,2269,0.22565,45,0.0762,0.1328,0.4492,0.7852,0.2516,0.2763,0.1794,0.2041,0.3239,0.3486,74,74.0,,59.6,,,0.4936,0.9873,,0.0,,,fraction_of_image,copy-paste,0.3,7.5,200,c0012_left_upper_moderate_large,n0582,0,119,0.622,-0.216,0.0724,0.0745
c0012_left_upper_on_structure_large__cp,c0012,copypaste,left,upper,on_structure,lateral,large,743614472,2269,2329,0,30,2269,0.22565,45,0.0762,0.1328,0.4492,0.7852,0.1742,0.2763,0.1019,0.2041,0.2464,0.3486,74,74.0,,57.18,,,1.2231,0.9873,,0.0,,,fraction_of_image,copy-paste,0.3,7.5,200,c0012_left_upper_on_structure_large,n0333,0,102,0.725,0.2961,0.0734,0.2071
c0012_left_mid_clear_small__cp,c0012,copypaste,left,mid,clear,medial,small,599810466,2269,2329,0,30,2269,0.22565,45,0.0762,0.1328,0.4492,0.7852,0.3319,0.459,0.286,0.4131,0.3778,0.5049,47,47.0,,24.46,,,0.5872,1.1098,,0.0,,,fraction_of_image,copy-paste,0.3,7.5,200,c0012_left_mid_clear_small,n0102,0,48,0.979,-0.2133,0.0215,0.1038
c0012_left_mid_moderate_small__cp,c0012,copypaste,left,mid,moderate,medial,small,863420073,2269,2329,0,30,2269,0.22565,45,0.0762,0.1328,0.4492,0.7852,0.3595,0.459,0.3136,0.4131,0.4054,0.5049,47,47.0,,34.04,,,0.784,1.1098,,0.0,,,fraction_of_image,copy-paste,0.3,7.5,200,c0012_left_mid_moderate_small,n0584,0,63,0.746,0.0756,0.0294,0.1353
c0012_left_mid_on_structure_small__cp,c0012,copypaste,left,mid,on_structure,lateral,small,789797427,2269,2329,0,30,2269,0.22565,45,0.0762,0.1328,0.4492,0.7852,0.152,0.459,0.1061,0.4131,0.1979,0.5049,47,47.0,,46.07,,,1.2921,1.1098,,0.0,,,fraction_of_image,copy-paste,0.3,7.5,200,c0012_left_mid_on_structure_small,n1113,0,104,0.452,0.3271,0.0711,0.1567
c0012_left_mid_clear_medium__cp,c0012,copypaste,left,mid,clear,medial,medium,753283367,2269,2329,0,30,2269,0.22565,45,0.0762,0.1328,0.4492,0.7852,0.2877,0.459,0.2291,0.4004,0.3463,0.5176,60,60.0,,26.7,,,0.58,0.9191,,0.0,,,fraction_of_image,copy-paste,0.3,7.5,200,c0012_left_mid_clear_medium,n0039,0,82,0.732,0.1193,0.142,0.0653
c0012_left_mid_moderate_medium__cp,c0012,copypaste,left,mid,moderate,medial,medium,1838484101,2269,2329,0,30,2269,0.22565,45,0.0762,0.1328,0.4492,0.7852,0.3502,0.459,0.2916,0.4004,0.4088,0.5176,60,60.0,,39.82,,,0.7544,0.9191,,0.0,,,fraction_of_image,copy-paste,0.3,7.5,200,c0012_left_mid_moderate_medium,n0641,0,124,0.484,-0.3711,0.144,0.1284
c0012_left_mid_on_structure_medium__cp,c0012,copypaste,left,mid,on_structure,lateral,medium,1000901262,2269,2329,0,30,2269,0.22565,45,0.0762,0.1328,0.4492,0.7852,0.1627,0.459,0.1041,0.4004,0.2213,0.5176,60,60.0,,52.54,,,1.1704,0.9191,,0.0,,,fraction_of_image,copy-paste,0.3,7.5,200,c0012_left_mid_on_structure_medium,n0504,0,143,0.42,0.3065,0.0012,0.1593
c0012_left_mid_clear_large__cp,c0012,copypaste,left,mid,clear,medial,large,1872013382,2269,2329,0,30,2269,0.22565,45,0.0762,0.1328,0.4492,0.7852,0.2848,0.459,0.2126,0.3867,0.3571,0.5312,74,74.0,,30.34,,,0.5856,0.7415,,0.0,,,fraction_of_image,copy-paste,0.3,7.5,200,c0012_left_mid_clear_large,n0006,0,199,0.372,0.0185,0.1734,0.0686
c0012_left_mid_moderate_large__cp,c0012,copypaste,left,mid,moderate,lateral,large,1413941226,2269,2329,0,30,2269,0.22565,45,0.0762,0.1328,0.4492,0.7852,0.2295,0.459,0.1572,0.3867,0.3018,0.5312,74,74.0,,54.26,,,0.729,0.7415,,0.0,,,fraction_of_image,copy-paste,0.3,7.5,200,c0012_left_mid_moderate_large,n0598,0,112,0.661,-0.0645,-0.0001,0.0807
c0012_left_mid_on_structure_large__cp,c0012,copypaste,left,mid,on_structure,lateral,large,1034197392,2269,2329,0,30,2269,0.22565,45,0.0762,0.1328,0.4492,0.7852,0.1742,0.459,0.1019,0.3867,0.2464,0.5312,74,74.0,,53.49,,,1.0819,0.7415,,0.0,,,fraction_of_image,copy-paste,0.3,7.5,200,c0012_left_mid_on_structure_large,n0887,0,110,0.673,0.3114,0.1186,0.1563
c0012_left_lower_clear_small__cp,c0012,copypaste,left,lower,clear,lateral,small,928010730,2269,2329,0,30,2269,0.22565,45,0.0762,0.1328,0.4492,0.7852,0.2627,0.6416,0.2168,0.5957,0.3086,0.6875,47,47.0,,40.58,,,0.5616,0.6264,,0.0,,,fraction_of_image,copy-paste,0.3,7.5,200,c0012_left_lower_clear_small,n0839,0,100,0.47,0.1471,0.026,0.0898
c0012_left_lower_moderate_small__cp,c0012,copypaste,left,lower,moderate,medial,small,984054423,2269,2329,0,30,2269,0.22565,45,0.0762,0.1328,0.4492,0.7852,0.3319,0.6416,0.286,0.5957,0.3778,0.6875,47,47.0,,34.07,,,0.7538,0.6264,,0.0,,,fraction_of_image,copy-paste,0.3,7.5,200,c0012_left_lower_moderate_small,n1109,0,107,0.439,-0.1682,0.0667,0.0939
c0012_left_lower_on_structure_small__cp,c0012,copypaste,left,lower,on_structure,medial,small,1409419758,2269,2329,0,30,2269,0.22565,45,0.0762,0.1328,0.4492,0.7852,0.3872,0.6416,0.3413,0.5957,0.4331,0.6875,47,47.0,,40.92,,,1.1036,0.6264,,0.0,,,fraction_of_image,copy-paste,0.3,7.5,200,c0012_left_lower_on_structure_small,n0588,0,90,0.522,-0.2355,0.0377,0.0683
c0012_left_lower_clear_medium__cp,c0012,copypaste,left,lower,clear,lateral,medium,62594034,2269,2329,0,30,2269,0.22565,45,0.0762,0.1328,0.4492,0.7852,0.2377,0.6416,0.1791,0.583,0.2963,0.7002,60,60.0,,43.68,,,0.6191,0.4827,,0.0,,,fraction_of_image,copy-paste,0.3,7.5,200,c0012_left_lower_clear_medium,n0655,1,77,0.779,0.2016,0.0868,0.1072
c0012_left_lower_moderate_medium__cp,c0012,copypaste,left,lower,moderate,lateral,medium,1986445856,2269,2329,0,30,2269,0.22565,45,0.0762,0.1328,0.4492,0.7852,0.1877,0.6416,0.1291,0.583,0.2463,0.7002,60,60.0,,52.11,,,0.7456,0.4827,,0.0,,,fraction_of_image,copy-paste,0.3,7.5,200,c0012_left_lower_moderate_medium,n1099,0,250,0.24,0.1052,0.1853,0.0833
c0012_left_lower_on_structure_medium__cp,c0012,copypaste,left,lower,on_structure,lateral,medium,68175940,2269,2329,0,30,2269,0.22565,45,0.0762,0.1328,0.4492,0.7852,0.1377,0.6416,0.0791,0.583,0.1963,0.7002,60,60.0,,50.39,,,0.9993,0.4827,,0.0,,,fraction_of_image,copy-paste,0.3,7.5,200,c0012_left_lower_on_structure_medium,n0354,0,166,0.361,0.0908,0.0312,0.1464
c0012_left_lower_clear_large__cp,c0012,copypaste,left,lower,clear,lateral,large,581767061,2269,2329,0,30,2269,0.22565,45,0.0762,0.1328,0.4492,0.7852,0.2516,0.6416,0.1794,0.5694,0.3239,0.7139,74,74.0,,45.05,,,0.6902,0.3228,,0.0,,,fraction_of_image,copy-paste,0.3,7.5,200,c0012_left_lower_clear_large,n0913,0,82,0.902,0.1831,0.0946,0.1325
c0012_left_lower_moderate_large__cp,c0012,copypaste,left,lower,moderate,medial,large,586498630,2269,2329,0,30,2269,0.22565,45,0.0762,0.1328,0.4492,0.7852,0.307,0.6416,0.2347,0.5694,0.3792,0.7139,74,74.0,,42.39,,,0.748,0.3228,,0.0,,,fraction_of_image,copy-paste,0.3,7.5,200,c0012_left_lower_moderate_large,n0196,0,136,0.544,0.0395,0.0495,0.1091
c0012_left_lower_on_structure_large__cp,c0012,copypaste,left,lower,on_structure,medial,large,1289123658,2269,2329,0,30,2269,0.22565,45,0.0762,0.1328,0.4492,0.7852,0.3512,0.6416,0.2789,0.5694,0.4235,0.7139,74,74.0,,48.09,,,0.9057,0.3228,,0.0,,,fraction_of_image,copy-paste,0.3,7.5,200,c0012_left_lower_on_structure_large,n0402,1,80,0.925,0.1306,0.0213,0.1091
c0012_right_upper_clear_small__cp,c0012,copypaste,right,upper,clear,medial,small,374998246,2269,2329,0,30,2269,0.22565,45,0.5469,0.1309,0.8926,0.8418,0.7197,0.2873,0.6738,0.2414,0.7656,0.3332,47,47.0,,28.0,,,0.4141,0.9571,,0.0,,,fraction_of_image,copy-paste,0.3,7.5,200,c0012_right_upper_clear_small,n0757,0,73,0.644,-0.3802,0.0498,0.0544
c0012_right_upper_moderate_small__cp,c0012,copypaste,right,upper,moderate,medial,small,112294441,2269,2329,0,30,2269,0.22565,45,0.5469,0.1309,0.8926,0.8418,0.6449,0.2873,0.599,0.2414,0.6908,0.3332,47,47.0,,32.55,,,0.5431,0.9571,,0.0,,,fraction_of_image,copy-paste,0.3,7.5,200,c0012_right_upper_moderate_small,n0647,1,49,0.959,-0.1721,0.0778,0.0956
c0012_right_upper_on_structure_small__cp,c0012,copypaste,right,upper,on_structure,lateral,small,804455809,2269,2329,0,30,2269,0.22565,45,0.5469,0.1309,0.8926,0.8418,0.8195,0.2873,0.7736,0.2414,0.8654,0.3332,47,47.0,,63.02,,,1.0064,0.9571,,0.0,,,fraction_of_image,copy-paste,0.3,7.5,200,c0012_right_upper_on_structure_small,n0204,0,83,0.566,0.0918,0.0796,0.183
c0012_right_upper_clear_medium__cp,c0012,copypaste,right,upper,clear,medial,medium,90652296,2269,2329,0,30,2269,0.22565,45,0.5469,0.1309,0.8926,0.8418,0.6975,0.2873,0.6389,0.2287,0.7561,0.3459,60,60.0,,30.48,,,0.4119,0.7869,,0.0,,,fraction_of_image,copy-paste,0.3,7.5,200,c0012_right_upper_clear_medium,n0749,0,79,0.759,-0.1052,0.0823,0.0599
c0012_right_upper_moderate_medium__cp,c0012,copypaste,right,upper,moderate,medial,medium,1646225407,2269,2329,0,30,2269,0.22565,45,0.5469,0.1309,0.8926,0.8418,0.6529,0.2873,0.5943,0.2287,0.7115,0.3459,60,60.0,,35.86,,,0.5129,0.7869,,0.0,,,fraction_of_image,copy-paste,0.3,7.5,200,c0012_right_upper_moderate_medium,n0646,0,96,0.625,-0.2099,0.0794,0.093
c0012_right_upper_on_structure_medium__cp,c0012,copypaste,right,upper,on_structure,lateral,medium,473011316,2269,2329,0,30,2269,0.22565,45,0.5469,0.1309,0.8926,0.8418,0.8088,0.2873,0.7502,0.2287,0.8674,0.3459,60,60.0,,64.04,,,0.8791,0.7869,,0.0,,,fraction_of_image,copy-paste,0.3,7.5,200,c0012_right_upper_on_structure_medium,n1049,0,142,0.423,0.219,0.0163,0.1921
c0012_right_upper_clear_large__cp,c0012,copypaste,right,upper,clear,medial,large,1550483667,2269,2329,0,30,2269,0.22565,45,0.5469,0.1309,0.8926,0.8418,0.7003,0.2873,0.6281,0.215,0.7726,0.3595,74,74.0,,33.01,,,0.4135,0.596,,0.0,,,fraction_of_image,copy-paste,0.3,7.5,200,c0012_right_upper_clear_large,n0658,0,91,0.813,-0.2245,0.0254,0.0643
c0012_right_upper_moderate_large__cp,c0012,copypaste,right,upper,moderate,medial,large,1766038478,2269,2329,0,30,2269,0.22565,45,0.5469,0.1309,0.8926,0.8418,0.6615,0.2873,0.5893,0.215,0.7338,0.3595,74,74.0,,40.92,,,0.4981,0.596,,0.0,,,fraction_of_image,copy-paste,0.3,7.5,200,c0012_right_upper_moderate_large,n1013,0,83,0.892,-0.2761,-0.0469,0.0954
c0012_right_upper_on_structure_large__cp,c0012,copypaste,right,upper,on_structure,lateral,large,47611005,2269,2329,0,30,2269,0.22565,45,0.5469,0.1309,0.8926,0.8418,0.7973,0.2873,0.725,0.215,0.8696,0.3595,74,74.0,,61.55,,,0.765,0.596,,0.0,,,fraction_of_image,copy-paste,0.3,7.5,200,c0012_right_upper_on_structure_large,n1098,0,81,0.914,0.1631,0.1861,0.1877
c0012_right_mid_clear_small__cp,c0012,copypaste,right,mid,clear,medial,small,605315859,2269,2329,0,30,2269,0.22565,45,0.5469,0.1309,0.8926,0.8418,0.7073,0.4863,0.6614,0.4404,0.7532,0.5322,47,47.0,,28.43,,,0.5687,0.738,,0.0,,,fraction_of_image,copy-paste,0.3,7.5,200,c0012_right_mid_clear_small,n0100,0,90,0.522,0.0258,0.0661,0.0644
c0012_right_mid_moderate_small__cp,c0012,copypaste,right,mid,moderate,lateral,small,2026858730,2269,2329,0,30,2269,0.22565,45,0.5469,0.1309,0.8926,0.8418,0.7945,0.4863,0.7486,0.4404,0.8404,0.5322,47,47.0,,51.31,,,0.7427,0.738,,0.0,,,fraction_of_image,copy-paste,0.3,7.5,200,c0012_right_mid_moderate_small,n0080,0,96,0.49,-0.0679,0.0576,0.0869
c0012_right_mid_on_structure_small__cp,c0012,copypaste,right,mid,on_structure,lateral,small,2095140639,2269,2329,0,30,2269,0.22565,45,0.5469,0.1309,0.8926,0.8418,0.8319,0.4863,0.786,0.4404,0.8778,0.5322,47,47.0,,59.95,,,1.1002,0.738,,0.0,,,fraction_of_image,copy-paste,0.3,7.5,200,c0012_right_mid_on_structure_small,n0560,0,120,0.392,0.2263,0.0955,0.1169
c0012_right_mid_clear_medium__cp,c0012,copypaste,right,mid,clear,lateral,medium,427652991,2269,2329,0,30,2269,0.22565,45,0.5469,0.1309,0.8926,0.8418,0.7309,0.4863,0.6723,0.4277,0.7895,0.5449,60,60.0,,27.81,,,0.5861,0.5235,,0.0,,,fraction_of_image,copy-paste,0.3,7.5,200,c0012_right_mid_clear_medium,n0566,0,129,0.465,-0.0491,0.0309,0.069
c0012_right_mid_moderate_medium__cp,c0012,copypaste,right,mid,moderate,lateral,medium,1265450370,2269,2329,0,30,2269,0.22565,45,0.5469,0.1309,0.8926,0.8418,0.7865,0.4863,0.7279,0.4277,0.8451,0.5449,60,60.0,,57.83,,,0.7122,0.5235,,0.0,,,fraction_of_image,copy-paste,0.3,7.5,200,c0012_right_mid_moderate_medium,n0619,0,90,0.667,-0.274,0.0316,0.0888
c0012_right_mid_on_structure_medium__cp,c0012,copypaste,right,mid,on_structure,lateral,medium,1618747928,2269,2329,0,30,2269,0.22565,45,0.5469,0.1309,0.8926,0.8418,0.8199,0.4863,0.7613,0.4277,0.8785,0.5449,60,60.0,,59.32,,,0.9605,0.5235,,0.0,,,fraction_of_image,copy-paste,0.3,7.5,200,c0012_right_mid_on_structure_medium,n0849,0,63,0.952,0.1952,0.1004,0.1314
c0012_right_mid_clear_large__cp,c0012,copypaste,right,mid,clear,medial,large,661455099,2269,2329,0,30,2269,0.22565,45,0.5469,0.1309,0.8926,0.8418,0.71,0.4863,0.6378,0.4141,0.7823,0.5586,74,74.0,,36.6,,,0.5977,0.3672,,0.0,,,fraction_of_image,copy-paste,0.3,7.5,200,c0012_right_mid_clear_large,n0345,0,107,0.692,-0.0002,0.0703,0.0777
c0012_right_mid_moderate_large__cp,c0012,copypaste,right,mid,moderate,lateral,large,55060446,2269,2329,0,30,2269,0.22565,45,0.5469,0.1309,0.8926,0.8418,0.7779,0.4863,0.7056,0.4141,0.8502,0.5586,74,74.0,,58.63,,,0.6947,0.3672,,0.0,,,fraction_of_image,copy-paste,0.3,7.5,200,c0012_right_mid_moderate_large,n0184,0,159,0.465,-0.2214,0.0193,0.0873
c0012_right_mid_on_structure_large__cp,c0012,copypaste,right,mid,on_structure,medial,large,578172390,2269,2329,0,30,2269,0.22565,45,0.5469,0.1309,0.8926,0.8418,0.6325,0.4863,0.5602,0.4141,0.7047,0.5586,74,74.0,,58.78,,,0.8955,0.3672,,0.0,,,fraction_of_image,copy-paste,0.3,7.5,200,c0012_right_mid_on_structure_large,n0763,0,134,0.552,0.2758,0.0949,0.1162
c0012_right_lower_clear_small__cp,c0012,copypaste,right,lower,clear,lateral,small,53118377,2269,2329,0,30,2269,0.22565,45,0.5469,0.1309,0.8926,0.8418,0.7571,0.6854,0.7112,0.6395,0.803,0.7313,47,47.0,,42.25,,,0.7899,0.7442,,0.0,,,fraction_of_image,copy-paste,0.3,7.5,200,c0012_right_lower_clear_small,n0427,2,53,0.887,0.1607,0.0722,0.0827
c0012_right_lower_moderate_small__cp,c0012,copypaste,right,lower,moderate,medial,small,847053558,2269,2329,0,30,2269,0.22565,45,0.5469,0.1309,0.8926,0.8418,0.7197,0.6854,0.6738,0.6395,0.7656,0.7313,47,47.0,,50.32,,,1.164,0.7442,,0.0,,,fraction_of_image,copy-paste,0.3,7.5,200,c0012_right_lower_moderate_small,n1058,0,50,0.94,0.0906,0.0405,0.1501
c0012_right_lower_on_structure_small__cp,c0012,copypaste,right,lower,on_structure,medial,small,1726686590,2269,2329,0,30,2269,0.22565,45,0.5469,0.1309,0.8926,0.8418,0.6574,0.6854,0.6115,0.6395,0.7033,0.7313,47,47.0,,26.02,,,1.4815,0.7442,,0.0,,,fraction_of_image,copy-paste,0.3,7.5,200,c0012_right_lower_on_structure_small,n0069,0,108,0.435,0.2476,0.0302,0.0519
c0012_right_lower_clear_medium__cp,c0012,copypaste,right,lower,clear,lateral,medium,433076134,2269,2329,0,30,2269,0.22565,45,0.5469,0.1309,0.8926,0.8418,0.7865,0.6854,0.7279,0.6268,0.8451,0.744,60,60.0,,47.02,,,0.7832,0.7359,,0.0,,,fraction_of_image,copy-paste,0.3,7.5,200,c0012_right_lower_clear_medium,n0805,0,119,0.504,-0.1346,0.0443,0.0519
c0012_right_lower_moderate_medium__cp,c0012,copypaste,right,lower,moderate,medial,medium,1022754567,2269,2329,0,30,2269,0.22565,45,0.5469,0.1309,0.8926,0.8418,0.7197,0.6854,0.6611,0.6268,0.7783,0.744,60,60.0,,45.34,,,1.1334,0.7359,,0.0,,,fraction_of_image,copy-paste,0.3,7.5,200,c0012_right_lower_moderate_medium,n0827,0,60,1.0,0.2718,0.0323,0.1645
c0012_right_lower_on_structure_medium__cp,c0012,copypaste,right,lower,on_structure,medial,medium,280723663,2269,2329,0,30,2269,0.22565,45,0.5469,0.1309,0.8926,0.8418,0.6863,0.6854,0.6277,0.6268,0.7449,0.744,60,60.0,,44.73,,,1.4677,0.7359,,0.0,,,fraction_of_image,copy-paste,0.3,7.5,200,c0012_right_lower_on_structure_medium,n0296,0,107,0.561,-0.0637,0.0259,0.0734
c0012_right_lower_clear_large__cp,c0012,copypaste,right,lower,clear,lateral,large,1167647143,2269,2329,0,30,2269,0.22565,45,0.5469,0.1309,0.8926,0.8418,0.7876,0.6854,0.7153,0.6131,0.8599,0.7577,74,74.0,,50.7,,,0.7848,0.6953,,0.0,,,fraction_of_image,copy-paste,0.3,7.5,200,c0012_right_lower_clear_large,n0095,0,74,1.0,0.1372,0.0265,0.0701
c0012_right_lower_moderate_large__cp,c0012,copypaste,right,lower,moderate,medial,large,1699959074,2269,2329,0,30,2269,0.22565,45,0.5469,0.1309,0.8926,0.8418,0.7197,0.6854,0.6475,0.6131,0.792,0.7577,74,74.0,,40.55,,,1.1164,0.6953,,0.0,,,fraction_of_image,copy-paste,0.3,7.5,200,c0012_right_lower_moderate_large,n0349,0,176,0.42,-0.1224,0.0511,0.1794
c0012_right_lower_on_structure_large__cp,c0012,copypaste,right,lower,on_structure,medial,large,1297483616,2269,2329,0,30,2269,0.22565,45,0.5469,0.1309,0.8926,0.8418,0.6518,0.6854,0.5796,0.6131,0.7241,0.7577,74,74.0,,50.03,,,1.4524,0.6953,,0.0,,,fraction_of_image,copy-paste,0.3,7.5,200,c0012_right_lower_on_structure_large,n0440,0,196,0.378,0.222,0.0418,0.0697
c0014_left_upper_clear_small__cp,c0014,copypaste,left,upper,clear,medial,small,1038506933,2320,2828,0,254,2320,0.22069,35,0.1016,0.0684,0.4551,0.8574,0.3555,0.242,0.3096,0.1961,0.4014,0.2879,47,47.0,,29.51,,,0.6016,1.0555,,0.0,,,fraction_of_image,copy-paste,0.3,7.5,200,c0014_left_upper_clear_small,n1110,0,67,0.701,0.0175,0.0343,0.0926
c0014_left_upper_moderate_small__cp,c0014,copypaste,left,upper,moderate,lateral,small,204831233,2320,2828,0,254,2320,0.22069,35,0.1016,0.0684,0.4551,0.8574,0.2783,0.242,0.2324,0.1961,0.3242,0.2879,47,47.0,,35.95,,,0.7328,1.0555,,0.0,,,fraction_of_image,copy-paste,0.3,7.5,200,c0014_left_upper_moderate_small,n0981,0,92,0.511,-0.0201,0.0974,0.0889
c0014_left_upper_on_structure_small__cp,c0014,copypaste,left,upper,on_structure,lateral,small,185880668,2320,2828,0,254,2320,0.22069,35,0.1016,0.0684,0.4551,0.8574,0.1755,0.242,0.1296,0.1961,0.2214,0.2879,47,47.0,,46.89,,,1.5622,1.0555,,0.0,,,fraction_of_image,copy-paste,0.3,7.5,200,c0014_left_upper_on_structure_small,n0245,0,67,0.701,0.2454,0.0299,0.1435
c0014_left_upper_clear_medium__cp,c0014,copypaste,left,upper,clear,medial,medium,590196533,2320,2828,0,254,2320,0.22069,35,0.1016,0.0684,0.4551,0.8574,0.3936,0.242,0.335,0.1834,0.4521,0.3005,60,60.0,,52.53,,,0.5778,1.0077,,0.0,,,fraction_of_image,copy-paste,0.3,7.5,200,c0014_left_upper_clear_medium,n0534,0,118,0.508,0.0933,0.0609,0.1103
c0014_left_upper_moderate_medium__cp,c0014,copypaste,left,upper,moderate,lateral,medium,1044672113,2320,2828,0,254,2320,0.22069,35,0.1016,0.0684,0.4551,0.8574,0.2783,0.242,0.2197,0.1834,0.3369,0.3005,60,60.0,,55.0,,,0.7428,1.0077,,0.0,,,fraction_of_image,copy-paste,0.3,7.5,200,c0014_left_upper_moderate_medium,n0666,0,63,0.952,0.1233,0.0682,0.0881
c0014_left_upper_on_structure_medium__cp,c0014,copypaste,left,upper,on_structure,lateral,medium,1004932903,2320,2828,0,254,2320,0.22069,35,0.1016,0.0684,0.4551,0.8574,0.1861,0.242,0.1275,0.1834,0.2447,0.3005,60,60.0,,51.61,,,1.4352,1.0077,,0.0,,,fraction_of_image,copy-paste,0.3,7.5,200,c0014_left_upper_on_structure_medium,n1042,0,90,0.667,0.4212,0.0864,0.1669
c0014_left_upper_clear_large__cp,c0014,copypaste,left,upper,clear,medial,large,698406637,2320,2828,0,254,2320,0.22069,35,0.1016,0.0684,0.4551,0.8574,0.359,0.242,0.2868,0.1697,0.4313,0.3142,74,74.0,,49.7,,,0.5935,0.8995,,0.0,,,fraction_of_image,copy-paste,0.3,7.5,200,c0014_left_upper_clear_large,n0153,0,204,0.363,0.1356,0.1771,0.1106
c0014_left_upper_moderate_large__cp,c0014,copypaste,left,upper,moderate,medial,large,838877928,2320,2828,0,254,2320,0.22069,35,0.1016,0.0684,0.4551,0.8574,0.2884,0.242,0.2161,0.1697,0.3607,0.3142,74,74.0,,59.28,,,0.7569,0.8995,,0.0,,,fraction_of_image,copy-paste,0.3,7.5,200,c0014_left_upper_moderate_large,n0878,0,119,0.622,-0.271,0.0336,0.0916
c0014_left_upper_on_structure_large__cp,c0014,copypaste,left,upper,on_structure,lateral,large,1650813700,2320,2828,0,254,2320,0.22069,35,0.1016,0.0684,0.4551,0.8574,0.1976,0.242,0.1254,0.1697,0.2699,0.3142,74,74.0,,54.96,,,1.3392,0.8995,,0.0,,,fraction_of_image,copy-paste,0.3,7.5,200,c0014_left_upper_on_structure_large,n1055,1,81,0.914,0.3678,0.1962,0.1826
c0014_left_mid_clear_small__cp,c0014,copypaste,left,mid,clear,medial,small,328150994,2320,2828,0,254,2320,0.22069,35,0.1016,0.0684,0.4551,0.8574,0.2912,0.4629,0.2453,0.417,0.3371,0.5088,47,47.0,,34.55,,,0.7489,0.7828,,0.0,,,fraction_of_image,copy-paste,0.3,7.5,200,c0014_left_mid_clear_small,n1043,0,212,0.222,-0.1967,0.0375,0.1348
c0014_left_mid_moderate_small__cp,c0014,copypaste,left,mid,moderate,lateral,small,1233677029,2320,2828,0,254,2320,0.22069,35,0.1016,0.0684,0.4551,0.8574,0.214,0.4629,0.1681,0.417,0.2599,0.5088,47,47.0,,50.95,,,0.8773,0.7828,,0.0,,,fraction_of_image,copy-paste,0.3,7.5,200,c0014_left_mid_moderate_small,n0298,0,105,0.448,0.1706,0.0405,0.0718
c0014_left_mid_on_structure_small__cp,c0014,copypaste,left,mid,on_structure,lateral,small,559213965,2320,2828,0,254,2320,0.22069,35,0.1016,0.0684,0.4551,0.8574,0.1755,0.4629,0.1296,0.417,0.2214,0.5088,47,47.0,,68.48,,,1.1462,0.7828,,0.0,,,fraction_of_image,copy-paste,0.3,7.5,200,c0014_left_mid_on_structure_small,n0147,0,49,0.959,0.1598,0.0667,0.1204
c0014_left_mid_clear_medium__cp,c0014,copypaste,left,mid,clear,lateral,medium,1053180385,2320,2828,0,254,2320,0.22069,35,0.1016,0.0684,0.4551,0.8574,0.2553,0.4629,0.1967,0.4043,0.3139,0.5215,60,60.0,,36.05,,,0.7445,0.6079,,0.0,,,fraction_of_image,copy-paste,0.3,7.5,200,c0014_left_mid_clear_medium,n0659,0,217,0.276,-0.3892,0.09,0.1138
c0014_left_mid_moderate_medium__cp,c0014,copypaste,left,mid,moderate,medial,medium,353884149,2320,2828,0,254,2320,0.22069,35,0.1016,0.0684,0.4551,0.8574,0.3936,0.4629,0.335,0.4043,0.4521,0.5215,60,60.0,,54.64,,,0.8746,0.6079,,0.406,,,fraction_of_image,copy-paste,0.3,7.5,200,c0014_left_mid_moderate_medium,n0080,1,179,0.335,-0.2032,0.0755,0.1259
c0014_left_mid_on_structure_medium__cp,c0014,copypaste,left,mid,on_structure,lateral,medium,882077329,2320,2828,0,254,2320,0.22069,35,0.1016,0.0684,0.4551,0.8574,0.1861,0.4629,0.1275,0.4043,0.2447,0.5215,60,60.0,,69.54,,,1.0875,0.6079,,0.0,,,fraction_of_image,copy-paste,0.3,7.5,200,c0014_left_mid_on_structure_medium,n0149,1,76,0.789,0.0203,0.0848,0.1254
c0014_left_mid_clear_large__cp,c0014,copypaste,left,mid,clear,lateral,large,626142076,2320,2828,0,254,2320,0.22069,35,0.1016,0.0684,0.4551,0.8574,0.2481,0.4629,0.1758,0.3906,0.3203,0.5352,74,74.0,,51.57,,,0.7215,0.5069,,0.0,,,fraction_of_image,copy-paste,0.3,7.5,200,c0014_left_mid_clear_large,n0079,0,130,0.569,-0.1078,0.0276,0.1152
c0014_left_mid_moderate_large__cp,c0014,copypaste,left,mid,moderate,lateral,large,417677088,2320,2828,0,254,2320,0.22069,35,0.1016,0.0684,0.4551,0.8574,0.2178,0.4629,0.1455,0.3906,0.2901,0.5352,74,74.0,,64.18,,,0.8592,0.5069,,0.0,,,fraction_of_image,copy-paste,0.3,7.5,200,c0014_left_mid_moderate_large,n0216,1,124,0.597,0.1151,0.0583,0.1288
c0014_left_mid_on_structure_large__cp,c0014,copypaste,left,mid,on_structure,lateral,large,1479231217,2320,2828,0,254,2320,0.22069,35,0.1016,0.0684,0.4551,0.8574,0.1976,0.4629,0.1254,0.3906,0.2699,0.5352,74,74.0,,64.95,,,1.022,0.5069,,0.0,,,fraction_of_image,copy-paste,0.3,7.5,200,c0014_left_mid_on_structure_large,n0985,0,85,0.871,-0.0862,0.0349,0.1436
c0014_left_lower_clear_small__cp,c0014,copypaste,left,lower,clear,lateral,small,936329915,2320,2828,0,254,2320,0.22069,35,0.1016,0.0684,0.4551,0.8574,0.2655,0.6838,0.2196,0.6379,0.3114,0.7297,47,47.0,,29.36,,,0.6414,0.5799,,0.0,,,fraction_of_image,copy-paste,0.3,7.5,200,c0014_left_lower_clear_small,n0757,0,73,0.644,-0.2821,0.056,0.1104
c0014_left_lower_moderate_small__cp,c0014,copypaste,left,lower,moderate,lateral,small,670406332,2320,2828,0,254,2320,0.22069,35,0.1016,0.0684,0.4551,0.8574,0.1883,0.6838,0.1424,0.6379,0.2342,0.7297,47,47.0,,40.79,,,0.8142,0.5799,,0.0,,,fraction_of_image,copy-paste,0.3,7.5,200,c0014_left_lower_moderate_small,n0705,0,122,0.385,0.1234,0.0819,0.105
c0014_left_lower_on_structure_small__cp,c0014,copypaste,left,lower,on_structure,medial,small,1130787066,2320,2828,0,254,2320,0.22069,35,0.1016,0.0684,0.4551,0.8574,0.4069,0.6838,0.361,0.6379,0.4528,0.7297,47,47.0,,45.37,,,1.2062,0.5799,,0.0,,,fraction_of_image,copy-paste,0.3,7.5,200,c0014_left_lower_on_structure_small,n1117,0,62,0.758,0.0787,0.1539,0.0832
c0014_left_lower_clear_medium__cp,c0014,copypaste,left,lower,clear,lateral,medium,1701039390,2320,2828,0,254,2320,0.22069,35,0.1016,0.0684,0.4551,0.8574,0.2783,0.6838,0.2197,0.6252,0.3369,0.7424,60,60.0,,34.71,,,0.637,0.5489,,0.0,,,fraction_of_image,copy-paste,0.3,7.5,200,c0014_left_lower_clear_medium,n0562,1,76,0.789,-0.0302,0.1112,0.0991
c0014_left_lower_moderate_medium__cp,c0014,copypaste,left,lower,moderate,medial,medium,494582528,2320,2828,0,254,2320,0.22069,35,0.1016,0.0684,0.4551,0.8574,0.3129,0.6838,0.2543,0.6252,0.3715,0.7424,60,60.0,,37.18,,,0.7635,0.5489,,0.0,,,fraction_of_image,copy-paste,0.3,7.5,200,c0014_left_lower_moderate_medium,n0042,0,105,0.571,0.1814,0.0253,0.1166
c0014_left_lower_on_structure_medium__cp,c0014,copypaste,left,lower,on_structure,medial,medium,311242293,2320,2828,0,254,2320,0.22069,35,0.1016,0.0684,0.4551,0.8574,0.3705,0.6838,0.3119,0.6252,0.4291,0.7424,60,60.0,,45.17,,,1.1276,0.5489,,0.0,,,fraction_of_image,copy-paste,0.3,7.5,200,c0014_left_lower_on_structure_medium,n0173,0,77,0.779,0.0668,0.0289,0.0967
c0014_left_lower_clear_large__cp,c0014,copypaste,left,lower,clear,lateral,large,1927686753,2320,2828,0,254,2320,0.22069,35,0.1016,0.0684,0.4551,0.8574,0.2682,0.6838,0.196,0.6116,0.3405,0.7561,74,74.0,,35.28,,,0.6273,0.4855,,0.0,,,fraction_of_image,copy-paste,0.3,7.5,200,c0014_left_lower_clear_large,n0278,0,176,0.42,-0.4229,0.0582,0.0989
c0014_left_lower_moderate_large__cp,c0014,copypaste,left,lower,moderate,medial,large,1037375276,2320,2828,0,254,2320,0.22069,35,0.1016,0.0684,0.4551,0.8574,0.2985,0.6838,0.2262,0.6116,0.3708,0.7561,74,74.0,,38.87,,,0.7232,0.4855,,0.0,,,fraction_of_image,copy-paste,0.3,7.5,200,c0014_left_lower_moderate_large,n0756,0,136,0.544,-0.5751,0.0184,0.1121
c0014_left_lower_on_structure_large__cp,c0014,copypaste,left,lower,on_structure,medial,large,2106325882,2320,2828,0,254,2320,0.22069,35,0.1016,0.0684,0.4551,0.8574,0.359,0.6838,0.2868,0.6116,0.4313,0.7561,74,74.0,,51.25,,,1.027,0.4855,,0.0,,,fraction_of_image,copy-paste,0.3,7.5,200,c0014_left_lower_on_structure_large,n0400,0,100,0.74,0.2556,0.004,0.1183
c0014_right_upper_clear_small__cp,c0014,copypaste,right,upper,clear,medial,small,1877989220,2320,2828,0,254,2320,0.22069,35,0.5645,0.1348,0.9355,0.8574,0.7363,0.2938,0.6904,0.2479,0.7822,0.3396,47,47.0,,32.46,,,0.4976,1.4028,,0.0,,,fraction_of_image,copy-paste,0.3,7.5,200,c0014_right_upper_clear_small,n0348,2,52,0.904,-0.4706,0.0387,0.0916
c0014_right_upper_moderate_small__cp,c0014,copypaste,right,upper,moderate,medial,small,917354968,2320,2828,0,254,2320,0.22069,35,0.5645,0.1348,0.9355,0.8574,0.6401,0.2938,0.5942,0.2479,0.686,0.3396,47,47.0,,35.94,,,0.7016,1.4028,,0.0,,,fraction_of_image,copy-paste,0.3,7.5,200,c0014_right_upper_moderate_small,n0128,0,48,0.979,-0.0921,0.0812,0.1145
c0014_right_upper_on_structure_small__cp,c0014,copypaste,right,upper,on_structure,lateral,small,1295025129,2320,2828,0,254,2320,0.22069,35,0.5645,0.1348,0.9355,0.8574,0.8599,0.2938,0.814,0.2479,0.9058,0.3396,47,47.0,,54.17,,,1.6967,1.4028,,0.0,,,fraction_of_image,copy-paste,0.3,7.5,200,c0014_right_upper_on_structure_small,n0804,0,160,0.294,0.2806,0.0316,0.146
c0014_right_upper_clear_medium__cp,c0014,copypaste,right,upper,clear,medial,medium,83112096,2320,2828,0,254,2320,0.22069,35,0.5645,0.1348,0.9355,0.8574,0.7128,0.2938,0.6542,0.2352,0.7714,0.3523,60,60.0,,31.73,,,0.5511,1.2507,,0.0,,,fraction_of_image,copy-paste,0.3,7.5,200,c0014_right_upper_clear_medium,n0030,0,82,0.732,0.0277,0.1124,0.1082
c0014_right_upper_moderate_medium__cp,c0014,copypaste,right,upper,moderate,medial,medium,512196963,2320,2828,0,254,2320,0.22069,35,0.5645,0.1348,0.9355,0.8574,0.6632,0.2938,0.6046,0.2352,0.7218,0.3523,60,60.0,,37.78,,,0.6914,1.2507,,0.0,,,fraction_of_image,copy-paste,0.3,7.5,200,c0014_right_upper_moderate_medium,n0520,0,85,0.706,0.0259,0.1214,0.1201
c0014_right_upper_on_structure_medium__cp,c0014,copypaste,right,upper,on_structure,lateral,medium,807164009,2320,2828,0,254,2320,0.22069,35,0.5645,0.1348,0.9355,0.8574,0.8492,0.2938,0.7906,0.2352,0.9078,0.3523,60,60.0,,61.07,,,1.586,1.2507,,0.0,,,fraction_of_image,copy-paste,0.3,7.5,200,c0014_right_upper_on_structure_medium,n0849,0,63,0.952,0.3054,0.0999,0.1681
c0014_right_upper_clear_large__cp,c0014,copypaste,right,upper,clear,medial,large,1609720185,2320,2828,0,254,2320,0.22069,35,0.5645,0.1348,0.9355,0.8574,0.739,0.2938,0.6668,0.2215,0.8113,0.366,74,74.0,,48.86,,,0.604,1.0668,,0.0,,,fraction_of_image,copy-paste,0.3,7.5,200,c0014_right_upper_clear_large,n0568,0,82,0.902,-0.0653,0.0967,0.1036
c0014_right_upper_moderate_large__cp,c0014,copypaste,right,upper,moderate,medial,large,54458518,2320,2828,0,254,2320,0.22069,35,0.5645,0.1348,0.9355,0.8574,0.6623,0.2938,0.59,0.2215,0.7345,0.366,74,74.0,,46.43,,,0.6729,1.0668,,0.0,,,fraction_of_image,copy-paste,0.3,7.5,200,c0014_right_upper_moderate_large,n0773,0,119,0.622,-0.2381,0.0568,0.1179
c0014_right_upper_on_structure_large__cp,c0014,copypaste,right,upper,on_structure,lateral,large,852023311,2320,2828,0,254,2320,0.22069,35,0.5645,0.1348,0.9355,0.8574,0.8377,0.2938,0.7655,0.2215,0.91,0.366,74,74.0,,67.28,,,1.4026,1.0668,,0.0,,,fraction_of_image,copy-paste,0.3,7.5,200,c0014_right_upper_on_structure_large,n0902,0,90,0.822,0.1347,0.1449,0.2128
c0014_right_mid_clear_small__cp,c0014,copypaste,right,mid,clear,medial,small,380651821,2320,2828,0,254,2320,0.22069,35,0.5645,0.1348,0.9355,0.8574,0.7363,0.4961,0.6904,0.4502,0.7822,0.542,47,47.0,,43.14,,,0.5965,0.8259,,0.0,,,fraction_of_image,copy-paste,0.3,7.5,200,c0014_right_mid_clear_small,n0236,0,85,0.553,-0.3969,0.0057,0.1172
c0014_right_mid_moderate_small__cp,c0014,copypaste,right,mid,moderate,medial,small,851890354,2320,2828,0,254,2320,0.22069,35,0.5645,0.1348,0.9355,0.8574,0.6401,0.4961,0.5942,0.4502,0.686,0.542,47,47.0,,47.47,,,0.9704,0.8259,,0.0,,,fraction_of_image,copy-paste,0.3,7.5,200,c0014_right_mid_moderate_small,n0109,0,90,0.522,0.2049,0.0784,0.1214
c0014_right_mid_on_structure_small__cp,c0014,copypaste,right,mid,on_structure,medial,small,1557779265,2320,2828,0,254,2320,0.22069,35,0.5645,0.1348,0.9355,0.8574,0.6813,0.4961,0.6354,0.4502,0.7272,0.542,47,47.0,,45.37,,,1.19,0.8259,,0.0,,,fraction_of_image,copy-paste,0.3,7.5,200,c0014_right_mid_on_structure_small,n0060,0,53,0.887,-0.04,0.0818,0.1353
c0014_right_mid_clear_medium__cp,c0014,copypaste,right,mid,clear,medial,medium,841215545,2320,2828,0,254,2320,0.22069,35,0.5645,0.1348,0.9355,0.8574,0.7376,0.4961,0.679,0.4375,0.7962,0.5547,60,60.0,,34.98,,,0.5684,0.7282,,0.0,,,fraction_of_image,copy-paste,0.3,7.5,200,c0014_right_mid_clear_medium,n0649,0,90,0.667,-0.087,0.0837,0.1366
c0014_right_mid_moderate_medium__cp,c0014,copypaste,right,mid,moderate,medial,medium,1201146288,2320,2828,0,254,2320,0.22069,35,0.5645,0.1348,0.9355,0.8574,0.7004,0.4961,0.6418,0.4375,0.759,0.5547,60,60.0,,40.79,,,0.9181,0.7282,,0.0,,,fraction_of_image,copy-paste,0.3,7.5,200,c0014_right_mid_moderate_medium,n0287,0,185,0.324,-0.0541,0.0663,0.1898
c0014_right_mid_on_structure_medium__cp,c0014,copypaste,right,mid,on_structure,lateral,medium,1395651399,2320,2828,0,254,2320,0.22069,35,0.5645,0.1348,0.9355,0.8574,0.8492,0.4961,0.7906,0.4375,0.9078,0.5547,60,60.0,,67.42,,,1.1006,0.7282,,0.0,,,fraction_of_image,copy-paste,0.3,7.5,200,c0014_right_mid_on_structure_medium,n0206,0,164,0.366,0.0723,0.1008,0.128
c0014_right_mid_clear_large__cp,c0014,copypaste,right,mid,clear,medial,large,1630267530,2320,2828,0,254,2320,0.22069,35,0.5645,0.1348,0.9355,0.8574,0.739,0.4961,0.6668,0.4238,0.8113,0.5684,74,74.0,,37.17,,,0.5726,0.6375,,0.0,,,fraction_of_image,copy-paste,0.3,7.5,200,c0014_right_mid_clear_large,n0824,0,81,0.914,0.0662,0.0317,0.1567
c0014_right_mid_moderate_large__cp,c0014,copypaste,right,mid,moderate,medial,large,274300966,2320,2828,0,254,2320,0.22069,35,0.5645,0.1348,0.9355,0.8574,0.6952,0.4961,0.6229,0.4238,0.7674,0.5684,74,74.0,,43.73,,,0.8635,0.6375,,0.0,,,fraction_of_image,copy-paste,0.3,7.5,200,c0014_right_mid_moderate_large,n0922,0,151,0.49,-0.038,0.0447,0.1867
c0014_right_mid_on_structure_large__cp,c0014,copypaste,right,mid,on_structure,medial,large,818005927,2320,2828,0,254,2320,0.22069,35,0.5645,0.1348,0.9355,0.8574,0.6403,0.4961,0.5681,0.4238,0.7126,0.5684,74,74.0,,69.48,,,1.0759,0.6375,,0.0,,,fraction_of_image,copy-paste,0.3,7.5,200,c0014_right_mid_on_structure_large,n1086,0,116,0.638,-0.0283,0.0361,0.1285
c0014_right_lower_clear_small__cp,c0014,copypaste,right,lower,clear,lateral,small,1947716811,2320,2828,0,254,2320,0.22069,35,0.5645,0.1348,0.9355,0.8574,0.8736,0.6984,0.8277,0.6525,0.9195,0.7443,47,47.0,,56.76,,,0.4276,1.1469,,0.0,,,fraction_of_image,copy-paste,0.3,7.5,200,c0014_right_lower_clear_small,n0543,0,73,0.644,-0.1619,0.0515,0.1117
c0014_right_lower_moderate_small__cp,c0014,copypaste,right,lower,moderate,medial,small,652754246,2320,2828,0,254,2320,0.22069,35,0.5645,0.1348,0.9355,0.8574,0.75,0.6984,0.7041,0.6525,0.7959,0.7443,47,47.0,,52.73,,,0.9773,1.1469,,0.0,,,fraction_of_image,copy-paste,0.3,7.5,200,c0014_right_lower_moderate_small,n0581,0,52,0.904,-0.2714,0.0391,0.1583
c0014_right_lower_on_structure_small__cp,c0014,copypaste,right,lower,on_structure,medial,small,237161403,2320,2828,0,254,2320,0.22069,35,0.5645,0.1348,0.9355,0.8574,0.6676,0.6984,0.6217,0.6525,0.7135,0.7443,47,47.0,,26.43,,,1.4798,1.1469,,0.0,,,fraction_of_image,copy-paste,0.3,7.5,200,c0014_right_lower_on_structure_small,n1122,1,76,0.618,0.2532,0.1806,0.1207
c0014_right_lower_clear_medium__cp,c0014,copypaste,right,lower,clear,lateral,medium,1433444409,2320,2828,0,254,2320,0.22069,35,0.5645,0.1348,0.9355,0.8574,0.8368,0.6984,0.7782,0.6398,0.8954,0.757,60,60.0,,40.83,,,0.4579,1.0451,,0.0,,,fraction_of_image,copy-paste,0.3,7.5,200,c0014_right_lower_clear_medium,n0570,0,63,0.952,0.0387,0.1002,0.0946
c0014_right_lower_moderate_medium__cp,c0014,copypaste,right,lower,moderate,medial,medium,1108960492,2320,2828,0,254,2320,0.22069,35,0.5645,0.1348,0.9355,0.8574,0.75,0.6984,0.6914,0.6398,0.8086,0.757,60,60.0,,54.2,,,0.953,1.0451,,0.0,,,fraction_of_image,copy-paste,0.3,7.5,200,c0014_right_lower_moderate_medium,n0192,0,65,0.923,0.162,0.1091,0.1658
c0014_right_lower_on_structure_medium__cp,c0014,copypaste,right,lower,on_structure,medial,medium,1716745819,2320,2828,0,254,2320,0.22069,35,0.5645,0.1348,0.9355,0.8574,0.6632,0.6984,0.6046,0.6398,0.7218,0.757,60,60.0,,41.47,,,1.4444,1.0451,,0.0,,,fraction_of_image,copy-paste,0.3,7.5,200,c0014_right_lower_on_structure_medium,n0275,0,119,0.504,0.1463,0.0282,0.1165
c0014_right_lower_clear_large__cp,c0014,copypaste,right,lower,clear,lateral,large,1158129353,2320,2828,0,254,2320,0.22069,35,0.5645,0.1348,0.9355,0.8574,0.8597,0.6984,0.7874,0.6262,0.9319,0.7707,74,74.0,,59.5,,,0.4959,0.9496,,0.0,,,fraction_of_image,copy-paste,0.3,7.5,200,c0014_right_lower_clear_large,n1098,1,76,0.974,-0.1139,0.1061,0.1052
c0014_right_lower_moderate_large__cp,c0014,copypaste,right,lower,moderate,medial,large,1682935471,2320,2828,0,254,2320,0.22069,35,0.5645,0.1348,0.9355,0.8574,0.75,0.6984,0.6777,0.6262,0.8223,0.7707,74,74.0,,51.67,,,0.9268,0.9496,,0.0,,,fraction_of_image,copy-paste,0.3,7.5,200,c0014_right_lower_moderate_large,n0044,0,74,1.0,0.1387,0.1585,0.1714
c0014_right_lower_on_structure_large__cp,c0014,copypaste,right,lower,on_structure,medial,large,1561713704,2320,2828,0,254,2320,0.22069,35,0.5645,0.1348,0.9355,0.8574,0.6623,0.6984,0.59,0.6262,0.7345,0.7707,74,74.0,,55.75,,,1.4191,0.9496,,0.0,,,fraction_of_image,copy-paste,0.3,7.5,200,c0014_right_lower_on_structure_large,n0914,1,78,0.949,0.3632,0.1374,0.1106
c0015_left_upper_clear_small__cp,c0015,copypaste,left,upper,clear,medial,small,411454789,2828,2320,254,0,2320,0.22069,50,0.1348,0.1211,0.4883,0.7793,0.3758,0.2659,0.3299,0.22,0.4217,0.3118,47,47.0,,27.7,,,0.5308,0.9803,,0.0,,,fraction_of_image,copy-paste,0.3,7.5,200,c0015_left_upper_clear_small,n0724,0,220,0.214,-0.3251,0.0962,0.0762
c0015_left_upper_moderate_small__cp,c0015,copypaste,left,upper,moderate,medial,small,1757321031,2828,2320,254,0,2320,0.22069,50,0.1348,0.1211,0.4883,0.7793,0.4272,0.2659,0.3813,0.22,0.4731,0.3118,47,47.0,,51.72,,,0.8064,0.9803,,0.0,,,fraction_of_image,copy-paste,0.3,7.5,200,c0015_left_upper_moderate_small,n0534,0,118,0.398,0.1636,0.0618,0.1077
c0015_left_upper_on_structure_small__cp,c0015,copypaste,left,upper,on_structure,lateral,small,1934176992,2828,2320,254,0,2320,0.22069,50,0.1348,0.1211,0.4883,0.7793,0.2087,0.2659,0.1628,0.22,0.2546,0.3118,47,47.0,,36.81,,,1.4004,0.9803,,0.0,,,fraction_of_image,copy-paste,0.3,7.5,200,c0015_left_upper_on_structure_small,n0937,0,49,0.959,0.4751,0.0948,0.1405
c0015_left_upper_clear_medium__cp,c0015,copypaste,left,upper,clear,medial,medium,1140105651,2828,2320,254,0,2320,0.22069,50,0.1348,0.1211,0.4883,0.7793,0.3461,0.2659,0.2875,0.2073,0.4047,0.3245,60,60.0,,32.96,,,0.5787,0.8527,,0.0,,,fraction_of_image,copy-paste,0.3,7.5,200,c0015_left_upper_clear_medium,n0924,0,61,0.984,0.0063,0.1109,0.0831
c0015_left_upper_moderate_medium__cp,c0015,copypaste,left,upper,moderate,lateral,medium,287186495,2828,2320,254,0,2320,0.22069,50,0.1348,0.1211,0.4883,0.7793,0.3,0.2659,0.2414,0.2073,0.3586,0.3245,60,60.0,,51.88,,,0.7616,0.8527,,0.0,,,fraction_of_image,copy-paste,0.3,7.5,200,c0015_left_upper_moderate_medium,n0498,2,75,0.8,-0.1853,0.0947,0.0994
c0015_left_upper_on_structure_medium__cp,c0015,copypaste,left,upper,on_structure,lateral,medium,842165806,2828,2320,254,0,2320,0.22069,50,0.1348,0.1211,0.4883,0.7793,0.2193,0.2659,0.1607,0.2073,0.2779,0.3245,60,60.0,,44.86,,,1.2835,0.8527,,0.0,,,fraction_of_image,copy-paste,0.3,7.5,200,c0015_left_upper_on_structure_medium,n0669,0,85,0.706,0.2372,0.0257,0.1536
c0015_left_upper_clear_large__cp,c0015,copypaste,left,upper,clear,medial,large,2064583744,2828,2320,254,0,2320,0.22069,50,0.1348,0.1211,0.4883,0.7793,0.3519,0.2659,0.2796,0.1936,0.4241,0.3382,74,74.0,,42.51,,,0.5915,0.7248,,0.0,,,fraction_of_image,copy-paste,0.3,7.5,200,c0015_left_upper_clear_large,n0877,0,117,0.632,0.0615,0.0705,0.0853
c0015_left_upper_moderate_large__cp,c0015,copypaste,left,upper,moderate,medial,large,1366233256,2828,2320,254,0,2320,0.22069,50,0.1348,0.1211,0.4883,0.7793,0.4124,0.2659,0.3401,0.1936,0.4847,0.3382,74,74.0,,50.76,,,0.7307,0.7248,,0.0,,,fraction_of_image,copy-paste,0.3,7.5,200,c0015_left_upper_moderate_large,n0729,0,214,0.346,0.0899,0.2707,0.1165
c0015_left_upper_on_structure_large__cp,c0015,copypaste,left,upper,on_structure,lateral,large,729475189,2828,2320,254,0,2320,0.22069,50,0.1348,0.1211,0.4883,0.7793,0.2308,0.2659,0.1586,0.1936,0.3031,0.3382,74,74.0,,51.69,,,1.2022,0.7248,,0.0,,,fraction_of_image,copy-paste,0.3,7.5,200,c0015_left_upper_on_structure_large,n0542,0,105,0.705,0.3267,0.0174,0.1594
c0015_left_mid_clear_small__cp,c0015,copypaste,left,mid,clear,medial,small,867759771,2828,2320,254,0,2320,0.22069,50,0.1348,0.1211,0.4883,0.7793,0.3501,0.4502,0.3042,0.4043,0.396,0.4961,47,47.0,,27.08,,,0.7375,0.6641,,0.0,,,fraction_of_image,copy-paste,0.3,7.5,200,c0015_left_mid_clear_small,n1041,0,101,0.465,0.1847,0.2463,0.1431
c0015_left_mid_moderate_small__cp,c0015,copypaste,left,mid,moderate,lateral,small,1172994720,2828,2320,254,0,2320,0.22069,50,0.1348,0.1211,0.4883,0.7793,0.2601,0.4502,0.2142,0.4043,0.306,0.4961,47,47.0,,28.32,,,0.9363,0.6641,,0.0,,,fraction_of_image,copy-paste,0.3,7.5,200,c0015_left_mid_moderate_small,n0994,0,67,0.701,0.1138,0.0488,0.0772
c0015_left_mid_on_structure_small__cp,c0015,copypaste,left,mid,on_structure,lateral,small,1773283570,2828,2320,254,0,2320,0.22069,50,0.1348,0.1211,0.4883,0.7793,0.2087,0.4502,0.1628,0.4043,0.2546,0.4961,47,47.0,,60.92,,,1.0598,0.6641,,0.0,,,fraction_of_image,copy-paste,0.3,7.5,200,c0015_left_mid_on_structure_small,n0072,0,159,0.296,0.1243,0.2429,0.0857
c0015_left_mid_clear_medium__cp,c0015,copypaste,left,mid,clear,medial,medium,1315758293,2828,2320,254,0,2320,0.22069,50,0.1348,0.1211,0.4883,0.7793,0.3461,0.4502,0.2875,0.3916,0.4047,0.5088,60,60.0,,26.41,,,0.7699,0.4861,,0.0,,,fraction_of_image,copy-paste,0.3,7.5,200,c0015_left_mid_clear_medium,n0611,2,116,0.517,-0.2053,0.1094,0.1445
c0015_left_mid_moderate_medium__cp,c0015,copypaste,left,mid,moderate,lateral,medium,37911165,2828,2320,254,0,2320,0.22069,50,0.1348,0.1211,0.4883,0.7793,0.2539,0.4502,0.1953,0.3916,0.3125,0.5088,60,60.0,,44.59,,,0.9118,0.4861,,0.0,,,fraction_of_image,copy-paste,0.3,7.5,200,c0015_left_mid_moderate_medium,n0942,0,96,0.625,-0.1883,-0.018,0.0796
c0015_left_mid_on_structure_medium__cp,c0015,copypaste,left,mid,on_structure,lateral,medium,694280571,2828,2320,254,0,2320,0.22069,50,0.1348,0.1211,0.4883,0.7793,0.2193,0.4502,0.1607,0.3916,0.2779,0.5088,60,60.0,,57.05,,,0.9948,0.4861,,0.0,,,fraction_of_image,copy-paste,0.3,7.5,200,c0015_left_mid_on_structure_medium,n0094,0,90,0.667,-0.0607,0.0357,0.0966
c0015_left_mid_clear_large__cp,c0015,copypaste,left,mid,clear,medial,large,565853008,2828,2320,254,0,2320,0.22069,50,0.1348,0.1211,0.4883,0.7793,0.3721,0.4502,0.2998,0.3779,0.4443,0.5225,74,74.0,,37.42,,,0.7777,0.3185,,0.0,,,fraction_of_image,copy-paste,0.3,7.5,200,c0015_left_mid_clear_large,n0425,0,119,0.622,-0.0594,0.0887,0.1355
c0015_left_mid_moderate_large__cp,c0015,copypaste,left,mid,moderate,lateral,large,2100263661,2828,2320,254,0,2320,0.22069,50,0.1348,0.1211,0.4883,0.7793,0.3115,0.4502,0.2393,0.3779,0.3838,0.5225,74,74.0,,28.79,,,0.8797,0.3185,,0.0,,,fraction_of_image,copy-paste,0.3,7.5,200,c0015_left_mid_moderate_large,n0569,0,191,0.387,0.0718,0.0318,0.1188
c0015_left_mid_on_structure_large__cp,c0015,copypaste,left,mid,on_structure,lateral,large,571127252,2828,2320,254,0,2320,0.22069,50,0.1348,0.1211,0.4883,0.7793,0.2308,0.4502,0.1586,0.3779,0.3031,0.5225,74,74.0,,59.28,,,0.9455,0.3185,,0.0,,,fraction_of_image,copy-paste,0.3,7.5,200,c0015_left_mid_on_structure_large,n0359,0,119,0.622,-0.2843,0.0232,0.1005
c0015_left_lower_clear_small__cp,c0015,copypaste,left,lower,clear,lateral,small,1479454627,2828,2320,254,0,2320,0.22069,50,0.1348,0.1211,0.4883,0.7793,0.2472,0.6345,0.2013,0.5886,0.2931,0.6804,47,47.0,,40.05,,,0.5091,0.5374,,0.0,,,fraction_of_image,copy-paste,0.3,7.5,200,c0015_left_lower_clear_small,n0785,0,62,0.758,-0.4568,-0.0028,0.0522
c0015_left_lower_moderate_small__cp,c0015,copypaste,left,lower,moderate,lateral,small,1208364506,2828,2320,254,0,2320,0.22069,50,0.1348,0.1211,0.4883,0.7793,0.273,0.6345,0.2271,0.5886,0.3189,0.6804,47,47.0,,42.6,,,0.5598,0.5374,,0.0,,,fraction_of_image,copy-paste,0.3,7.5,200,c0015_left_lower_moderate_small,n1128,1,106,0.443,-0.0913,0.0141,0.0698
c0015_left_lower_on_structure_small__cp,c0015,copypaste,left,lower,on_structure,medial,small,1690017088,2828,2320,254,0,2320,0.22069,50,0.1348,0.1211,0.4883,0.7793,0.4272,0.6345,0.3813,0.5886,0.4731,0.6804,47,47.0,,58.57,,,0.8195,0.5374,,0.0,,,fraction_of_image,copy-paste,0.3,7.5,200,c0015_left_lower_on_structure_small,n0402,1,80,0.588,0.103,0.0222,0.1472
c0015_left_lower_clear_medium__cp,c0015,copypaste,left,lower,clear,medial,medium,1077313509,2828,2320,254,0,2320,0.22069,50,0.1348,0.1211,0.4883,0.7793,0.3576,0.6345,0.299,0.5759,0.4162,0.6931,60,60.0,,43.25,,,0.5348,0.3184,,0.0,,,fraction_of_image,copy-paste,0.3,7.5,200,c0015_left_lower_clear_medium,n0896,0,77,0.779,-0.3745,0.0722,0.0858
c0015_left_lower_moderate_medium__cp,c0015,copypaste,left,lower,moderate,lateral,medium,631389297,2828,2320,254,0,2320,0.22069,50,0.1348,0.1211,0.4883,0.7793,0.2193,0.6345,0.1607,0.5759,0.2779,0.6931,60,60.0,,55.78,,,0.5843,0.3184,,0.0,,,fraction_of_image,copy-paste,0.3,7.5,200,c0015_left_lower_moderate_medium,n0134,0,107,0.561,-0.154,0.0232,0.0839
c0015_left_lower_on_structure_medium__cp,c0015,copypaste,left,lower,on_structure,medial,medium,914724956,2828,2320,254,0,2320,0.22069,50,0.1348,0.1211,0.4883,0.7793,0.4152,0.6345,0.3566,0.5759,0.4738,0.6931,60,60.0,,56.59,,,0.7038,0.3184,,0.0,,,fraction_of_image,copy-paste,0.3,7.5,200,c0015_left_lower_on_structure_medium,n0550,0,93,0.645,-0.1919,0.106,0.1422
c0015_left_lower_clear_large__cp,c0015,copypaste,left,lower,clear,medial,large,1057675604,2828,2320,254,0,2320,0.22069,50,0.1348,0.1211,0.4883,0.7793,0.3519,0.6345,0.2796,0.5622,0.4241,0.7068,74,74.0,,49.85,,,0.5709,0.1693,,0.0,,,fraction_of_image,copy-paste,0.3,7.5,200,c0015_left_lower_clear_large,n0005,0,184,0.402,-0.1942,0.0366,0.097
c0015_left_lower_moderate_large__cp,c0015,copypaste,left,lower,moderate,lateral,large,355726578,2828,2320,254,0,2320,0.22069,50,0.1348,0.1211,0.4883,0.7793,0.2712,0.6345,0.1989,0.5622,0.3434,0.7068,74,74.0,,49.69,,,0.6071,0.1693,,0.0,,,fraction_of_image,copy-paste,0.3,7.5,200,c0015_left_lower_moderate_large,n0475,0,84,0.881,-0.0826,0.0801,0.1083
c0015_left_lower_on_structure_large__cp,c0015,copypaste,left,lower,on_structure,lateral,large,893260345,2828,2320,254,0,2320,0.22069,50,0.1348,0.1211,0.4883,0.7793,0.2106,0.6345,0.1384,0.5622,0.2829,0.7068,74,74.0,,59.8,,,0.6549,0.1693,,0.0,,,fraction_of_image,copy-paste,0.3,7.5,200,c0015_left_lower_on_structure_large,n0019,0,119,0.622,-0.2701,0.0309,0.1184
c0015_right_upper_clear_small__cp,c0015,copypaste,right,upper,clear,medial,small,277797743,2828,2320,254,0,2320,0.22069,50,0.5664,0.1191,0.9141,0.8477,0.7151,0.2794,0.6692,0.2335,0.761,0.3253,47,47.0,,25.73,,,0.5166,0.9163,,0.0,,,fraction_of_image,copy-paste,0.3,7.5,200,c0015_right_upper_clear_small,n0987,0,76,0.618,-0.1434,0.0709,0.0782
c0015_right_upper_moderate_small__cp,c0015,copypaste,right,upper,moderate,medial,small,176285250,2828,2320,254,0,2320,0.22069,50,0.5664,0.1191,0.9141,0.8477,0.6523,0.2794,0.6064,0.2335,0.6982,0.3253,47,47.0,,44.21,,,0.7613,0.9163,,0.0,,,fraction_of_image,copy-paste,0.3,7.5,200,c0015_right_upper_moderate_small,n1102,0,90,0.522,-0.1558,0.0288,0.0884
c0015_right_upper_on_structure_small__cp,c0015,copypaste,right,upper,on_structure,lateral,small,1070796472,2828,2320,254,0,2320,0.22069,50,0.5664,0.1191,0.9141,0.8477,0.8407,0.2794,0.7948,0.2335,0.8866,0.3253,47,47.0,,51.14,,,1.1497,0.9163,,0.0,,,fraction_of_image,copy-paste,0.3,7.5,200,c0015_right_upper_on_structure_small,n0098,0,66,0.712,0.2814,0.0341,0.1498
c0015_right_upper_clear_medium__cp,c0015,copypaste,right,upper,clear,medial,medium,610323377,2828,2320,254,0,2320,0.22069,50,0.5664,0.1191,0.9141,0.8477,0.7402,0.2794,0.6816,0.2208,0.7988,0.338,60,60.0,,37.36,,,0.5316,0.7686,,0.0,,,fraction_of_image,copy-paste,0.3,7.5,200,c0015_right_upper_clear_medium,n0927,0,114,0.526,-0.189,0.1133,0.0868
c0015_right_upper_moderate_medium__cp,c0015,copypaste,right,upper,moderate,medial,medium,59514222,2828,2320,254,0,2320,0.22069,50,0.5664,0.1191,0.9141,0.8477,0.6616,0.2794,0.603,0.2208,0.7202,0.338,60,60.0,,50.59,,,0.713,0.7686,,0.0,,,fraction_of_image,copy-paste,0.3,7.5,200,c0015_right_upper_moderate_medium,n0804,0,160,0.375,-0.0682,0.0318,0.1039
c0015_right_upper_on_structure_medium__cp,c0015,copypaste,right,upper,on_structure,lateral,medium,41912050,2828,2320,254,0,2320,0.22069,50,0.5664,0.1191,0.9141,0.8477,0.8301,0.2794,0.7715,0.2208,0.8887,0.338,60,60.0,,54.63,,,1.0705,0.7686,,0.0,,,fraction_of_image,copy-paste,0.3,7.5,200,c0015_right_upper_on_structure_medium,n0325,0,79,0.759,-0.0866,0.0437,0.1511
c0015_right_upper_clear_large__cp,c0015,copypaste,right,upper,clear,medial,large,1336753691,2828,2320,254,0,2320,0.22069,50,0.5664,0.1191,0.9141,0.8477,0.7402,0.2794,0.668,0.2071,0.8125,0.3517,74,74.0,,49.6,,,0.5451,0.6458,,0.0,,,fraction_of_image,copy-paste,0.3,7.5,200,c0015_right_upper_clear_large,n0902,0,90,0.822,-0.119,0.1449,0.0922
c0015_right_upper_moderate_large__cp,c0015,copypaste,right,upper,moderate,medial,large,1259010063,2828,2320,254,0,2320,0.22069,50,0.5664,0.1191,0.9141,0.8477,0.6717,0.2794,0.5994,0.2071,0.7439,0.3517,74,74.0,,53.23,,,0.6721,0.6458,,0.0,,,fraction_of_image,copy-paste,0.3,7.5,200,c0015_right_upper_moderate_large,n1098,0,81,0.914,0.0979,0.1861,0.108
c0015_right_upper_on_structure_large__cp,c0015,copypaste,right,upper,on_structure,lateral,large,1820615529,2828,2320,254,0,2320,0.22069,50,0.5664,0.1191,0.9141,0.8477,0.8186,0.2794,0.7463,0.2071,0.8909,0.3517,74,74.0,,55.22,,,1.0104,0.6458,,0.0,,,fraction_of_image,copy-paste,0.3,7.5,200,c0015_right_upper_on_structure_large,n0914,0,86,0.86,0.3459,0.1918,0.1656
c0015_right_mid_clear_small__cp,c0015,copypaste,right,mid,clear,medial,small,27887830,2828,2320,254,0,2320,0.22069,50,0.5664,0.1191,0.9141,0.8477,0.7277,0.4834,0.6818,0.4375,0.7736,0.5293,47,47.0,,33.55,,,0.3738,0.7561,,0.0,,,fraction_of_image,copy-paste,0.3,7.5,200,c0015_right_mid_clear_small,n0780,0,147,0.32,-0.1229,0.0591,0.0758
c0015_right_mid_moderate_small__cp,c0015,copypaste,right,mid,moderate,medial,small,116380639,2828,2320,254,0,2320,0.22069,50,0.5664,0.1191,0.9141,0.8477,0.6774,0.4834,0.6315,0.4375,0.7233,0.5293,47,47.0,,37.94,,,0.7068,0.7561,,0.0,,,fraction_of_image,copy-paste,0.3,7.5,200,c0015_right_mid_moderate_small,n0353,1,59,0.797,0.0199,-0.0212,0.1461
c0015_right_mid_on_structure_small__cp,c0015,copypaste,right,mid,on_structure,lateral,small,1733252914,2828,2320,254,0,2320,0.22069,50,0.5664,0.1191,0.9141,0.8477,0.8407,0.4834,0.7948,0.4375,0.8866,0.5293,47,47.0,,65.89,,,1.0379,0.7561,,0.0,,,fraction_of_image,copy-paste,0.3,7.5,200,c0015_right_mid_on_structure_small,n0672,0,90,0.522,-0.1662,0.0279,0.0816
c0015_right_mid_clear_medium__cp,c0015,copypaste,right,mid,clear,medial,medium,1770617361,2828,2320,254,0,2320,0.22069,50,0.5664,0.1191,0.9141,0.8477,0.729,0.4834,0.6704,0.4248,0.7876,0.542,60,60.0,,34.47,,,0.4137,0.6305,,0.0,,,fraction_of_image,copy-paste,0.3,7.5,200,c0015_right_mid_clear_medium,n0910,0,96,0.625,-0.1249,0.0399,0.0864
c0015_right_mid_moderate_medium__cp,c0015,copypaste,right,mid,moderate,medial,medium,1141403408,2828,2320,254,0,2320,0.22069,50,0.5664,0.1191,0.9141,0.8477,0.6841,0.4834,0.6255,0.4248,0.7427,0.542,60,60.0,,44.75,,,0.6709,0.6305,,0.0,,,fraction_of_image,copy-paste,0.3,7.5,200,c0015_right_mid_moderate_medium,n0812,0,87,0.69,0.0483,0.0836,0.1531
c0015_right_mid_on_structure_medium__cp,c0015,copypaste,right,mid,on_structure,lateral,medium,857228561,2828,2320,254,0,2320,0.22069,50,0.5664,0.1191,0.9141,0.8477,0.8301,0.4834,0.7715,0.4248,0.8887,0.542,60,60.0,,67.9,,,0.9174,0.6305,,0.0,,,fraction_of_image,copy-paste,0.3,7.5,200,c0015_right_mid_on_structure_medium,n0236,0,85,0.706,-0.2688,0.0056,0.1192
c0015_right_mid_clear_large__cp,c0015,copypaste,right,mid,clear,medial,large,2097141943,2828,2320,254,0,2320,0.22069,50,0.5664,0.1191,0.9141,0.8477,0.7304,0.4834,0.6582,0.4111,0.8027,0.5557,74,74.0,,37.77,,,0.4552,0.4744,,0.0,,,fraction_of_image,copy-paste,0.3,7.5,200,c0015_right_mid_clear_large,n0463,0,165,0.448,-0.5453,0.019,0.0998
c0015_right_mid_moderate_large__cp,c0015,copypaste,right,mid,moderate,medial,large,1602235205,2828,2320,254,0,2320,0.22069,50,0.5664,0.1191,0.9141,0.8477,0.6913,0.4834,0.619,0.4111,0.7635,0.5557,74,74.0,,52.32,,,0.6354,0.4744,,0.0,,,fraction_of_image,copy-paste,0.3,7.5,200,c0015_right_mid_moderate_large,n0406,0,158,0.468,0.1389,0.0408,0.1536
c0015_right_mid_on_structure_large__cp,c0015,copypaste,right,mid,on_structure,lateral,large,1170879328,2828,2320,254,0,2320,0.22069,50,0.5664,0.1191,0.9141,0.8477,0.8284,0.4834,0.7561,0.4111,0.9007,0.5557,74,74.0,,68.6,,,0.8568,0.4744,,0.0,,,fraction_of_image,copy-paste,0.3,7.5,200,c0015_right_mid_on_structure_large,n0783,0,103,0.718,0.2199,0.1879,0.1312
c0015_right_lower_clear_small__cp,c0015,copypaste,right,lower,clear,lateral,small,1412391671,2828,2320,254,0,2320,0.22069,50,0.5664,0.1191,0.9141,0.8477,0.8282,0.6874,0.7823,0.6415,0.8741,0.7333,47,47.0,,35.95,,,0.6826,0.563,,0.0,,,fraction_of_image,copy-paste,0.3,7.5,200,c0015_right_lower_clear_small,n0465,0,69,0.681,0.0709,0.0519,0.1203
c0015_right_lower_moderate_small__cp,c0015,copypaste,right,lower,moderate,medial,small,1108983408,2828,2320,254,0,2320,0.22069,50,0.5664,0.1191,0.9141,0.8477,0.7402,0.6874,0.6943,0.6415,0.7861,0.7333,47,47.0,,46.68,,,0.9636,0.563,,0.0,,,fraction_of_image,copy-paste,0.3,7.5,200,c0015_right_lower_moderate_small,n0469,0,155,0.303,-0.059,0.0249,0.1136
c0015_right_lower_on_structure_small__cp,c0015,copypaste,right,lower,on_structure,medial,small,2090693592,2828,2320,254,0,2320,0.22069,50,0.5664,0.1191,0.9141,0.8477,0.6397,0.6874,0.5938,0.6415,0.6856,0.7333,47,47.0,,34.99,,,1.1662,0.563,,0.0,,,fraction_of_image,copy-paste,0.3,7.5,200,c0015_right_lower_on_structure_small,n0601,1,81,0.58,0.3524,0.0425,0.0535
c0015_right_lower_clear_medium__cp,c0015,copypaste,right,lower,clear,lateral,medium,159724226,2828,2320,254,0,2320,0.22069,50,0.5664,0.1191,0.9141,0.8477,0.8076,0.6874,0.749,0.6288,0.8662,0.746,60,60.0,,43.42,,,0.6895,0.4999,,0.0,,,fraction_of_image,copy-paste,0.3,7.5,200,c0015_right_lower_clear_medium,n0649,0,90,0.667,0.0879,0.0837,0.1196
c0015_right_lower_moderate_medium__cp,c0015,copypaste,right,lower,moderate,medial,medium,1275473341,2828,2320,254,0,2320,0.22069,50,0.5664,0.1191,0.9141,0.8477,0.7402,0.6874,0.6816,0.6288,0.7988,0.746,60,60.0,,50.29,,,0.9998,0.4999,,0.0,,,fraction_of_image,copy-paste,0.3,7.5,200,c0015_right_lower_moderate_medium,n0126,0,110,0.545,0.1641,0.0832,0.1173
c0015_right_lower_on_structure_medium__cp,c0015,copypaste,right,lower,on_structure,medial,medium,302416064,2828,2320,254,0,2320,0.22069,50,0.5664,0.1191,0.9141,0.8477,0.6729,0.6874,0.6143,0.6288,0.7314,0.746,60,60.0,,42.15,,,1.1564,0.4999,,0.0,,,fraction_of_image,copy-paste,0.3,7.5,200,c0015_right_lower_on_structure_medium,n1053,0,123,0.488,0.2357,-0.0316,0.0883
c0015_right_lower_clear_large__cp,c0015,copypaste,right,lower,clear,lateral,large,1311097995,2828,2320,254,0,2320,0.22069,50,0.5664,0.1191,0.9141,0.8477,0.8186,0.6874,0.7463,0.6151,0.8909,0.7596,74,74.0,,50.5,,,0.7143,0.4404,,0.0,,,fraction_of_image,copy-paste,0.3,7.5,200,c0015_right_lower_clear_large,n0455,0,103,0.718,0.188,0.0495,0.1198
c0015_right_lower_moderate_large__cp,c0015,copypaste,right,lower,moderate,medial,large,923264047,2828,2320,254,0,2320,0.22069,50,0.5664,0.1191,0.9141,0.8477,0.7402,0.6874,0.668,0.6151,0.8125,0.7596,74,74.0,,48.39,,,1.0313,0.4404,,0.0,,,fraction_of_image,copy-paste,0.3,7.5,200,c0015_right_lower_moderate_large,n0182,0,130,0.569,-0.3224,0.0142,0.1233
c0015_right_lower_on_structure_large__cp,c0015,copypaste,right,lower,on_structure,medial,large,432488510,2828,2320,254,0,2320,0.22069,50,0.5664,0.1191,0.9141,0.8477,0.6717,0.6874,0.5994,0.6151,0.7439,0.7596,74,74.0,,53.04,,,1.1419,0.4404,,0.0,,,fraction_of_image,copy-paste,0.3,7.5,200,c0015_right_lower_on_structure_large,n0001,0,99,0.747,0.3945,0.0919,0.0996
c0018_left_upper_clear_small__cp,c0018,copypaste,left,upper,clear,medial,small,1421839998,3920,3612,154,0,3612,0.14175,45,0.1758,0.1621,0.4531,0.7695,0.3416,0.2957,0.2957,0.2498,0.3875,0.3416,47,47.0,,26.81,,,0.6053,0.9232,,0.0,,,fraction_of_image,copy-paste,0.3,7.5,200,c0018_left_upper_clear_small,n0486,0,95,0.495,-0.0028,0.1137,0.0617
c0018_left_upper_moderate_small__cp,c0018,copypaste,left,upper,moderate,lateral,small,1407627944,3920,3612,154,0,3612,0.14175,45,0.1758,0.1621,0.4531,0.7695,0.3145,0.2957,0.2686,0.2498,0.3604,0.3416,47,47.0,,33.52,,,0.7464,0.9232,,0.0,,,fraction_of_image,copy-paste,0.3,7.5,200,c0018_left_upper_moderate_small,n0844,0,64,0.734,-0.0742,0.0973,0.0647
c0018_left_upper_on_structure_small__cp,c0018,copypaste,left,upper,on_structure,lateral,small,1172571264,3920,3612,154,0,3612,0.14175,45,0.1758,0.1621,0.4531,0.7695,0.2421,0.2957,0.1962,0.2498,0.288,0.3416,47,47.0,,46.22,,,1.2028,0.9232,,0.0,,,fraction_of_image,copy-paste,0.3,7.5,200,c0018_left_upper_on_structure_small,n0318,0,92,0.511,0.405,0.0626,0.138
c0018_left_upper_clear_medium__cp,c0018,copypaste,left,upper,clear,medial,medium,1341910967,3920,3612,154,0,3612,0.14175,45,0.1758,0.1621,0.4531,0.7695,0.3762,0.2957,0.3176,0.2371,0.4348,0.3543,60,60.0,,43.47,,,0.6276,0.7112,,0.0,,,fraction_of_image,copy-paste,0.3,7.5,200,c0018_left_upper_clear_medium,n0963,0,63,0.952,-0.2588,0.0611,0.0728
c0018_left_upper_moderate_medium__cp,c0018,copypaste,left,upper,moderate,lateral,medium,1067117090,3920,3612,154,0,3612,0.14175,45,0.1758,0.1621,0.4531,0.7695,0.3145,0.2957,0.2559,0.2371,0.373,0.3543,60,60.0,,51.62,,,0.7559,0.7112,,0.0,,,fraction_of_image,copy-paste,0.3,7.5,200,c0018_left_upper_moderate_medium,n0208,1,87,0.69,0.0747,0.1808,0.0681
c0018_left_upper_on_structure_medium__cp,c0018,copypaste,left,upper,on_structure,lateral,medium,323050265,3920,3612,154,0,3612,0.14175,45,0.1758,0.1621,0.4531,0.7695,0.2527,0.2957,0.1941,0.2371,0.3113,0.3543,60,60.0,,51.76,,,1.1262,0.7112,,0.0,,,fraction_of_image,copy-paste,0.3,7.5,200,c0018_left_upper_on_structure_medium,n0153,2,211,0.284,-0.2479,0.0496,0.1394
c0018_left_upper_clear_large__cp,c0018,copypaste,left,upper,clear,medial,large,2057691059,3920,3612,154,0,3612,0.14175,45,0.1758,0.1621,0.4531,0.7695,0.3584,0.2957,0.2861,0.2235,0.4307,0.368,74,74.0,,50.76,,,0.6431,0.5702,,0.0,,,fraction_of_image,copy-paste,0.3,7.5,200,c0018_left_upper_clear_large,n0433,0,220,0.336,0.0551,0.1024,0.0722
c0018_left_upper_moderate_large__cp,c0018,copypaste,left,upper,moderate,lateral,large,1900854235,3920,3612,154,0,3612,0.14175,45,0.1758,0.1621,0.4531,0.7695,0.3145,0.2957,0.2422,0.2235,0.3867,0.368,74,74.0,,52.56,,,0.759,0.5702,,0.0,,,fraction_of_image,copy-paste,0.3,7.5,200,c0018_left_upper_moderate_large,n0791,0,384,0.193,0.1607,0.1904,0.0751
c0018_left_upper_on_structure_large__cp,c0018,copypaste,left,upper,on_structure,lateral,large,567065019,3920,3612,154,0,3612,0.14175,45,0.1758,0.1621,0.4531,0.7695,0.2642,0.2957,0.192,0.2235,0.3365,0.368,74,74.0,,53.97,,,1.0612,0.5702,,0.0,,,fraction_of_image,copy-paste,0.3,7.5,200,c0018_left_upper_on_structure_large,n0325,0,79,0.937,-0.2399,0.0453,0.1433
c0018_left_mid_clear_small__cp,c0018,copypaste,left,mid,clear,medial,small,306054301,3920,3612,154,0,3612,0.14175,45,0.1758,0.1621,0.4531,0.7695,0.3597,0.4658,0.3138,0.4199,0.4056,0.5117,47,47.0,,28.8,,,0.6977,0.4391,,0.0,,,fraction_of_image,copy-paste,0.3,7.5,200,c0018_left_mid_clear_small,n0927,1,82,0.573,-0.0093,0.1125,0.0969
c0018_left_mid_moderate_small__cp,c0018,copypaste,left,mid,moderate,lateral,small,1807269629,3920,3612,154,0,3612,0.14175,45,0.1758,0.1621,0.4531,0.7695,0.2873,0.4658,0.2414,0.4199,0.3332,0.5117,47,47.0,,19.43,,,0.8838,0.4391,,0.0,,,fraction_of_image,copy-paste,0.3,7.5,200,c0018_left_mid_moderate_small,n0026,2,64,0.734,-0.1852,0.1122,0.0553
c0018_left_mid_on_structure_small__cp,c0018,copypaste,left,mid,on_structure,medial,small,852397131,3920,3612,154,0,3612,0.14175,45,0.1758,0.1621,0.4531,0.7695,0.3959,0.4658,0.35,0.4199,0.4418,0.5117,47,47.0,,50.63,,,0.9984,0.4391,,0.0,,,fraction_of_image,copy-paste,0.3,7.5,200,c0018_left_mid_on_structure_small,n1113,0,104,0.452,0.0198,0.0711,0.1162
c0018_left_mid_clear_medium__cp,c0018,copypaste,left,mid,clear,medial,medium,933442835,3920,3612,154,0,3612,0.14175,45,0.1758,0.1621,0.4531,0.7695,0.353,0.4658,0.2944,0.4072,0.4116,0.5244,60,60.0,,32.95,,,0.7156,0.2902,,0.0,,,fraction_of_image,copy-paste,0.3,7.5,200,c0018_left_mid_clear_medium,n0050,1,94,0.638,-0.0939,0.1201,0.0912
c0018_left_mid_moderate_medium__cp,c0018,copypaste,left,mid,moderate,lateral,medium,1841819343,3920,3612,154,0,3612,0.14175,45,0.1758,0.1621,0.4531,0.7695,0.299,0.4658,0.2404,0.4072,0.3576,0.5244,60,60.0,,24.18,,,0.8372,0.2902,,0.0,,,fraction_of_image,copy-paste,0.3,7.5,200,c0018_left_mid_moderate_medium,n0956,0,75,0.8,-0.1825,0.1065,0.0602
c0018_left_mid_on_structure_medium__cp,c0018,copypaste,left,mid,on_structure,medial,medium,539712343,3920,3612,154,0,3612,0.14175,45,0.1758,0.1621,0.4531,0.7695,0.3916,0.4658,0.333,0.4072,0.4502,0.5244,60,60.0,,55.06,,,0.9339,0.2902,,0.0,,,fraction_of_image,copy-paste,0.3,7.5,200,c0018_left_mid_on_structure_medium,n0005,0,184,0.326,-0.232,0.0366,0.1199
c0018_left_mid_clear_large__cp,c0018,copypaste,left,mid,clear,medial,large,629479687,3920,3612,154,0,3612,0.14175,45,0.1758,0.1621,0.4531,0.7695,0.3396,0.4658,0.2673,0.3936,0.4118,0.5381,74,74.0,,37.22,,,0.7361,0.2042,,0.0,,,fraction_of_image,copy-paste,0.3,7.5,200,c0018_left_mid_clear_large,n0476,0,77,0.961,0.1155,0.0755,0.0829
c0018_left_mid_moderate_large__cp,c0018,copypaste,left,mid,moderate,medial,large,303648815,3920,3612,154,0,3612,0.14175,45,0.1758,0.1621,0.4531,0.7695,0.371,0.4658,0.2987,0.3936,0.4432,0.5381,74,74.0,,53.79,,,0.8077,0.2042,,0.0,,,fraction_of_image,copy-paste,0.3,7.5,200,c0018_left_mid_moderate_large,n0335,1,95,0.779,-0.1352,0.0553,0.1031
c0018_left_mid_on_structure_large__cp,c0018,copypaste,left,mid,on_structure,lateral,large,1678059280,3920,3612,154,0,3612,0.14175,45,0.1758,0.1621,0.4531,0.7695,0.2642,0.4658,0.192,0.3936,0.3365,0.5381,74,74.0,,56.69,,,0.893,0.2042,,0.0,,,fraction_of_image,copy-paste,0.3,7.5,200,c0018_left_mid_on_structure_large,n1112,0,116,0.638,0.1184,0.0605,0.0548
c0018_left_lower_clear_small__cp,c0018,copypaste,left,lower,clear,medial,small,185601690,3920,3612,154,0,3612,0.14175,45,0.1758,0.1621,0.4531,0.7695,0.3597,0.6359,0.3138,0.59,0.4056,0.6818,47,47.0,,30.4,,,0.7521,0.2567,,0.0,,,fraction_of_image,copy-paste,0.3,7.5,200,c0018_left_lower_clear_small,n0733,0,101,0.465,-0.1791,0.0251,0.102
c0018_left_lower_moderate_small__cp,c0018,copypaste,left,lower,moderate,lateral,small,1527643272,3920,3612,154,0,3612,0.14175,45,0.1758,0.1621,0.4531,0.7695,0.233,0.6359,0.1871,0.59,0.2789,0.6818,47,47.0,,39.43,,,0.8664,0.2567,,0.0,,,fraction_of_image,copy-paste,0.3,7.5,200,c0018_left_lower_moderate_small,n1106,0,215,0.219,-0.0385,0.1787,0.0492
c0018_left_lower_on_structure_small__cp,c0018,copypaste,left,lower,on_structure,lateral,small,1279232400,3920,3612,154,0,3612,0.14175,45,0.1758,0.1621,0.4531,0.7695,0.3145,0.6359,0.2686,0.59,0.3604,0.6818,47,47.0,,24.9,,,0.8975,0.2567,,0.0,,,fraction_of_image,copy-paste,0.3,7.5,200,c0018_left_lower_on_structure_small,n0462,1,70,0.671,0.0433,0.027,0.0851
c0018_left_lower_clear_medium__cp,c0018,copypaste,left,lower,clear,medial,medium,162800637,3920,3612,154,0,3612,0.14175,45,0.1758,0.1621,0.4531,0.7695,0.353,0.6359,0.2944,0.5773,0.4116,0.6945,60,60.0,,37.22,,,0.787,0.1305,,0.0,,,fraction_of_image,copy-paste,0.3,7.5,200,c0018_left_lower_clear_medium,n0570,0,63,0.952,0.1063,0.1002,0.1002
c0018_left_lower_moderate_medium__cp,c0018,copypaste,left,lower,moderate,lateral,medium,1387516372,3920,3612,154,0,3612,0.14175,45,0.1758,0.1621,0.4531,0.7695,0.2604,0.6359,0.2019,0.5773,0.319,0.6945,60,60.0,,36.09,,,0.8476,0.1305,,0.0,,,fraction_of_image,copy-paste,0.3,7.5,200,c0018_left_lower_moderate_medium,n0569,0,191,0.314,0.0084,0.0311,0.0533
c0018_left_lower_on_structure_medium__cp,c0018,copypaste,left,lower,on_structure,lateral,medium,1586277283,3920,3612,154,0,3612,0.14175,45,0.1758,0.1621,0.4531,0.7695,0.2913,0.6359,0.2327,0.5773,0.3499,0.6945,60,60.0,,31.63,,,0.8726,0.1305,,0.0,,,fraction_of_image,copy-paste,0.3,7.5,200,c0018_left_lower_on_structure_medium,n0862,0,91,0.659,0.0713,0.0912,0.0696
c0018_left_lower_clear_large__cp,c0018,copypaste,left,lower,clear,medial,large,833035121,3920,3612,154,0,3612,0.14175,45,0.1758,0.1621,0.4531,0.7695,0.3584,0.6359,0.2861,0.5636,0.4307,0.7082,74,74.0,,45.83,,,0.8033,0.0688,,0.0,,,fraction_of_image,copy-paste,0.3,7.5,200,c0018_left_lower_clear_large,n0569,0,191,0.387,0.047,0.0318,0.0974
c0018_left_lower_moderate_large__cp,c0018,copypaste,left,lower,moderate,lateral,large,929464707,3920,3612,154,0,3612,0.14175,45,0.1758,0.1621,0.4531,0.7695,0.3082,0.6359,0.2359,0.5636,0.3804,0.7082,74,74.0,,37.07,,,0.8396,0.0688,,0.0,,,fraction_of_image,copy-paste,0.3,7.5,200,c0018_left_lower_moderate_large,n1048,0,109,0.679,0.099,0.0129,0.0804
c0018_left_lower_on_structure_large__cp,c0018,copypaste,left,lower,on_structure,lateral,large,1205994813,3920,3612,154,0,3612,0.14175,45,0.1758,0.1621,0.4531,0.7695,0.2956,0.6359,0.2233,0.5636,0.3679,0.7082,74,74.0,,37.73,,,0.8492,0.0688,,0.0,,,fraction_of_image,copy-paste,0.3,7.5,200,c0018_left_lower_on_structure_large,n0200,0,95,0.779,0.1381,0.1542,0.0748
c0018_right_upper_clear_small__cp,c0018,copypaste,right,upper,clear,medial,small,1617515969,3920,3612,154,0,3612,0.14175,45,0.5605,0.1523,0.8223,0.7734,0.6418,0.289,0.5959,0.2431,0.6877,0.3349,47,47.0,,26.37,,,0.5243,0.798,,0.0,,,fraction_of_image,copy-paste,0.3,7.5,200,c0018_right_upper_clear_small,n0530,1,79,0.595,-0.2238,-0.0188,0.0652
c0018_right_upper_moderate_small__cp,c0018,copypaste,right,upper,moderate,medial,small,728855223,3920,3612,154,0,3612,0.14175,45,0.5605,0.1523,0.8223,0.7734,0.6914,0.289,0.6455,0.2431,0.7373,0.3349,47,47.0,,31.17,,,0.7302,0.798,,0.0,,,fraction_of_image,copy-paste,0.3,7.5,200,c0018_right_upper_moderate_small,n0264,0,71,0.662,0.027,0.0428,0.0607
c0018_right_upper_on_structure_small__cp,c0018,copypaste,right,upper,on_structure,lateral,small,422429435,3920,3612,154,0,3612,0.14175,45,0.5605,0.1523,0.8223,0.7734,0.7575,0.289,0.7116,0.2431,0.8034,0.3349,47,47.0,,42.23,,,1.074,0.798,,0.0,,,fraction_of_image,copy-paste,0.3,7.5,200,c0018_right_upper_on_structure_small,n0970,0,123,0.382,0.1463,0.0331,0.1033
c0018_right_upper_clear_medium__cp,c0018,copypaste,right,upper,clear,medial,medium,134604258,3920,3612,154,0,3612,0.14175,45,0.5605,0.1523,0.8223,0.7734,0.6221,0.289,0.5635,0.2304,0.6807,0.3476,60,60.0,,51.54,,,0.5636,0.6201,,0.0,,,fraction_of_image,copy-paste,0.3,7.5,200,c0018_right_upper_clear_medium,n0153,0,204,0.294,0.0728,0.1755,0.082
c0018_right_upper_moderate_medium__cp,c0018,copypaste,right,upper,moderate,medial,medium,1900601769,3920,3612,154,0,3612,0.14175,45,0.5605,0.1523,0.8223,0.7734,0.6914,0.289,0.6328,0.2304,0.75,0.3476,60,60.0,,46.65,,,0.738,0.6201,,0.0,,,fraction_of_image,copy-paste,0.3,7.5,200,c0018_right_upper_moderate_medium,n0796,0,163,0.368,-0.2789,0.0969,0.0691
c0018_right_upper_on_structure_medium__cp,c0018,copypaste,right,upper,on_structure,lateral,medium,1713502086,3920,3612,154,0,3612,0.14175,45,0.5605,0.1523,0.8223,0.7734,0.7469,0.289,0.6883,0.2304,0.8055,0.3476,60,60.0,,45.48,,,1.0147,0.6201,,0.0,,,fraction_of_image,copy-paste,0.3,7.5,200,c0018_right_upper_on_structure_medium,n1042,0,90,0.667,0.2538,0.0864,0.1047
c0018_right_upper_clear_large__cp,c0018,copypaste,right,upper,clear,medial,large,1191170031,3920,3612,154,0,3612,0.14175,45,0.5605,0.1523,0.8223,0.7734,0.6474,0.289,0.5752,0.2167,0.7197,0.3612,74,74.0,,48.69,,,0.5947,0.4836,,0.0,,,fraction_of_image,copy-paste,0.3,7.5,200,c0018_right_upper_clear_large,n0319,0,81,0.914,-0.1252,0.0231,0.0731
c0018_right_upper_moderate_large__cp,c0018,copypaste,right,upper,moderate,medial,large,487714861,3920,3612,154,0,3612,0.14175,45,0.5605,0.1523,0.8223,0.7734,0.6914,0.289,0.6191,0.2167,0.7637,0.3612,74,74.0,,47.15,,,0.7306,0.4836,,0.0,,,fraction_of_image,copy-paste,0.3,7.5,200,c0018_right_upper_moderate_large,n0301,2,415,0.178,-0.2527,0.166,0.0749
c0018_right_upper_on_structure_large__cp,c0018,copypaste,right,upper,on_structure,lateral,large,64034729,3920,3612,154,0,3612,0.14175,45,0.5605,0.1523,0.8223,0.7734,0.7354,0.289,0.6631,0.2167,0.8077,0.3612,74,74.0,,48.48,,,0.9599,0.4836,,0.0,,,fraction_of_image,copy-paste,0.3,7.5,200,c0018_right_upper_on_structure_large,n0879,2,79,0.937,-0.1986,0.0302,0.1171
c0018_right_mid_clear_small__cp,c0018,copypaste,right,mid,clear,medial,small,1562771962,3920,3612,154,0,3612,0.14175,45,0.5605,0.1523,0.8223,0.7734,0.6583,0.4629,0.6124,0.417,0.7042,0.5088,47,47.0,,27.34,,,0.754,0.2842,,0.0,,,fraction_of_image,copy-paste,0.3,7.5,200,c0018_right_mid_clear_small,n0655,0,69,0.681,0.0578,0.0524,0.0749
c0018_right_mid_moderate_small__cp,c0018,copypaste,right,mid,moderate,medial,small,1697881586,3920,3612,154,0,3612,0.14175,45,0.5605,0.1523,0.8223,0.7734,0.6418,0.4629,0.5959,0.417,0.6877,0.5088,47,47.0,,31.61,,,0.7883,0.2842,,0.0,,,fraction_of_image,copy-paste,0.3,7.5,200,c0018_right_mid_moderate_small,n0637,2,52,0.904,0.1165,-0.001,0.0833
c0018_right_mid_on_structure_small__cp,c0018,copypaste,right,mid,on_structure,medial,small,716661177,3920,3612,154,0,3612,0.14175,45,0.5605,0.1523,0.8223,0.7734,0.6253,0.4629,0.5794,0.417,0.6712,0.5088,47,47.0,,41.14,,,0.92,0.2842,,0.0,,,fraction_of_image,copy-paste,0.3,7.5,200,c0018_right_mid_on_structure_small,n0996,0,155,0.303,0.0654,0.1062,0.0865
c0018_right_mid_clear_medium__cp,c0018,copypaste,right,mid,clear,medial,medium,1669444457,3920,3612,154,0,3612,0.14175,45,0.5605,0.1523,0.8223,0.7734,0.6845,0.4629,0.6259,0.4043,0.7431,0.5215,60,60.0,,26.83,,,0.7417,0.1833,,0.0,,,fraction_of_image,copy-paste,0.3,7.5,200,c0018_right_mid_clear_medium,n0109,0,90,0.667,-0.0163,0.0772,0.0629
c0018_right_mid_moderate_medium__cp,c0018,copypaste,right,mid,moderate,lateral,medium,1788031041,3920,3612,154,0,3612,0.14175,45,0.5605,0.1523,0.8223,0.7734,0.7191,0.4629,0.6605,0.4043,0.7777,0.5215,60,60.0,,24.66,,,0.7814,0.1833,,0.0,,,fraction_of_image,copy-paste,0.3,7.5,200,c0018_right_mid_moderate_medium,n0298,0,105,0.571,0.0376,0.0399,0.0537
c0018_right_mid_on_structure_medium__cp,c0018,copypaste,right,mid,on_structure,lateral,medium,1752961293,3920,3612,154,0,3612,0.14175,45,0.5605,0.1523,0.8223,0.7734,0.7607,0.4629,0.7021,0.4043,0.8193,0.5215,60,60.0,,51.58,,,0.8345,0.1833,,0.0,,,fraction_of_image,copy-paste,0.3,7.5,200,c0018_right_mid_on_structure_medium,n0434,0,108,0.556,0.0526,0.0874,0.053
c0018_right_mid_clear_large__cp,c0018,copypaste,right,mid,clear,medial,large,1140761461,3920,3612,154,0,3612,0.14175,45,0.5605,0.1523,0.8223,0.7734,0.6804,0.4629,0.6081,0.3906,0.7527,0.5352,74,74.0,,36.23,,,0.7294,0.118,,0.0,,,fraction_of_image,copy-paste,0.3,7.5,200,c0018_right_mid_clear_large,n1050,0,80,0.925,0.1128,0.0936,0.0662
c0018_right_mid_moderate_large__cp,c0018,copypaste,right,mid,moderate,medial,large,539004356,3920,3612,154,0,3612,0.14175,45,0.5605,0.1523,0.8223,0.7734,0.6584,0.4629,0.5862,0.3906,0.7307,0.5352,74,74.0,,48.4,,,0.7637,0.118,,0.0,,,fraction_of_image,copy-paste,0.3,7.5,200,c0018_right_mid_moderate_large,n0080,1,179,0.413,-0.2804,0.0776,0.0835
c0018_right_mid_on_structure_large__cp,c0018,copypaste,right,mid,on_structure,medial,large,1067502198,3920,3612,154,0,3612,0.14175,45,0.5605,0.1523,0.8223,0.7734,0.6474,0.4629,0.5752,0.3906,0.7197,0.5352,74,74.0,,54.45,,,0.8001,0.118,,0.0,,,fraction_of_image,copy-paste,0.3,7.5,200,c0018_right_mid_on_structure_large,n0504,0,143,0.517,0.0419,0.0006,0.0926
c0018_right_lower_clear_small__cp,c0018,copypaste,right,lower,clear,lateral,small,2027758616,3920,3612,154,0,3612,0.14175,45,0.5605,0.1523,0.8223,0.7734,0.7327,0.6368,0.6868,0.5909,0.7786,0.6827,47,47.0,,42.1,,,0.7692,0.9096,,0.0,,,fraction_of_image,copy-paste,0.3,7.5,200,c0018_right_lower_clear_small,n0530,1,79,0.595,-0.0973,-0.0188,0.0959
c0018_right_lower_moderate_small__cp,c0018,copypaste,right,lower,moderate,medial,small,1256611679,3920,3612,154,0,3612,0.14175,45,0.5605,0.1523,0.8223,0.7734,0.6914,0.6368,0.6455,0.5909,0.7373,0.6827,47,47.0,,47.22,,,1.4099,0.9096,,0.0,,,fraction_of_image,copy-paste,0.3,7.5,200,c0018_right_lower_moderate_small,n0020,0,172,0.273,0.2059,0.0421,0.1544
c0018_right_lower_on_structure_small__cp,c0018,copypaste,right,lower,on_structure,medial,small,1146206767,3920,3612,154,0,3612,0.14175,45,0.5605,0.1523,0.8223,0.7734,0.6666,0.6368,0.6207,0.5909,0.7125,0.6827,47,47.0,,44.54,,,1.6353,0.9096,,0.0,,,fraction_of_image,copy-paste,0.3,7.5,200,c0018_right_lower_on_structure_small,n0477,0,53,0.887,0.4479,0.0982,0.0442
c0018_right_lower_clear_medium__cp,c0018,copypaste,right,lower,clear,lateral,medium,1475133280,3920,3612,154,0,3612,0.14175,45,0.5605,0.1523,0.8223,0.7734,0.7399,0.6368,0.6813,0.5782,0.7985,0.6954,60,60.0,,38.62,,,0.7691,0.8922,,0.0,,,fraction_of_image,copy-paste,0.3,7.5,200,c0018_right_lower_clear_medium,n0730,0,62,0.968,-0.0335,0.0683,0.0974
c0018_right_lower_moderate_medium__cp,c0018,copypaste,right,lower,moderate,medial,medium,272542356,3920,3612,154,0,3612,0.14175,45,0.5605,0.1523,0.8223,0.7734,0.6914,0.6368,0.6328,0.5782,0.75,0.6954,60,60.0,,40.79,,,1.3464,0.8922,,0.0,,,fraction_of_image,copy-paste,0.3,7.5,200,c0018_right_lower_moderate_medium,n0478,0,81,0.741,0.2173,0.0485,0.1697
c0018_right_lower_on_structure_medium__cp,c0018,copypaste,right,lower,on_structure,medial,medium,425986647,3920,3612,154,0,3612,0.14175,45,0.5605,0.1523,0.8223,0.7734,0.6429,0.6368,0.5843,0.5782,0.7015,0.6954,60,60.0,,44.68,,,1.6339,0.8922,,0.0,,,fraction_of_image,copy-paste,0.3,7.5,200,c0018_right_lower_on_structure_medium,n0332,0,74,0.811,0.4118,0.1154,0.0407
c0018_right_lower_clear_large__cp,c0018,copypaste,right,lower,clear,lateral,large,905407631,3920,3612,154,0,3612,0.14175,45,0.5605,0.1523,0.8223,0.7734,0.7354,0.6368,0.6631,0.5645,0.8077,0.7091,74,74.0,,38.85,,,0.8536,0.8392,,0.0,,,fraction_of_image,copy-paste,0.3,7.5,200,c0018_right_lower_clear_large,n0644,0,94,0.787,0.1075,0.0448,0.1377
c0018_right_lower_moderate_large__cp,c0018,copypaste,right,lower,moderate,medial,large,943889982,3920,3612,154,0,3612,0.14175,45,0.5605,0.1523,0.8223,0.7734,0.6914,0.6368,0.6191,0.5645,0.7637,0.7091,74,74.0,,34.93,,,1.2932,0.8392,,0.0,,,fraction_of_image,copy-paste,0.3,7.5,200,c0018_right_lower_moderate_large,n1113,0,104,0.712,0.1642,0.0697,0.1813
c0018_right_lower_on_structure_large__cp,c0018,copypaste,right,lower,on_structure,medial,large,1523693458,3920,3612,154,0,3612,0.14175,45,0.5605,0.1523,0.8223,0.7734,0.6529,0.6368,0.5807,0.5645,0.7252,0.7091,74,74.0,,48.42,,,1.6282,0.8392,,0.0,,,fraction_of_image,copy-paste,0.3,7.5,200,c0018_right_lower_on_structure_large,n0144,0,81,0.914,0.1519,0.0434,0.0519
c0021_left_upper_clear_small__cp,c0021,copypaste,left,upper,clear,medial,small,136002014,1024,1024,0,0,1024,0.5,35,0.1113,0.0996,0.4434,0.6582,0.3363,0.2225,0.2904,0.1766,0.3822,0.2684,47,47.0,,28.18,,,0.3163,1.2415,,0.0,,,fraction_of_image,copy-paste,0.3,7.5,200,c0021_left_upper_clear_small,n0307,0,73,0.644,-0.5393,0.0233,0.0692
c0021_left_upper_moderate_small__cp,c0021,copypaste,left,upper,moderate,lateral,small,1378920138,1024,1024,0,0,1024,0.5,35,0.1113,0.0996,0.4434,0.6582,0.2773,0.2225,0.2314,0.1766,0.3232,0.2684,47,47.0,,54.77,,,0.6903,1.2415,,0.8232,,,fraction_of_image,copy-paste,0.3,7.5,200,c0021_left_upper_moderate_small,n1062,0,48,0.979,-0.2131,0.1036,0.0754
c0021_left_upper_on_structure_small__cp,c0021,copypaste,left,upper,on_structure,lateral,small,1884196024,1024,1024,0,0,1024,0.5,35,0.1113,0.0996,0.4434,0.6582,0.1949,0.2225,0.149,0.1766,0.2408,0.2684,47,47.0,,40.33,,,1.4882,1.2415,,0.0,,,fraction_of_image,copy-paste,0.3,7.5,200,c0021_left_upper_on_structure_small,n0318,0,92,0.511,0.4047,0.0626,0.1169
c0021_left_upper_clear_medium__cp,c0021,copypaste,left,upper,clear,medial,medium,542817065,1024,1024,0,0,1024,0.5,35,0.1113,0.0996,0.4434,0.6582,0.34,0.2225,0.2814,0.1639,0.3986,0.2811,60,60.0,,37.16,,,0.3151,1.1883,,0.0,,,fraction_of_image,copy-paste,0.3,7.5,200,c0021_left_upper_clear_medium,n0778,0,73,0.822,-0.5388,0.0335,0.0717
c0021_left_upper_moderate_medium__cp,c0021,copypaste,left,upper,moderate,lateral,medium,328824125,1024,1024,0,0,1024,0.5,35,0.1113,0.0996,0.4434,0.6582,0.2773,0.2225,0.2188,0.1639,0.3359,0.2811,60,60.0,,57.53,,,0.6625,1.1883,,0.8232,,,fraction_of_image,copy-paste,0.3,7.5,200,c0021_left_upper_moderate_medium,n0398,0,97,0.619,0.0786,0.0747,0.0826
c0021_left_upper_on_structure_medium__cp,c0021,copypaste,left,upper,on_structure,lateral,medium,2004643370,1024,1024,0,0,1024,0.5,35,0.1113,0.0996,0.4434,0.6582,0.1938,0.2225,0.1352,0.1639,0.2523,0.2811,60,60.0,,46.37,,,1.4311,1.1883,,0.0,,,fraction_of_image,copy-paste,0.3,7.5,200,c0021_left_upper_on_structure_medium,n0930,1,79,0.759,0.1308,-0.0055,0.1337
c0021_left_upper_clear_large__cp,c0021,copypaste,left,upper,clear,medial,large,840190294,1024,1024,0,0,1024,0.5,35,0.1113,0.0996,0.4434,0.6582,0.3675,0.2225,0.2952,0.1502,0.4397,0.2948,74,74.0,,57.2,,,0.3276,1.0783,,0.0,,,fraction_of_image,copy-paste,0.3,7.5,200,c0021_left_upper_clear_large,n0643,0,91,0.813,-0.1515,0.032,0.0804
c0021_left_upper_moderate_large__cp,c0021,copypaste,left,upper,moderate,lateral,large,388195785,1024,1024,0,0,1024,0.5,35,0.1113,0.0996,0.4434,0.6582,0.2773,0.2225,0.2051,0.1502,0.3496,0.2948,74,74.0,,59.95,,,0.6533,1.0783,,0.8232,,,fraction_of_image,copy-paste,0.3,7.5,200,c0021_left_upper_moderate_large,n1031,0,77,0.961,0.0098,0.1236,0.1107
c0021_left_upper_on_structure_large__cp,c0021,copypaste,left,upper,on_structure,lateral,large,1564612992,1024,1024,0,0,1024,0.5,35,0.1113,0.0996,0.4434,0.6582,0.2052,0.2225,0.133,0.1502,0.2775,0.2948,74,74.0,,55.8,,,1.2889,1.0783,,0.8232,,,fraction_of_image,copy-paste,0.3,7.5,200,c0021_left_upper_on_structure_large,n0705,0,122,0.607,0.2906,0.0814,0.1657
c0021_left_mid_clear_small__cp,c0021,copypaste,left,mid,clear,medial,small,1594466117,1024,1024,0,0,1024,0.5,35,0.1113,0.0996,0.4434,0.6582,0.2891,0.3789,0.2432,0.333,0.335,0.4248,47,47.0,,23.75,,,0.3881,1.279,,0.0,,,fraction_of_image,copy-paste,0.3,7.5,200,c0021_left_mid_clear_small,n0650,0,54,0.87,-0.3209,0.0644,0.053
c0021_left_mid_moderate_small__cp,c0021,copypaste,left,mid,moderate,medial,small,889402195,1024,1024,0,0,1024,0.5,35,0.1113,0.0996,0.4434,0.6582,0.3598,0.3789,0.3139,0.333,0.4057,0.4248,47,47.0,,37.36,,,0.5934,1.279,,0.0,,,fraction_of_image,copy-paste,0.3,7.5,200,c0021_left_mid_moderate_small,n0542,0,105,0.448,0.0398,0.0179,0.1185
c0021_left_mid_on_structure_small__cp,c0021,copypaste,left,mid,on_structure,lateral,small,1681069850,1024,1024,0,0,1024,0.5,35,0.1113,0.0996,0.4434,0.6582,0.1831,0.3789,0.1372,0.333,0.229,0.4248,47,47.0,,58.45,,,1.1927,1.279,,0.0,,,fraction_of_image,copy-paste,0.3,7.5,200,c0021_left_mid_on_structure_small,n0043,0,79,0.595,0.0968,0.0394,0.1812
c0021_left_mid_clear_medium__cp,c0021,copypaste,left,mid,clear,medial,medium,906806257,1024,1024,0,0,1024,0.5,35,0.1113,0.0996,0.4434,0.6582,0.3087,0.3789,0.2501,0.3203,0.3673,0.4375,60,60.0,,21.8,,,0.4101,0.9964,,0.0,,,fraction_of_image,copy-paste,0.3,7.5,200,c0021_left_mid_clear_medium,n0137,0,133,0.451,-0.0982,0.0899,0.0721
c0021_left_mid_moderate_medium__cp,c0021,copypaste,left,mid,moderate,medial,medium,869636019,1024,1024,0,0,1024,0.5,35,0.1113,0.0996,0.4434,0.6582,0.3505,0.3789,0.2919,0.3203,0.4091,0.4375,60,60.0,,40.34,,,0.5602,0.9964,,0.0,,,fraction_of_image,copy-paste,0.3,7.5,200,c0021_left_mid_moderate_medium,n0810,0,79,0.759,-0.1031,0.0935,0.1192
c0021_left_mid_on_structure_medium__cp,c0021,copypaste,left,mid,on_structure,lateral,medium,733555743,1024,1024,0,0,1024,0.5,35,0.1113,0.0996,0.4434,0.6582,0.1938,0.3789,0.1352,0.3203,0.2523,0.4375,60,60.0,,56.96,,,1.0002,0.9964,,0.0,,,fraction_of_image,copy-paste,0.3,7.5,200,c0021_left_mid_on_structure_medium,n0717,0,79,0.759,-0.0069,0.0613,0.1965
c0021_left_mid_clear_large__cp,c0021,copypaste,left,mid,clear,medial,large,2085790438,1024,1024,0,0,1024,0.5,35,0.1113,0.0996,0.4434,0.6582,0.2954,0.3789,0.2231,0.3066,0.3676,0.4512,74,74.0,,29.18,,,0.423,0.724,,0.0,,,fraction_of_image,copy-paste,0.3,7.5,200,c0021_left_mid_clear_large,n0622,0,340,0.218,-0.1555,0.0684,0.0724
c0021_left_mid_moderate_large__cp,c0021,copypaste,left,mid,moderate,medial,large,380605012,1024,1024,0,0,1024,0.5,35,0.1113,0.0996,0.4434,0.6582,0.3404,0.3789,0.2682,0.3066,0.4127,0.4512,74,74.0,,45.82,,,0.5318,0.724,,0.0,,,fraction_of_image,copy-paste,0.3,7.5,200,c0021_left_mid_moderate_large,n0136,0,85,0.871,-0.1134,0.0142,0.1153
c0021_left_mid_on_structure_large__cp,c0021,copypaste,left,mid,on_structure,lateral,large,30557726,1024,1024,0,0,1024,0.5,35,0.1113,0.0996,0.4434,0.6582,0.2052,0.3789,0.133,0.3066,0.2775,0.4512,74,74.0,,58.88,,,0.8526,0.724,,0.0,,,fraction_of_image,copy-paste,0.3,7.5,200,c0021_left_mid_on_structure_large,n0933,0,125,0.592,0.0107,0.1463,0.1953
c0021_left_lower_clear_small__cp,c0021,copypaste,left,lower,clear,medial,small,2093625615,1024,1024,0,0,1024,0.5,35,0.1113,0.0996,0.4434,0.6582,0.3598,0.5353,0.3139,0.4894,0.4057,0.5812,47,47.0,,42.63,,,0.6129,0.487,,0.0,,,fraction_of_image,copy-paste,0.3,7.5,200,c0021_left_lower_clear_small,n0905,0,68,0.691,0.126,0.0827,0.0761
c0021_left_lower_moderate_small__cp,c0021,copypaste,left,lower,moderate,medial,small,159950208,1024,1024,0,0,1024,0.5,35,0.1113,0.0996,0.4434,0.6582,0.3127,0.5353,0.2668,0.4894,0.3586,0.5812,47,47.0,,48.22,,,0.6367,0.487,,0.0,,,fraction_of_image,copy-paste,0.3,7.5,200,c0021_left_lower_moderate_small,n0591,1,162,0.29,-0.0602,0.0531,0.094
c0021_left_lower_on_structure_small__cp,c0021,copypaste,left,lower,on_structure,medial,small,2059309916,1024,1024,0,0,1024,0.5,35,0.1113,0.0996,0.4434,0.6582,0.3952,0.5353,0.3493,0.4894,0.4411,0.5812,47,47.0,,49.77,,,0.8908,0.487,,0.0,,,fraction_of_image,copy-paste,0.3,7.5,200,c0021_left_lower_on_structure_small,n0272,1,62,0.758,0.086,0.1476,0.1001
c0021_left_lower_clear_medium__cp,c0021,copypaste,left,lower,clear,lateral,medium,340353277,1024,1024,0,0,1024,0.5,35,0.1113,0.0996,0.4434,0.6582,0.2564,0.5353,0.1979,0.4767,0.315,0.5939,60,60.0,,52.03,,,0.6654,0.2805,,0.0,,,fraction_of_image,copy-paste,0.3,7.5,200,c0021_left_lower_clear_medium,n0924,0,61,0.984,0.0303,0.1109,0.1112
c0021_left_lower_moderate_medium__cp,c0021,copypaste,left,lower,moderate,medial,medium,151862117,1024,1024,0,0,1024,0.5,35,0.1113,0.0996,0.4434,0.6582,0.3296,0.5353,0.271,0.4767,0.3882,0.5939,60,60.0,,48.49,,,0.6752,0.2805,,0.0,,,fraction_of_image,copy-paste,0.3,7.5,200,c0021_left_lower_moderate_medium,n0587,0,89,0.674,-0.0365,0.091,0.1038
c0021_left_lower_on_structure_medium__cp,c0021,copypaste,left,lower,on_structure,medial,medium,1062100660,1024,1024,0,0,1024,0.5,35,0.1113,0.0996,0.4434,0.6582,0.3818,0.5353,0.3232,0.4767,0.4404,0.5939,60,60.0,,54.4,,,0.7879,0.2805,,0.0,,,fraction_of_image,copy-paste,0.3,7.5,200,c0021_left_lower_on_structure_medium,n1132,1,67,0.896,-0.0759,0.0377,0.1076
c0021_left_lower_clear_large__cp,c0021,copypaste,left,lower,clear,lateral,large,1353955274,1024,1024,0,0,1024,0.5,35,0.1113,0.0996,0.4434,0.6582,0.2683,0.5353,0.1961,0.463,0.3406,0.6076,74,74.0,,51.37,,,0.7044,0.1261,,0.0,,,fraction_of_image,copy-paste,0.3,7.5,200,c0021_left_lower_clear_large,n0303,1,116,0.638,0.0414,0.2297,0.1346
c0021_left_lower_moderate_large__cp,c0021,copypaste,left,lower,moderate,medial,large,746742709,1024,1024,0,0,1024,0.5,35,0.1113,0.0996,0.4434,0.6582,0.3314,0.5353,0.2592,0.463,0.4037,0.6076,74,74.0,,52.03,,,0.7119,0.1261,,0.0,,,fraction_of_image,copy-paste,0.3,7.5,200,c0021_left_lower_moderate_large,n0394,0,75,0.987,0.1568,0.1343,0.1213
c0021_left_lower_on_structure_large__cp,c0021,copypaste,left,lower,on_structure,medial,large,2049407734,1024,1024,0,0,1024,0.5,35,0.1113,0.0996,0.4434,0.6582,0.3675,0.5353,0.2952,0.463,0.4397,0.6076,74,74.0,,56.67,,,0.7855,0.1261,,0.0,,,fraction_of_image,copy-paste,0.3,7.5,200,c0021_left_lower_on_structure_large,n0915,0,78,0.949,0.2032,0.0516,0.1128
c0021_right_upper_clear_small__cp,c0021,copypaste,right,upper,clear,medial,small,1425964624,1024,1024,0,0,1024,0.5,35,0.5352,0.0996,0.8594,0.627,0.6175,0.2156,0.5716,0.1697,0.6634,0.2615,47,47.0,,24.58,,,0.3321,1.0851,,0.0,,,fraction_of_image,copy-paste,0.3,7.5,200,c0021_right_upper_clear_small,n0182,0,130,0.362,-0.7201,0.014,0.0811
c0021_right_upper_moderate_small__cp,c0021,copypaste,right,upper,moderate,medial,small,236608602,1024,1024,0,0,1024,0.5,35,0.5352,0.0996,0.8594,0.627,0.6973,0.2156,0.6514,0.1697,0.7432,0.2615,47,47.0,,55.15,,,0.6946,1.0851,,0.0,,,fraction_of_image,copy-paste,0.3,7.5,200,c0021_right_upper_moderate_small,n0353,0,86,0.547,-0.0309,0.1938,0.0749
c0021_right_upper_on_structure_small__cp,c0021,copypaste,right,upper,on_structure,lateral,small,626312044,1024,1024,0,0,1024,0.5,35,0.5352,0.0996,0.8594,0.627,0.8112,0.2156,0.7653,0.1697,0.8571,0.2615,47,47.0,,42.37,,,1.3735,1.0851,,0.0,,,fraction_of_image,copy-paste,0.3,7.5,200,c0021_right_upper_on_structure_small,n0432,0,114,0.412,0.2494,0.0065,0.0806
c0021_right_upper_clear_medium__cp,c0021,copypaste,right,upper,clear,medial,medium,362542477,1024,1024,0,0,1024,0.5,35,0.5352,0.0996,0.8594,0.627,0.6168,0.2156,0.5582,0.157,0.6754,0.2742,60,60.0,,46.32,,,0.3284,1.0471,,0.0,,,fraction_of_image,copy-paste,0.3,7.5,200,c0021_right_upper_clear_medium,n0829,0,73,0.822,-0.408,0.043,0.0829
c0021_right_upper_moderate_medium__cp,c0021,copypaste,right,upper,moderate,medial,medium,1963296476,1024,1024,0,0,1024,0.5,35,0.5352,0.0996,0.8594,0.627,0.6973,0.2156,0.6387,0.157,0.7559,0.2742,60,60.0,,56.91,,,0.6812,1.0471,,0.0,,,fraction_of_image,copy-paste,0.3,7.5,200,c0021_right_upper_moderate_medium,n0862,0,91,0.659,0.123,0.0912,0.0949
c0021_right_upper_on_structure_medium__cp,c0021,copypaste,right,upper,on_structure,lateral,medium,2101394126,1024,1024,0,0,1024,0.5,35,0.5352,0.0996,0.8594,0.627,0.7777,0.2156,0.7191,0.157,0.8363,0.2742,60,60.0,,46.63,,,1.3131,1.0471,,0.0,,,fraction_of_image,copy-paste,0.3,7.5,200,c0021_right_upper_on_structure_medium,n0901,0,67,0.896,0.2547,0.1252,0.1183
c0021_right_upper_clear_large__cp,c0021,copypaste,right,upper,clear,medial,large,460802545,1024,1024,0,0,1024,0.5,35,0.5352,0.0996,0.8594,0.627,0.6369,0.2156,0.5646,0.1434,0.7092,0.2879,74,74.0,,56.18,,,0.3587,0.9419,,0.0,,,fraction_of_image,copy-paste,0.3,7.5,200,c0021_right_upper_clear_large,n0491,0,80,0.925,-0.1079,0.0272,0.088
c0021_right_upper_moderate_large__cp,c0021,copypaste,right,upper,moderate,medial,large,2051290425,1024,1024,0,0,1024,0.5,35,0.5352,0.0996,0.8594,0.627,0.6973,0.2156,0.625,0.1434,0.7695,0.2879,74,74.0,,59.12,,,0.6991,0.9419,,0.0,,,fraction_of_image,copy-paste,0.3,7.5,200,c0021_right_upper_moderate_large,n0670,0,100,0.74,0.0487,0.0767,0.1299
c0021_right_upper_on_structure_large__cp,c0021,copypaste,right,upper,on_structure,lateral,large,1181761871,1024,1024,0,0,1024,0.5,35,0.5352,0.0996,0.8594,0.627,0.7662,0.2156,0.694,0.1434,0.8385,0.2879,74,74.0,,57.76,,,1.2111,0.9419,,0.0,,,fraction_of_image,copy-paste,0.3,7.5,200,c0021_right_upper_on_structure_large,n0644,1,137,0.54,0.1329,0.059,0.1371
c0021_right_mid_clear_small__cp,c0021,copypaste,right,mid,clear,medial,small,1484229136,1024,1024,0,0,1024,0.5,35,0.5352,0.0996,0.8594,0.627,0.6745,0.3633,0.6286,0.3174,0.7204,0.4092,47,47.0,,25.25,,,0.3946,0.951,,0.0,,,fraction_of_image,copy-paste,0.3,7.5,200,c0021_right_mid_clear_small,n0879,0,93,0.505,-0.2367,0.0002,0.0655
c0021_right_mid_moderate_small__cp,c0021,copypaste,right,mid,moderate,lateral,small,1732888470,1024,1024,0,0,1024,0.5,35,0.5352,0.0996,0.8594,0.627,0.7428,0.3633,0.6969,0.3174,0.7887,0.4092,47,47.0,,38.64,,,0.6373,0.951,,0.0,,,fraction_of_image,copy-paste,0.3,7.5,200,c0021_right_mid_moderate_small,n0147,0,49,0.959,-0.2065,0.0667,0.0656
c0021_right_mid_on_structure_small__cp,c0021,copypaste,right,mid,on_structure,lateral,small,719691313,1024,1024,0,0,1024,0.5,35,0.5352,0.0996,0.8594,0.627,0.7884,0.3633,0.7425,0.3174,0.8343,0.4092,47,47.0,,61.22,,,0.8779,0.951,,0.0,,,fraction_of_image,copy-paste,0.3,7.5,200,c0021_right_mid_on_structure_small,n0348,2,52,0.904,-0.3052,0.0387,0.1102
c0021_right_mid_clear_medium__cp,c0021,copypaste,right,mid,clear,medial,medium,855265707,1024,1024,0,0,1024,0.5,35,0.5352,0.0996,0.8594,0.627,0.6771,0.3633,0.6186,0.3047,0.7357,0.4219,60,60.0,,26.96,,,0.4192,0.6986,,0.0,,,fraction_of_image,copy-paste,0.3,7.5,200,c0021_right_mid_clear_medium,n0829,0,73,0.822,-0.4122,0.043,0.0733
c0021_right_mid_moderate_medium__cp,c0021,copypaste,right,mid,moderate,lateral,medium,1737777805,1024,1024,0,0,1024,0.5,35,0.5352,0.0996,0.8594,0.627,0.7274,0.3633,0.6688,0.3047,0.786,0.4219,60,60.0,,44.75,,,0.5754,0.6986,,0.0,,,fraction_of_image,copy-paste,0.3,7.5,200,c0021_right_mid_moderate_medium,n0211,0,91,0.659,-0.1494,0.0486,0.0694
c0021_right_mid_on_structure_medium__cp,c0021,copypaste,right,mid,on_structure,lateral,medium,1722011427,1024,1024,0,0,1024,0.5,35,0.5352,0.0996,0.8594,0.627,0.7777,0.3633,0.7191,0.3047,0.8363,0.4219,60,60.0,,60.71,,,0.7909,0.6986,,0.0,,,fraction_of_image,copy-paste,0.3,7.5,200,c0021_right_mid_on_structure_medium,n0303,1,116,0.517,0.1006,0.2273,0.114
c0021_right_mid_clear_large__cp,c0021,copypaste,right,mid,clear,medial,large,1931605543,1024,1024,0,0,1024,0.5,35,0.5352,0.0996,0.8594,0.627,0.68,0.3633,0.6078,0.291,0.7523,0.4355,74,74.0,,33.61,,,0.4143,0.5129,,0.0,,,fraction_of_image,copy-paste,0.3,7.5,200,c0021_right_mid_clear_large,n1111,0,98,0.755,-0.1649,0.127,0.0776
c0021_right_mid_moderate_large__cp,c0021,copypaste,right,mid,moderate,lateral,large,428682609,1024,1024,0,0,1024,0.5,35,0.5352,0.0996,0.8594,0.627,0.7145,0.3633,0.6422,0.291,0.7868,0.4355,74,74.0,,48.21,,,0.527,0.5129,,0.0,,,fraction_of_image,copy-paste,0.3,7.5,200,c0021_right_mid_moderate_large,n0197,0,100,0.74,-0.2764,0.0139,0.073
c0021_right_mid_on_structure_large__cp,c0021,copypaste,right,mid,on_structure,lateral,large,557594030,1024,1024,0,0,1024,0.5,35,0.5352,0.0996,0.8594,0.627,0.7662,0.3633,0.694,0.291,0.8385,0.4355,74,74.0,,63.47,,,0.7264,0.5129,,0.0,,,fraction_of_image,copy-paste,0.3,7.5,200,c0021_right_mid_on_structure_large,n1133,0,82,0.902,0.1674,0.0732,0.1147
c0021_right_lower_clear_small__cp,c0021,copypaste,right,lower,clear,lateral,small,1282446078,1024,1024,0,0,1024,0.5,35,0.5352,0.0996,0.8594,0.627,0.7656,0.5109,0.7197,0.465,0.8115,0.5568,47,47.0,,38.28,,,0.5652,0.9604,,0.0,,,fraction_of_image,copy-paste,0.3,7.5,200,c0021_right_lower_clear_small,n0969,0,81,0.58,-0.0978,0.1403,0.0353
c0021_right_lower_moderate_small__cp,c0021,copypaste,right,lower,moderate,medial,small,426274626,1024,1024,0,0,1024,0.5,35,0.5352,0.0996,0.8594,0.627,0.6973,0.5109,0.6514,0.465,0.7432,0.5568,47,47.0,,46.42,,,0.9991,0.9604,,0.0,,,fraction_of_image,copy-paste,0.3,7.5,200,c0021_right_lower_moderate_small,n0169,1,76,0.618,-0.115,0.0677,0.1858
c0021_right_lower_on_structure_small__cp,c0021,copypaste,right,lower,on_structure,medial,small,363692831,1024,1024,0,0,1024,0.5,35,0.5352,0.0996,0.8594,0.627,0.6175,0.5109,0.5716,0.465,0.6634,0.5568,47,47.0,,25.7,,,1.4851,0.9604,,0.0,,,fraction_of_image,copy-paste,0.3,7.5,200,c0021_right_lower_on_structure_small,n0630,0,67,0.701,0.0681,0.0114,0.0368
c0021_right_lower_clear_medium__cp,c0021,copypaste,right,lower,clear,lateral,medium,497013565,1024,1024,0,0,1024,0.5,35,0.5352,0.0996,0.8594,0.627,0.7677,0.5109,0.7091,0.4523,0.8263,0.5695,60,60.0,,53.13,,,0.5799,0.9124,,0.0,,,fraction_of_image,copy-paste,0.3,7.5,200,c0021_right_lower_clear_medium,n0359,0,119,0.504,-0.5188,0.0225,0.0476
c0021_right_lower_moderate_medium__cp,c0021,copypaste,right,lower,moderate,medial,medium,1509125734,1024,1024,0,0,1024,0.5,35,0.5352,0.0996,0.8594,0.627,0.6973,0.5109,0.6387,0.4523,0.7559,0.5695,60,60.0,,49.7,,,0.9938,0.9124,,0.0,,,fraction_of_image,copy-paste,0.3,7.5,200,c0021_right_lower_moderate_medium,n0549,0,116,0.517,0.0415,0.2243,0.1885
c0021_right_lower_on_structure_medium__cp,c0021,copypaste,right,lower,on_structure,medial,medium,187772723,1024,1024,0,0,1024,0.5,35,0.5352,0.0996,0.8594,0.627,0.6168,0.5109,0.5582,0.4523,0.6754,0.5695,60,60.0,,46.72,,,1.4526,0.9124,,0.0,,,fraction_of_image,copy-paste,0.3,7.5,200,c0021_right_lower_on_structure_medium,n0679,0,96,0.625,0.2984,0.0758,0.0448
c0021_right_lower_clear_large__cp,c0021,copypaste,right,lower,clear,lateral,large,596906085,1024,1024,0,0,1024,0.5,35,0.5352,0.0996,0.8594,0.627,0.7662,0.5109,0.694,0.4387,0.8385,0.5832,74,74.0,,57.81,,,0.589,0.8591,,0.0,,,fraction_of_image,copy-paste,0.3,7.5,200,c0021_right_lower_clear_large,n1034,0,176,0.42,-0.0966,0.07,0.0728
c0021_right_lower_moderate_large__cp,c0021,copypaste,right,lower,moderate,medial,large,913496179,1024,1024,0,0,1024,0.5,35,0.5352,0.0996,0.8594,0.627,0.6973,0.5109,0.625,0.4387,0.7695,0.5832,74,74.0,,49.76,,,0.979,0.8591,,0.0,,,fraction_of_image,copy-paste,0.3,7.5,200,c0021_right_lower_moderate_large,n1060,0,212,0.349,-0.1315,0.1018,0.1879
c0021_right_lower_on_structure_large__cp,c0021,copypaste,right,lower,on_structure,medial,large,1226660296,1024,1024,0,0,1024,0.5,35,0.5352,0.0996,0.8594,0.627,0.6197,0.5109,0.5474,0.4387,0.6919,0.5832,74,74.0,,60.68,,,1.4234,0.8591,,0.0,,,fraction_of_image,copy-paste,0.3,7.5,200,c0021_right_lower_on_structure_large,n0094,0,90,0.822,-0.015,0.0359,0.0519
