image_id,chest,arm,side,zone,overlap,position,size,seed,orig_w,orig_h,crop_x0,crop_y0,crop_side,scale,lung_pct,lung_x0,lung_y0,lung_x1,lung_y1,cx,cy,mask_x0,mask_y0,mask_x1,mask_y1,mask_px_requested,mask_px_achieved,edit_inside,local_std,edit_norm,cnr,structure_density,density_spread,det_edited,det_background,gain,n_boxes,coord_space,prompt,skip_ratio,guidance,steps
c0001_left_upper_clear_small,c0001,lesion,left,upper,clear,lateral,small,1482319280,1024,1024,0,0,1024,0.5,40,0.1992,0.1387,0.4648,0.6621,0.332,0.2538,0.2861,0.2079,0.3779,0.2997,47,47.0,10.94,25.96,0.4215,0.1386,0.5489,0.4014,0.0,0.0,0.0,0,fraction_of_image,Right upper lobe pulmonary nodule,0.3,7.5,200
c0001_left_upper_moderate_small,c0001,lesion,left,upper,moderate,lateral,small,2127157884,1024,1024,0,0,1024,0.5,40,0.1992,0.1387,0.4648,0.6621,0.2982,0.2538,0.2523,0.2079,0.3441,0.2997,47,47.0,14.5,37.98,0.3816,0.3257,0.6861,0.4014,0.0,0.0,0.0,1,fraction_of_image,Right upper lobe pulmonary nodule,0.3,7.5,200
c0001_left_upper_on_structure_small,c0001,lesion,left,upper,on_structure,medial,small,446347639,1024,1024,0,0,1024,0.5,40,0.1992,0.1387,0.4648,0.6621,0.4167,0.2538,0.3708,0.2079,0.4625,0.2997,47,47.0,8.7,57.43,0.1515,0.0432,0.8371,0.4014,0.0,0.0,0.0,0,fraction_of_image,Right upper lobe pulmonary nodule,0.3,7.5,200
c0001_left_upper_clear_medium,c0001,lesion,left,upper,clear,medial,medium,436009334,1024,1024,0,0,1024,0.5,40,0.1992,0.1387,0.4648,0.6621,0.3534,0.2538,0.2948,0.1952,0.412,0.3124,60,60.0,13.44,28.48,0.4719,0.2548,0.6054,0.277,0.0,0.0,0.0,1,fraction_of_image,Right upper lobe pulmonary nodule,0.3,7.5,200
c0001_left_upper_moderate_medium,c0001,lesion,left,upper,moderate,medial,medium,488669596,1024,1024,0,0,1024,0.5,40,0.1992,0.1387,0.4648,0.6621,0.3819,0.2538,0.3233,0.1952,0.4405,0.3124,60,60.0,9.25,42.19,0.2193,0.1028,0.6612,0.277,0.0,0.0,0.0,0,fraction_of_image,Right upper lobe pulmonary nodule,0.3,7.5,200
c0001_left_upper_on_structure_medium,c0001,lesion,left,upper,on_structure,lateral,medium,133405226,1024,1024,0,0,1024,0.5,40,0.1992,0.1387,0.4648,0.6621,0.275,0.2538,0.2164,0.1952,0.3336,0.3124,60,60.0,11.37,53.32,0.2132,-0.0059,0.7956,0.277,0.4609,0.0,0.4609,1,fraction_of_image,Right upper lobe pulmonary nodule,0.3,7.5,200
c0001_left_upper_clear_large,c0001,lesion,left,upper,clear,medial,large,1389952965,1024,1024,0,0,1024,0.5,40,0.1992,0.1387,0.4648,0.6621,0.3662,0.2538,0.2939,0.1816,0.4385,0.3261,74,74.0,14.9,46.5,0.3203,0.209,0.6378,0.1915,0.0,0.0,0.0,0,fraction_of_image,Right upper lobe pulmonary nodule,0.3,7.5,200
c0001_left_upper_clear_large__null,c0001,null_edit,left,upper,clear,medial,large,1389952965,1024,1024,0,0,1024,0.5,40,0.1992,0.1387,0.4648,0.6621,0.3662,0.2538,0.2939,0.1816,0.4385,0.3261,74,74.0,8.98,46.5,0.1931,0.1222,0.6378,0.1915,0.0,0.0,0.0,0,fraction_of_image,"Normal right lung parenchyma, no focal abnormality",0.3,7.5,200
c0001_left_upper_moderate_large,c0001,lesion,left,upper,moderate,medial,large,1805675991,1024,1024,0,0,1024,0.5,40,0.1992,0.1387,0.4648,0.6621,0.3776,0.2538,0.3053,0.1816,0.4498,0.3261,74,74.0,13.77,49.25,0.2796,0.1722,0.6632,0.1915,0.0,0.0,0.0,1,fraction_of_image,Right upper lobe pulmonary nodule,0.3,7.5,200
c0001_left_upper_on_structure_large,c0001,lesion,left,upper,on_structure,lateral,large,382120619,1024,1024,0,0,1024,0.5,40,0.1992,0.1387,0.4648,0.6621,0.2865,0.2538,0.2142,0.1816,0.3588,0.3261,74,74.0,17.65,53.51,0.3299,0.1805,0.7664,0.1915,0.4149,0.0,0.4149,1,fraction_of_image,Right upper lobe pulmonary nodule,0.3,7.5,200
c0001_left_mid_clear_small,c0001,lesion,left,mid,clear,medial,small,1841332454,1024,1024,0,0,1024,0.5,40,0.1992,0.1387,0.4648,0.6621,0.349,0.4004,0.3031,0.3545,0.3949,0.4463,47,47.0,33.0,32.73,1.0083,1.3408,0.6077,0.5254,0.7026,0.0,0.7026,3,fraction_of_image,Right upper lobe pulmonary nodule,0.3,7.5,200
c0001_left_mid_moderate_small,c0001,lesion,left,mid,moderate,lateral,small,723575437,1024,1024,0,0,1024,0.5,40,0.1992,0.1387,0.4648,0.6621,0.2813,0.4004,0.2354,0.3545,0.3272,0.4463,47,47.0,21.79,32.22,0.6763,0.6815,0.6984,0.5254,0.9612,0.0,0.9612,2,fraction_of_image,Right upper lobe pulmonary nodule,0.3,7.5,200
c0001_left_mid_on_structure_small,c0001,lesion,left,mid,on_structure,medial,small,521258802,1024,1024,0,0,1024,0.5,40,0.1992,0.1387,0.4648,0.6621,0.3997,0.4004,0.3538,0.3545,0.4456,0.4463,47,47.0,12.13,57.22,0.212,0.1726,0.9789,0.5254,0.0,0.0,0.0,0,fraction_of_image,Right upper lobe pulmonary nodule,0.3,7.5,200
c0001_left_mid_clear_medium,c0001,lesion,left,mid,clear,lateral,medium,1982617535,1024,1024,0,0,1024,0.5,40,0.1992,0.1387,0.4648,0.6621,0.3249,0.4004,0.2663,0.3418,0.3835,0.459,60,60.0,39.65,28.85,1.3744,1.8375,0.6253,0.3868,0.9433,0.0,0.9433,7,fraction_of_image,Right upper lobe pulmonary nodule,0.3,7.5,200
c0001_left_mid_moderate_medium,c0001,lesion,left,mid,moderate,medial,medium,1289169899,1024,1024,0,0,1024,0.5,40,0.1992,0.1387,0.4648,0.6621,0.3605,0.4004,0.302,0.3418,0.4191,0.459,60,60.0,25.24,41.58,0.607,0.865,0.6874,0.3868,0.1645,0.0,0.1645,1,fraction_of_image,Right upper lobe pulmonary nodule,0.3,7.5,200
c0001_left_mid_on_structure_medium,c0001,lesion,left,mid,on_structure,medial,medium,715403276,1024,1024,0,0,1024,0.5,40,0.1992,0.1387,0.4648,0.6621,0.3891,0.4004,0.3305,0.3418,0.4477,0.459,60,60.0,19.33,59.28,0.3261,0.3891,0.9019,0.3868,0.0,0.0,0.0,1,fraction_of_image,Right upper lobe pulmonary nodule,0.3,7.5,200
c0001_left_mid_clear_large,c0001,lesion,left,mid,clear,lateral,large,583386604,1024,1024,0,0,1024,0.5,40,0.1992,0.1387,0.4648,0.6621,0.315,0.4004,0.2427,0.3281,0.3872,0.4727,74,74.0,34.05,40.89,0.8326,1.1288,0.6339,0.2565,0.9572,0.0,0.9572,2,fraction_of_image,Right upper lobe pulmonary nodule,0.3,7.5,200
c0001_left_mid_clear_large__null,c0001,null_edit,left,mid,clear,lateral,large,583386604,1024,1024,0,0,1024,0.5,40,0.1992,0.1387,0.4648,0.6621,0.315,0.4004,0.2427,0.3281,0.3872,0.4727,74,74.0,8.05,40.89,0.1968,0.0649,0.6339,0.2565,0.0,0.0,0.0,1,fraction_of_image,"Normal right lung parenchyma, no focal abnormality",0.3,7.5,200
c0001_left_mid_moderate_large,c0001,lesion,left,mid,moderate,lateral,large,735899975,1024,1024,0,0,1024,0.5,40,0.1992,0.1387,0.4648,0.6621,0.2922,0.4004,0.2199,0.3281,0.3644,0.4727,74,74.0,42.52,50.04,0.8496,1.1235,0.6742,0.2565,0.9573,0.0,0.9573,4,fraction_of_image,Right upper lobe pulmonary nodule,0.3,7.5,200
c0001_left_mid_on_structure_large,c0001,lesion,left,mid,on_structure,medial,large,1248148765,1024,1024,0,0,1024,0.5,40,0.1992,0.1387,0.4648,0.6621,0.3776,0.4004,0.3053,0.3281,0.4498,0.4727,74,74.0,19.54,58.88,0.3318,0.4124,0.8099,0.2565,0.0,0.0,0.0,0,fraction_of_image,Right upper lobe pulmonary nodule,0.3,7.5,200
c0001_left_lower_clear_small,c0001,lesion,left,lower,clear,lateral,small,1200166596,1024,1024,0,0,1024,0.5,40,0.1992,0.1387,0.4648,0.6621,0.2559,0.547,0.21,0.5011,0.3018,0.5929,47,47.0,11.97,43.53,0.275,-0.114,1.0185,0.4628,0.4886,0.0,0.4886,1,fraction_of_image,Right upper lobe pulmonary nodule,0.3,7.5,200
c0001_left_lower_moderate_small,c0001,lesion,left,lower,moderate,medial,small,659528365,1024,1024,0,0,1024,0.5,40,0.1992,0.1387,0.4648,0.6621,0.3743,0.547,0.3284,0.5011,0.4202,0.5929,47,47.0,9.69,39.4,0.246,0.0458,1.0642,0.4628,0.0,0.0,0.0,2,fraction_of_image,Right upper lobe pulmonary nodule,0.3,7.5,200
c0001_left_lower_on_structure_small,c0001,lesion,left,lower,on_structure,medial,small,1418272218,1024,1024,0,0,1024,0.5,40,0.1992,0.1387,0.4648,0.6621,0.3997,0.547,0.3538,0.5011,0.4456,0.5929,47,47.0,8.26,47.1,0.1754,-0.1083,1.2658,0.4628,0.0,0.0,0.0,1,fraction_of_image,Right upper lobe pulmonary nodule,0.3,7.5,200
c0001_left_lower_clear_medium,c0001,lesion,left,lower,clear,medial,medium,377504126,1024,1024,0,0,1024,0.5,40,0.1992,0.1387,0.4648,0.6621,0.3605,0.547,0.302,0.4884,0.4191,0.6055,60,60.0,15.94,41.03,0.3886,0.4621,1.0187,0.2764,0.9501,0.0,0.9501,1,fraction_of_image,Right upper lobe pulmonary nodule,0.3,7.5,200
c0001_left_lower_moderate_medium,c0001,lesion,left,lower,moderate,lateral,medium,234888998,1024,1024,0,0,1024,0.5,40,0.1992,0.1387,0.4648,0.6621,0.2893,0.547,0.2307,0.4884,0.3479,0.6055,60,60.0,18.58,41.91,0.4434,0.5533,1.0471,0.2764,0.104,0.0,0.104,1,fraction_of_image,Right upper lobe pulmonary nodule,0.3,7.5,200
c0001_left_lower_on_structure_medium,c0001,lesion,left,lower,on_structure,medial,medium,28695838,1024,1024,0,0,1024,0.5,40,0.1992,0.1387,0.4648,0.6621,0.3891,0.547,0.3305,0.4884,0.4477,0.6055,60,60.0,9.34,46.22,0.202,-0.0493,1.1709,0.2764,0.0,0.0,0.0,0,fraction_of_image,Right upper lobe pulmonary nodule,0.3,7.5,200
c0001_left_lower_clear_large,c0001,lesion,left,lower,clear,medial,large,57433921,1024,1024,0,0,1024,0.5,40,0.1992,0.1387,0.4648,0.6621,0.3434,0.547,0.2712,0.4747,0.4157,0.6192,74,74.0,19.5,44.2,0.4411,0.5624,1.0147,0.1589,0.9674,0.0,0.9674,1,fraction_of_image,Right upper lobe pulmonary nodule,0.3,7.5,200
c0001_left_lower_clear_large__null,c0001,null_edit,left,lower,clear,medial,large,57433921,1024,1024,0,0,1024,0.5,40,0.1992,0.1387,0.4648,0.6621,0.3434,0.547,0.2712,0.4747,0.4157,0.6192,74,74.0,12.07,44.2,0.2731,-0.2565,1.0147,0.1589,0.0,0.0,0.0,0,fraction_of_image,"Normal right lung parenchyma, no focal abnormality",0.3,7.5,200
c0001_left_lower_moderate_large,c0001,lesion,left,lower,moderate,lateral,large,540146499,1024,1024,0,0,1024,0.5,40,0.1992,0.1387,0.4648,0.6621,0.2979,0.547,0.2256,0.4747,0.3701,0.6192,74,74.0,19.91,48.64,0.4094,0.4679,1.0294,0.1589,0.9371,0.0,0.9371,2,fraction_of_image,Right upper lobe pulmonary nodule,0.3,7.5,200
c0001_left_lower_on_structure_large,c0001,lesion,left,lower,on_structure,medial,large,1866000614,1024,1024,0,0,1024,0.5,40,0.1992,0.1387,0.4648,0.6621,0.3776,0.547,0.3053,0.4747,0.4498,0.6192,74,74.0,13.5,47.82,0.2824,0.0632,1.1028,0.1589,0.0,0.0,0.0,0,fraction_of_image,Right upper lobe pulmonary nodule,0.3,7.5,200
c0001_right_upper_clear_small,c0001,lesion,right,upper,clear,medial,small,1296750956,1024,1024,0,0,1024,0.5,40,0.5566,0.1289,0.8711,0.6621,0.703,0.2462,0.6571,0.2003,0.7489,0.2921,47,47.0,16.21,38.24,0.4239,0.5166,0.4443,0.7565,0.0,0.0,0.0,0,fraction_of_image,Left upper lobe pulmonary nodule,0.3,7.5,200
c0001_right_upper_moderate_small,c0001,lesion,right,upper,moderate,medial,small,1887995272,1024,1024,0,0,1024,0.5,40,0.5566,0.1289,0.8711,0.6621,0.6157,0.2462,0.5698,0.2003,0.6616,0.2921,47,47.0,16.02,50.97,0.3142,0.1484,0.4938,0.7565,0.0,0.0,0.0,0,fraction_of_image,Left upper lobe pulmonary nodule,0.3,7.5,200
c0001_right_upper_on_structure_small,c0001,lesion,right,upper,on_structure,lateral,small,808407317,1024,1024,0,0,1024,0.5,40,0.5566,0.1289,0.8711,0.6621,0.8011,0.2462,0.7552,0.2003,0.847,0.2921,47,47.0,6.48,50.22,0.1291,0.0003,0.9906,0.7565,0.0,0.0,0.0,1,fraction_of_image,Left upper lobe pulmonary nodule,0.3,7.5,200
c0001_right_upper_clear_medium,c0001,lesion,right,upper,clear,medial,medium,1246924442,1024,1024,0,0,1024,0.5,40,0.5566,0.1289,0.8711,0.6621,0.6852,0.2462,0.6266,0.1876,0.7438,0.3048,60,60.0,34.61,38.54,0.898,1.1096,0.4591,0.5852,0.8569,0.0,0.8569,1,fraction_of_image,Left upper lobe pulmonary nodule,0.3,7.5,200
c0001_right_upper_moderate_medium,c0001,lesion,right,upper,moderate,medial,medium,362225219,1024,1024,0,0,1024,0.5,40,0.5566,0.1289,0.8711,0.6621,0.6277,0.2462,0.5691,0.1876,0.6863,0.3048,60,60.0,24.62,53.08,0.4639,0.4606,0.5032,0.5852,0.4424,0.0,0.4424,2,fraction_of_image,Left upper lobe pulmonary nodule,0.3,7.5,200
c0001_right_upper_on_structure_medium,c0001,lesion,right,upper,on_structure,lateral,medium,1544298758,1024,1024,0,0,1024,0.5,40,0.5566,0.1289,0.8711,0.6621,0.7904,0.2462,0.7318,0.1876,0.849,0.3048,60,60.0,5.85,52.33,0.1119,0.0451,0.8895,0.5852,0.0,0.0,0.0,1,fraction_of_image,Left upper lobe pulmonary nodule,0.3,7.5,200
c0001_right_upper_clear_large,c0001,lesion,right,upper,clear,medial,large,450408997,1024,1024,0,0,1024,0.5,40,0.5566,0.1289,0.8711,0.6621,0.6895,0.2462,0.6172,0.1739,0.7617,0.3185,74,74.0,41.66,48.82,0.8533,1.1569,0.4743,0.4582,0.8886,0.0,0.8886,1,fraction_of_image,Left upper lobe pulmonary nodule,0.3,7.5,200
c0001_right_upper_clear_large__null,c0001,null_edit,right,upper,clear,medial,large,450408997,1024,1024,0,0,1024,0.5,40,0.5566,0.1289,0.8711,0.6621,0.6895,0.2462,0.6172,0.1739,0.7617,0.3185,74,74.0,7.58,48.82,0.1553,0.0911,0.4743,0.4582,0.0,0.0,0.0,0,fraction_of_image,"Normal left lung parenchyma, no focal abnormality",0.3,7.5,200
c0001_right_upper_moderate_large,c0001,lesion,right,upper,moderate,medial,large,1162428310,1024,1024,0,0,1024,0.5,40,0.5566,0.1289,0.8711,0.6621,0.6407,0.2462,0.5684,0.1739,0.7129,0.3185,74,74.0,28.58,55.54,0.5145,0.5555,0.4982,0.4582,0.711,0.0,0.711,1,fraction_of_image,Left upper lobe pulmonary nodule,0.3,7.5,200
c0001_right_upper_on_structure_large,c0001,lesion,right,upper,on_structure,lateral,large,1096198121,1024,1024,0,0,1024,0.5,40,0.5566,0.1289,0.8711,0.6621,0.7789,0.2462,0.7067,0.1739,0.8512,0.3185,74,74.0,7.55,54.57,0.1383,0.0364,0.8035,0.4582,0.0,0.0,0.0,0,fraction_of_image,Left upper lobe pulmonary nodule,0.3,7.5,200
c0001_right_mid_clear_small,c0001,lesion,right,mid,clear,lateral,small,543849377,1024,1024,0,0,1024,0.5,40,0.5566,0.1289,0.8711,0.6621,0.7357,0.3955,0.6898,0.3496,0.7816,0.4414,47,47.0,11.01,27.74,0.3968,0.3309,0.4637,0.7746,0.0,0.0,0.0,0,fraction_of_image,Left upper lobe pulmonary nodule,0.3,7.5,200
c0001_right_mid_moderate_small,c0001,lesion,right,mid,moderate,lateral,small,330132637,1024,1024,0,0,1024,0.5,40,0.5566,0.1289,0.8711,0.6621,0.7793,0.3955,0.7334,0.3496,0.8252,0.4414,47,47.0,10.2,63.24,0.1613,0.1855,0.6277,0.7746,0.0,0.0,0.0,1,fraction_of_image,Left upper lobe pulmonary nodule,0.3,7.5,200
c0001_right_mid_on_structure_small,c0001,lesion,right,mid,on_structure,medial,small,266709459,1024,1024,0,0,1024,0.5,40,0.5566,0.1289,0.8711,0.6621,0.6048,0.3955,0.5589,0.3496,0.6507,0.4414,47,47.0,8.6,56.75,0.1516,-0.1266,1.0021,0.7746,0.0,0.0,0.0,0,fraction_of_image,Left upper lobe pulmonary nodule,0.3,7.5,200
c0001_right_mid_clear_medium,c0001,lesion,right,mid,clear,medial,medium,1748162420,1024,1024,0,0,1024,0.5,40,0.5566,0.1289,0.8711,0.6621,0.7139,0.3955,0.6553,0.3369,0.7725,0.4541,60,60.0,34.63,35.02,0.9889,1.3118,0.4632,0.5799,0.8692,0.0,0.8692,3,fraction_of_image,Left upper lobe pulmonary nodule,0.3,7.5,200
c0001_right_mid_moderate_medium,c0001,lesion,right,mid,moderate,lateral,medium,1047959793,1024,1024,0,0,1024,0.5,40,0.5566,0.1289,0.8711,0.6621,0.7713,0.3955,0.7127,0.3369,0.8299,0.4541,60,60.0,11.74,61.69,0.1903,0.2388,0.5675,0.5799,0.0,0.0,0.0,1,fraction_of_image,Left upper lobe pulmonary nodule,0.3,7.5,200
c0001_right_mid_on_structure_medium,c0001,lesion,right,mid,on_structure,medial,medium,753312723,1024,1024,0,0,1024,0.5,40,0.5566,0.1289,0.8711,0.6621,0.6182,0.3955,0.5596,0.3369,0.6768,0.4541,60,60.0,14.16,64.67,0.219,0.0231,0.9038,0.5799,0.0,0.0,0.0,0,fraction_of_image,Left upper lobe pulmonary nodule,0.3,7.5,200
c0001_right_mid_clear_large,c0001,lesion,right,mid,clear,lateral,large,137587670,1024,1024,0,0,1024,0.5,40,0.5566,0.1289,0.8711,0.6621,0.7383,0.3955,0.666,0.3232,0.8105,0.4678,74,74.0,21.54,56.18,0.3834,0.5022,0.462,0.4022,0.0,0.0,0.0,0,fraction_of_image,Left upper lobe pulmonary nodule,0.3,7.5,200
c0001_right_mid_clear_large__null,c0001,null_edit,right,mid,clear,lateral,large,137587670,1024,1024,0,0,1024,0.5,40,0.5566,0.1289,0.8711,0.6621,0.7383,0.3955,0.666,0.3232,0.8105,0.4678,74,74.0,8.76,56.18,0.1559,0.0878,0.462,0.4022,0.0,0.0,0.0,0,fraction_of_image,"Normal left lung parenchyma, no focal abnormality",0.3,7.5,200
c0001_right_mid_moderate_large,c0001,lesion,right,mid,moderate,medial,large,1917340079,1024,1024,0,0,1024,0.5,40,0.5566,0.1289,0.8711,0.6621,0.6813,0.3955,0.6091,0.3232,0.7536,0.4678,74,74.0,42.45,52.82,0.8036,1.1837,0.5441,0.4022,0.952,0.0,0.952,2,fraction_of_image,Left upper lobe pulmonary nodule,0.3,7.5,200
c0001_right_mid_on_structure_large,c0001,lesion,right,mid,on_structure,lateral,large,372491727,1024,1024,0,0,1024,0.5,40,0.5566,0.1289,0.8711,0.6621,0.7871,0.3955,0.7148,0.3232,0.8593,0.4678,74,74.0,10.1,60.73,0.1664,0.1888,0.7685,0.4022,0.0,0.0,0.0,1,fraction_of_image,Left upper lobe pulmonary nodule,0.3,7.5,200
c0001_right_lower_clear_small,c0001,lesion,right,lower,clear,lateral,small,313344060,1024,1024,0,0,1024,0.5,40,0.5566,0.1289,0.8711,0.6621,0.8011,0.5448,0.7552,0.4989,0.847,0.5907,47,47.0,6.07,55.5,0.1094,0.0716,0.7299,0.6043,0.0,0.0,0.0,0,fraction_of_image,Left upper lobe pulmonary nodule,0.3,7.5,200
c0001_right_lower_moderate_small,c0001,lesion,right,lower,moderate,medial,small,743118344,1024,1024,0,0,1024,0.5,40,0.5566,0.1289,0.8711,0.6621,0.7139,0.5448,0.668,0.4989,0.7598,0.5907,47,47.0,4.24,45.79,0.0926,-0.0157,1.1366,0.6043,0.0,0.0,0.0,1,fraction_of_image,Left upper lobe pulmonary nodule,0.3,7.5,200
c0001_right_lower_on_structure_small,c0001,lesion,right,lower,on_structure,medial,small,1683963246,1024,1024,0,0,1024,0.5,40,0.5566,0.1289,0.8711,0.6621,0.6594,0.5448,0.6135,0.4989,0.7052,0.5907,47,47.0,3.61,27.16,0.1329,0.069,1.2527,0.6043,0.0,0.0,0.0,1,fraction_of_image,Left upper lobe pulmonary nodule,0.3,7.5,200
c0001_right_lower_clear_medium,c0001,lesion,right,lower,clear,lateral,medium,2131502694,1024,1024,0,0,1024,0.5,40,0.5566,0.1289,0.8711,0.6621,0.7713,0.5448,0.7127,0.4862,0.8299,0.6034,60,60.0,6.84,55.07,0.1242,0.1137,0.773,0.5286,0.0,0.0,0.0,0,fraction_of_image,Left upper lobe pulmonary nodule,0.3,7.5,200
c0001_right_lower_moderate_medium,c0001,lesion,right,lower,moderate,medial,medium,472714200,1024,1024,0,0,1024,0.5,40,0.5566,0.1289,0.8711,0.6621,0.7139,0.5448,0.6553,0.4862,0.7725,0.6034,60,60.0,5.31,46.83,0.1134,-0.0415,1.1206,0.5286,0.0,0.0,0.0,0,fraction_of_image,Left upper lobe pulmonary nodule,0.3,7.5,200
c0001_right_lower_on_structure_medium,c0001,lesion,right,lower,on_structure,medial,medium,1599175677,1024,1024,0,0,1024,0.5,40,0.5566,0.1289,0.8711,0.6621,0.6373,0.5448,0.5787,0.4862,0.6959,0.6034,60,60.0,3.29,37.28,0.0882,0.055,1.2438,0.5286,0.0,0.0,0.0,0,fraction_of_image,Left upper lobe pulmonary nodule,0.3,7.5,200
c0001_right_lower_clear_large,c0001,lesion,right,lower,clear,lateral,large,947114179,1024,1024,0,0,1024,0.5,40,0.5566,0.1289,0.8711,0.6621,0.7871,0.5448,0.7148,0.4725,0.8593,0.6171,74,74.0,7.94,50.75,0.1564,0.1934,0.8053,0.4678,0.0,0.0,0.0,0,fraction_of_image,Left upper lobe pulmonary nodule,0.3,7.5,200
c0001_right_lower_clear_large__null,c0001,null_edit,right,lower,clear,lateral,large,947114179,1024,1024,0,0,1024,0.5,40,0.5566,0.1289,0.8711,0.6621,0.7871,0.5448,0.7148,0.4725,0.8593,0.6171,74,74.0,7.18,50.75,0.1415,0.1539,0.8053,0.4678,0.0,0.0,0.0,0,fraction_of_image,"Normal left lung parenchyma, no focal abnormality",0.3,7.5,200
c0001_right_lower_moderate_large,c0001,lesion,right,lower,moderate,medial,large,439600627,1024,1024,0,0,1024,0.5,40,0.5566,0.1289,0.8711,0.6621,0.7139,0.5448,0.6416,0.4725,0.7861,0.6171,74,74.0,11.14,52.2,0.2135,-0.216,1.0926,0.4678,0.0,0.0,0.0,0,fraction_of_image,Left upper lobe pulmonary nodule,0.3,7.5,200
c0001_right_lower_on_structure_large,c0001,lesion,right,lower,on_structure,medial,large,103774900,1024,1024,0,0,1024,0.5,40,0.5566,0.1289,0.8711,0.6621,0.6488,0.5448,0.5765,0.4725,0.7211,0.6171,74,74.0,3.58,54.03,0.0663,0.022,1.2291,0.4678,0.0,0.0,0.0,1,fraction_of_image,Left upper lobe pulmonary nodule,0.3,7.5,200
c0003_left_upper_clear_small,c0003,lesion,left,upper,clear,medial,small,974488170,2834,2851,0,8,2834,0.18066,35,0.0977,0.0391,0.4258,0.8301,0.2965,0.2131,0.2506,0.1672,0.3424,0.259,47,47.0,77.63,20.21,3.8416,5.3146,0.5246,1.1456,0.9882,0.0,0.9882,5,fraction_of_image,Right upper lobe pulmonary nodule,0.3,7.5,200
c0003_left_upper_moderate_small,c0003,lesion,left,upper,moderate,medial,small,1694596112,2834,2851,0,8,2834,0.18066,35,0.0977,0.0391,0.4258,0.8301,0.3544,0.2131,0.3085,0.1672,0.4003,0.259,47,47.0,71.64,31.49,2.2752,2.9401,0.6128,1.1456,0.9736,0.0,0.9736,4,fraction_of_image,Right upper lobe pulmonary nodule,0.3,7.5,200
c0003_left_upper_on_structure_small,c0003,lesion,left,upper,on_structure,lateral,small,453643541,2834,2851,0,8,2834,0.18066,35,0.0977,0.0391,0.4258,0.8301,0.169,0.2131,0.1231,0.1672,0.2149,0.259,47,47.0,9.16,58.8,0.1558,-0.0736,1.3533,1.1456,0.0,0.0,0.0,3,fraction_of_image,Right upper lobe pulmonary nodule,0.3,7.5,200
c0003_left_upper_clear_medium,c0003,lesion,left,upper,clear,medial,medium,2146101997,2834,2851,0,8,2834,0.18066,35,0.0977,0.0391,0.4258,0.8301,0.272,0.2131,0.2134,0.1545,0.3306,0.2717,60,60.0,64.08,25.33,2.5292,3.3088,0.507,0.9656,0.9519,0.0,0.9519,4,fraction_of_image,Right upper lobe pulmonary nodule,0.3,7.5,200
c0003_left_upper_moderate_medium,c0003,lesion,left,upper,moderate,lateral,medium,1645379893,2834,2851,0,8,2834,0.18066,35,0.0977,0.0391,0.4258,0.8301,0.2412,0.2131,0.1826,0.1545,0.2998,0.2717,60,60.0,44.73,54.03,0.8279,1.0219,0.5667,0.9656,0.8209,0.0,0.8209,7,fraction_of_image,Right upper lobe pulmonary nodule,0.3,7.5,200
c0003_left_upper_on_structure_medium,c0003,lesion,left,upper,on_structure,lateral,medium,1578570391,2834,2851,0,8,2834,0.18066,35,0.0977,0.0391,0.4258,0.8301,0.1797,0.2131,0.1211,0.1545,0.2383,0.2717,60,60.0,11.05,61.88,0.1785,-0.1084,1.1652,0.9656,0.0,0.0,0.0,4,fraction_of_image,Right upper lobe pulmonary nodule,0.3,7.5,200
c0003_left_upper_clear_large,c0003,lesion,left,upper,clear,medial,large,239939022,2834,2851,0,8,2834,0.18066,35,0.0977,0.0391,0.4258,0.8301,0.2882,0.2131,0.2159,0.1408,0.3604,0.2854,74,74.0,77.07,30.25,2.548,3.0847,0.4878,0.765,0.6941,0.0,0.6941,8,fraction_of_image,Right upper lobe pulmonary nodule,0.3,7.5,200
c0003_left_upper_clear_large__null,c0003,null_edit,left,upper,clear,medial,large,239939022,2834,2851,0,8,2834,0.18066,35,0.0977,0.0391,0.4258,0.8301,0.2882,0.2131,0.2159,0.1408,0.3604,0.2854,74,74.0,9.27,30.25,0.3064,-0.1762,0.4878,0.765,0.0,0.0,0.0,5,fraction_of_image,"Normal right lung parenchyma, no focal abnormality",0.3,7.5,200
c0003_left_upper_moderate_large,c0003,lesion,left,upper,moderate,lateral,large,917181236,2834,2851,0,8,2834,0.18066,35,0.0977,0.0391,0.4258,0.8301,0.2441,0.2131,0.1718,0.1408,0.3163,0.2854,74,74.0,65.22,59.26,1.1005,1.4136,0.5572,0.765,0.9363,0.0,0.9363,9,fraction_of_image,Right upper lobe pulmonary nodule,0.3,7.5,200
c0003_left_upper_on_structure_large,c0003,lesion,left,upper,on_structure,lateral,large,819283410,2834,2851,0,8,2834,0.18066,35,0.0977,0.0391,0.4258,0.8301,0.1912,0.2131,0.1189,0.1408,0.2634,0.2854,74,74.0,14.21,63.5,0.2237,-0.0677,1.0011,0.765,0.2178,0.0,0.2178,6,fraction_of_image,Right upper lobe pulmonary nodule,0.3,7.5,200
c0003_left_mid_clear_small,c0003,lesion,left,mid,clear,lateral,small,2054608151,2834,2851,0,8,2834,0.18066,35,0.0977,0.0391,0.4258,0.8301,0.2385,0.4346,0.1926,0.3887,0.2844,0.4805,47,47.0,61.84,29.14,2.1221,2.8009,0.682,0.7809,0.9879,0.0,0.9879,5,fraction_of_image,Right upper lobe pulmonary nodule,0.3,7.5,200
c0003_left_mid_moderate_small,c0003,lesion,left,mid,moderate,lateral,small,655346389,2834,2851,0,8,2834,0.18066,35,0.0977,0.0391,0.4258,0.8301,0.2038,0.4346,0.1579,0.3887,0.2497,0.4805,47,47.0,23.37,46.04,0.5077,-0.0672,0.8254,0.7809,0.8331,0.0,0.8331,6,fraction_of_image,Right upper lobe pulmonary nodule,0.3,7.5,200
c0003_left_mid_on_structure_small,c0003,lesion,left,mid,on_structure,medial,small,2144382802,2834,2851,0,8,2834,0.18066,35,0.0977,0.0391,0.4258,0.8301,0.3776,0.4346,0.3317,0.3887,0.4235,0.4805,47,47.0,34.79,45.25,0.7688,1.024,1.2207,0.7809,0.0881,0.0,0.0881,6,fraction_of_image,Right upper lobe pulmonary nodule,0.3,7.5,200
c0003_left_mid_clear_medium,c0003,lesion,left,mid,clear,medial,medium,612651484,2834,2851,0,8,2834,0.18066,35,0.0977,0.0391,0.4258,0.8301,0.272,0.4346,0.2134,0.376,0.3306,0.4932,60,60.0,60.52,35.2,1.7192,2.3924,0.6683,0.6253,0.6958,0.0,0.6958,6,fraction_of_image,Right upper lobe pulmonary nodule,0.3,7.5,200
c0003_left_mid_moderate_medium,c0003,lesion,left,mid,moderate,lateral,medium,2006411753,2834,2851,0,8,2834,0.18066,35,0.0977,0.0391,0.4258,0.8301,0.2104,0.4346,0.1519,0.376,0.269,0.4932,60,60.0,49.73,55.9,0.8896,1.1167,0.7845,0.6253,0.98,0.0,0.98,5,fraction_of_image,Right upper lobe pulmonary nodule,0.3,7.5,200
c0003_left_mid_on_structure_medium,c0003,lesion,left,mid,on_structure,medial,medium,1071706383,2834,2851,0,8,2834,0.18066,35,0.0977,0.0391,0.4258,0.8301,0.3643,0.4346,0.3057,0.376,0.4229,0.4932,60,60.0,37.17,48.84,0.7609,0.9675,1.1251,0.6253,0.0,0.0,0.0,4,fraction_of_image,Right upper lobe pulmonary nodule,0.3,7.5,200
c0003_left_mid_clear_large,c0003,lesion,left,mid,clear,medial,large,1782106810,2834,2851,0,8,2834,0.18066,35,0.0977,0.0391,0.4258,0.8301,0.2705,0.4346,0.1983,0.3623,0.3428,0.5068,74,74.0,47.5,35.22,1.3487,1.8317,0.6544,0.462,0.0,0.0,0.0,1,fraction_of_image,Right upper lobe pulmonary nodule,0.3,7.5,200
c0003_left_mid_clear_large__null,c0003,null_edit,left,mid,clear,medial,large,1782106810,2834,2851,0,8,2834,0.18066,35,0.0977,0.0391,0.4258,0.8301,0.2705,0.4346,0.1983,0.3623,0.3428,0.5068,74,74.0,11.33,35.22,0.3218,0.0201,0.6544,0.462,0.0,0.0,0.0,1,fraction_of_image,"Normal right lung parenchyma, no focal abnormality",0.3,7.5,200
c0003_left_mid_moderate_large,c0003,lesion,left,mid,moderate,lateral,large,1739620830,2834,2851,0,8,2834,0.18066,35,0.0977,0.0391,0.4258,0.8301,0.2176,0.4346,0.1454,0.3623,0.2899,0.5068,74,74.0,52.91,59.18,0.8941,1.1446,0.7664,0.462,0.6453,0.0,0.6453,8,fraction_of_image,Right upper lobe pulmonary nodule,0.3,7.5,200
c0003_left_mid_on_structure_large,c0003,lesion,left,mid,on_structure,lateral,large,960529491,2834,2851,0,8,2834,0.18066,35,0.0977,0.0391,0.4258,0.8301,0.1824,0.4346,0.1101,0.3623,0.2546,0.5068,74,74.0,19.81,58.19,0.3404,-0.0232,1.0068,0.462,0.9592,0.0,0.9592,5,fraction_of_image,Right upper lobe pulmonary nodule,0.3,7.5,200
c0003_left_lower_clear_small,c0003,lesion,left,lower,clear,lateral,small,1810383606,2834,2851,0,8,2834,0.18066,35,0.0977,0.0391,0.4258,0.8301,0.1458,0.6561,0.1,0.6102,0.1917,0.702,47,47.0,25.94,59.78,0.434,0.3325,0.5083,0.7457,0.0,0.0,0.0,6,fraction_of_image,Right upper lobe pulmonary nodule,0.3,7.5,200
c0003_left_lower_moderate_small,c0003,lesion,left,lower,moderate,medial,small,579002454,2834,2851,0,8,2834,0.18066,35,0.0977,0.0391,0.4258,0.8301,0.3428,0.6561,0.2969,0.6102,0.3887,0.702,47,47.0,22.28,46.06,0.4837,-0.0342,0.9049,0.7457,0.079,0.0,0.079,6,fraction_of_image,Right upper lobe pulmonary nodule,0.3,7.5,200
c0003_left_lower_on_structure_small,c0003,lesion,left,lower,on_structure,lateral,small,1330508111,2834,2851,0,8,2834,0.18066,35,0.0977,0.0391,0.4258,0.8301,0.2617,0.6561,0.2158,0.6102,0.3076,0.702,47,47.0,45.34,53.68,0.8447,1.1562,1.1889,0.7457,0.9553,0.0,0.9553,7,fraction_of_image,Right upper lobe pulmonary nodule,0.3,7.5,200
c0003_left_lower_clear_medium,c0003,lesion,left,lower,clear,lateral,medium,182918335,2834,2851,0,8,2834,0.18066,35,0.0977,0.0391,0.4258,0.8301,0.1797,0.6561,0.1211,0.5975,0.2383,0.7146,60,60.0,64.17,51.03,1.2574,1.9226,0.5512,0.6544,0.8889,0.0,0.8889,6,fraction_of_image,Right upper lobe pulmonary nodule,0.3,7.5,200
c0003_left_lower_moderate_medium,c0003,lesion,left,lower,moderate,lateral,medium,542351558,2834,2851,0,8,2834,0.18066,35,0.0977,0.0391,0.4258,0.8301,0.231,0.6561,0.1724,0.5975,0.2896,0.7146,60,60.0,48.25,54.43,0.8864,1.3722,0.9568,0.6544,0.9864,0.0,0.9864,4,fraction_of_image,Right upper lobe pulmonary nodule,0.3,7.5,200
c0003_left_lower_on_structure_medium,c0003,lesion,left,lower,on_structure,medial,medium,300730833,2834,2851,0,8,2834,0.18066,35,0.0977,0.0391,0.4258,0.8301,0.2925,0.6561,0.2339,0.5975,0.3511,0.7146,60,60.0,34.07,53.41,0.6379,0.8891,1.1271,0.6544,0.9572,0.0,0.9572,4,fraction_of_image,Right upper lobe pulmonary nodule,0.3,7.5,200
c0003_left_lower_clear_large,c0003,lesion,left,lower,clear,lateral,large,630045977,2834,2851,0,8,2834,0.18066,35,0.0977,0.0391,0.4258,0.8301,0.1912,0.6561,0.1189,0.5838,0.2634,0.7283,74,74.0,56.99,53.17,1.0719,1.6873,0.6565,0.5574,0.918,0.0,0.918,4,fraction_of_image,Right upper lobe pulmonary nodule,0.3,7.5,200
c0003_left_lower_clear_large__null,c0003,null_edit,left,lower,clear,lateral,large,630045977,2834,2851,0,8,2834,0.18066,35,0.0977,0.0391,0.4258,0.8301,0.1912,0.6561,0.1189,0.5838,0.2634,0.7283,74,74.0,26.15,53.17,0.4919,-0.1272,0.6565,0.5574,0.0,0.0,0.0,3,fraction_of_image,"Normal right lung parenchyma, no focal abnormality",0.3,7.5,200
c0003_left_lower_moderate_large,c0003,lesion,left,lower,moderate,medial,large,1721916652,2834,2851,0,8,2834,0.18066,35,0.0977,0.0391,0.4258,0.8301,0.3323,0.6561,0.26,0.5838,0.4045,0.7283,74,74.0,26.82,48.04,0.5584,0.4798,1.0144,0.5574,0.4543,0.0,0.4543,6,fraction_of_image,Right upper lobe pulmonary nodule,0.3,7.5,200
c0003_left_lower_on_structure_large,c0003,lesion,left,lower,on_structure,medial,large,548116078,2834,2851,0,8,2834,0.18066,35,0.0977,0.0391,0.4258,0.8301,0.3058,0.6561,0.2335,0.5838,0.3781,0.7283,74,74.0,35.9,49.28,0.7285,0.8244,1.1082,0.5574,0.6035,0.0,0.6035,5,fraction_of_image,Right upper lobe pulmonary nodule,0.3,7.5,200
c0003_right_upper_clear_small,c0003,lesion,right,upper,clear,medial,small,910562755,2834,2851,0,8,2834,0.18066,35,0.5371,0.0488,0.8945,0.8047,0.6375,0.2151,0.5916,0.1692,0.6834,0.261,47,47.0,64.29,22.13,2.9051,3.9303,0.4599,1.1366,0.8901,0.0,0.8901,7,fraction_of_image,Left upper lobe pulmonary nodule,0.3,7.5,200
c0003_right_upper_moderate_small,c0003,lesion,right,upper,moderate,medial,small,1231264122,2834,2851,0,8,2834,0.18066,35,0.5371,0.0488,0.8945,0.8047,0.7158,0.2151,0.6699,0.1692,0.7617,0.261,47,47.0,74.48,30.27,2.4602,3.1669,0.682,1.1366,0.986,0.0,0.986,4,fraction_of_image,Left upper lobe pulmonary nodule,0.3,7.5,200
c0003_right_upper_on_structure_small,c0003,lesion,right,upper,on_structure,lateral,small,2101911007,2834,2851,0,8,2834,0.18066,35,0.5371,0.0488,0.8945,0.8047,0.8463,0.2151,0.8004,0.1692,0.8922,0.261,47,47.0,6.68,35.5,0.1882,-0.1823,1.5109,1.1366,0.0,0.0,0.0,6,fraction_of_image,Left upper lobe pulmonary nodule,0.3,7.5,200
c0003_right_upper_clear_medium,c0003,lesion,right,upper,clear,medial,medium,2014994499,2834,2851,0,8,2834,0.18066,35,0.5371,0.0488,0.8945,0.8047,0.6221,0.2151,0.5635,0.1565,0.6807,0.2737,60,60.0,56.97,34.03,1.6741,2.249,0.437,1.113,0.3245,0.0,0.3245,5,fraction_of_image,Left upper lobe pulmonary nodule,0.3,7.5,200
c0003_right_upper_moderate_medium,c0003,lesion,right,upper,moderate,medial,medium,1786908946,2834,2851,0,8,2834,0.18066,35,0.5371,0.0488,0.8945,0.8047,0.7158,0.2151,0.6572,0.1565,0.7744,0.2737,60,60.0,69.58,50.38,1.3812,1.9107,0.6773,1.113,0.986,0.0,0.986,3,fraction_of_image,Left upper lobe pulmonary nodule,0.3,7.5,200
c0003_right_upper_on_structure_medium,c0003,lesion,right,upper,on_structure,lateral,medium,1287053350,2834,2851,0,8,2834,0.18066,35,0.5371,0.0488,0.8945,0.8047,0.8096,0.2151,0.751,0.1565,0.8682,0.2737,60,60.0,10.98,48.77,0.2251,-0.0572,1.4229,1.113,0.0,0.0,0.0,6,fraction_of_image,Left upper lobe pulmonary nodule,0.3,7.5,200
c0003_right_upper_clear_large,c0003,lesion,right,upper,clear,medial,large,2041015563,2834,2851,0,8,2834,0.18066,35,0.5371,0.0488,0.8945,0.8047,0.6336,0.2151,0.5613,0.1429,0.7058,0.2874,74,74.0,64.98,39.09,1.6623,2.0338,0.4433,0.9992,0.4194,0.0,0.4194,7,fraction_of_image,Left upper lobe pulmonary nodule,0.3,7.5,200
c0003_right_upper_clear_large__null,c0003,null_edit,right,upper,clear,medial,large,2041015563,2834,2851,0,8,2834,0.18066,35,0.5371,0.0488,0.8945,0.8047,0.6336,0.2151,0.5613,0.1429,0.7058,0.2874,74,74.0,10.65,39.09,0.2725,-0.1349,0.4433,0.9992,0.0,0.0,0.0,5,fraction_of_image,"Normal left lung parenchyma, no focal abnormality",0.3,7.5,200
c0003_right_upper_moderate_large,c0003,lesion,right,upper,moderate,medial,large,828800963,2834,2851,0,8,2834,0.18066,35,0.5371,0.0488,0.8945,0.8047,0.7158,0.2151,0.6436,0.1429,0.7881,0.2874,74,74.0,65.91,58.57,1.1254,1.5838,0.6707,0.9992,0.9711,0.0,0.9711,6,fraction_of_image,Left upper lobe pulmonary nodule,0.3,7.5,200
c0003_right_upper_on_structure_large,c0003,lesion,right,upper,on_structure,lateral,large,686873491,2834,2851,0,8,2834,0.18066,35,0.5371,0.0488,0.8945,0.8047,0.7981,0.2151,0.7258,0.1429,0.8704,0.2874,74,74.0,11.4,57.1,0.1997,-0.1164,1.2882,0.9992,0.2538,0.0,0.2538,5,fraction_of_image,Left upper lobe pulmonary nodule,0.3,7.5,200
c0003_right_mid_clear_small,c0003,lesion,right,mid,clear,lateral,small,322138028,2834,2851,0,8,2834,0.18066,35,0.5371,0.0488,0.8945,0.8047,0.768,0.4268,0.7221,0.3809,0.8139,0.4727,47,47.0,22.8,38.11,0.5983,-0.8041,0.6701,0.9519,0.0,0.0,0.0,4,fraction_of_image,Left upper lobe pulmonary nodule,0.3,7.5,200
c0003_right_mid_moderate_small,c0003,lesion,right,mid,moderate,medial,small,1608383349,2834,2851,0,8,2834,0.18066,35,0.5371,0.0488,0.8945,0.8047,0.6506,0.4268,0.6047,0.3809,0.6965,0.4727,47,47.0,46.42,26.55,1.7485,2.0812,0.8399,0.9519,0.5216,0.0,0.5216,4,fraction_of_image,Left upper lobe pulmonary nodule,0.3,7.5,200
c0003_right_mid_on_structure_small,c0003,lesion,right,mid,on_structure,lateral,small,471153156,2834,2851,0,8,2834,0.18066,35,0.5371,0.0488,0.8945,0.8047,0.8202,0.4268,0.7743,0.3809,0.8661,0.4727,47,47.0,15.61,56.52,0.2761,-0.4021,1.1795,0.9519,0.0,0.0,0.0,4,fraction_of_image,Left upper lobe pulmonary nodule,0.3,7.5,200
c0003_right_mid_clear_medium,c0003,lesion,right,mid,clear,lateral,medium,638426908,2834,2851,0,8,2834,0.18066,35,0.5371,0.0488,0.8945,0.8047,0.7627,0.4268,0.7041,0.3682,0.8213,0.4854,60,60.0,24.45,51.44,0.4753,0.0769,0.699,0.7167,0.6487,0.0,0.6487,4,fraction_of_image,Left upper lobe pulmonary nodule,0.3,7.5,200
c0003_right_mid_moderate_medium,c0003,lesion,right,mid,moderate,medial,medium,1375639529,2834,2851,0,8,2834,0.18066,35,0.5371,0.0488,0.8945,0.8047,0.6689,0.4268,0.6104,0.3682,0.7275,0.4854,60,60.0,62.63,29.69,2.1094,2.7839,0.829,0.7167,0.7575,0.0,0.7575,8,fraction_of_image,Left upper lobe pulmonary nodule,0.3,7.5,200
c0003_right_mid_on_structure_medium,c0003,lesion,right,mid,on_structure,lateral,medium,795544139,2834,2851,0,8,2834,0.18066,35,0.5371,0.0488,0.8945,0.8047,0.8096,0.4268,0.751,0.3682,0.8682,0.4854,60,60.0,18.72,53.62,0.3491,-0.4858,1.0651,0.7167,0.0,0.0,0.0,3,fraction_of_image,Left upper lobe pulmonary nodule,0.3,7.5,200
c0003_right_mid_clear_large,c0003,lesion,right,mid,clear,lateral,large,12053827,2834,2851,0,8,2834,0.18066,35,0.5371,0.0488,0.8945,0.8047,0.7261,0.4268,0.6538,0.3545,0.7984,0.499,74,74.0,55.77,39.25,1.4209,1.7494,0.7324,0.5082,0.9747,0.0,0.9747,7,fraction_of_image,Left upper lobe pulmonary nodule,0.3,7.5,200
c0003_right_mid_clear_large__null,c0003,null_edit,right,mid,clear,lateral,large,12053827,2834,2851,0,8,2834,0.18066,35,0.5371,0.0488,0.8945,0.8047,0.7261,0.4268,0.6538,0.3545,0.7984,0.499,74,74.0,10.68,39.25,0.2721,-0.1895,0.7324,0.5082,0.0,0.0,0.0,4,fraction_of_image,"Normal left lung parenchyma, no focal abnormality",0.3,7.5,200
c0003_right_mid_moderate_large,c0003,lesion,right,mid,moderate,medial,large,57717142,2834,2851,0,8,2834,0.18066,35,0.5371,0.0488,0.8945,0.8047,0.6644,0.4268,0.5921,0.3545,0.7367,0.499,74,74.0,55.62,39.4,1.4119,1.8372,0.8021,0.5082,0.9032,0.0,0.9032,5,fraction_of_image,Left upper lobe pulmonary nodule,0.3,7.5,200
c0003_right_mid_on_structure_large,c0003,lesion,right,mid,on_structure,lateral,large,1496303290,2834,2851,0,8,2834,0.18066,35,0.5371,0.0488,0.8945,0.8047,0.7981,0.4268,0.7258,0.3545,0.8704,0.499,74,74.0,16.13,53.27,0.3029,-0.4263,0.9725,0.5082,0.0,0.0,0.0,3,fraction_of_image,Left upper lobe pulmonary nodule,0.3,7.5,200
c0003_right_lower_clear_small,c0003,lesion,right,lower,clear,lateral,small,590670323,2834,2851,0,8,2834,0.18066,35,0.5371,0.0488,0.8945,0.8047,0.7941,0.6384,0.7482,0.5925,0.84,0.6843,47,47.0,16.46,35.18,0.4678,0.4371,0.426,1.0412,0.0,0.0,0.0,5,fraction_of_image,Left upper lobe pulmonary nodule,0.3,7.5,200
c0003_right_lower_moderate_small,c0003,lesion,right,lower,moderate,medial,small,1296584235,2834,2851,0,8,2834,0.18066,35,0.5371,0.0488,0.8945,0.8047,0.7158,0.6384,0.6699,0.5925,0.7617,0.6843,47,47.0,18.11,50.87,0.356,0.1764,0.7552,1.0412,0.0771,0.0,0.0771,4,fraction_of_image,Left upper lobe pulmonary nodule,0.3,7.5,200
c0003_right_lower_on_structure_small,c0003,lesion,right,lower,on_structure,medial,small,508600066,2834,2851,0,8,2834,0.18066,35,0.5371,0.0488,0.8945,0.8047,0.6636,0.6384,0.6177,0.5925,0.7095,0.6843,47,47.0,34.13,47.1,0.7246,0.8675,1.4373,1.0412,0.9251,0.0,0.9251,4,fraction_of_image,Left upper lobe pulmonary nodule,0.3,7.5,200
c0003_right_lower_clear_medium,c0003,lesion,right,lower,clear,lateral,medium,1222046655,2834,2851,0,8,2834,0.18066,35,0.5371,0.0488,0.8945,0.8047,0.7979,0.6384,0.7393,0.5798,0.8564,0.697,60,60.0,36.6,39.82,0.9193,1.221,0.4533,0.9865,0.9379,0.0,0.9379,4,fraction_of_image,Left upper lobe pulmonary nodule,0.3,7.5,200
c0003_right_lower_moderate_medium,c0003,lesion,right,lower,moderate,medial,medium,1045864250,2834,2851,0,8,2834,0.18066,35,0.5371,0.0488,0.8945,0.8047,0.7158,0.6384,0.6572,0.5798,0.7744,0.697,60,60.0,20.76,48.61,0.4272,0.3534,0.7919,0.9865,0.0,0.0,0.0,2,fraction_of_image,Left upper lobe pulmonary nodule,0.3,7.5,200
c0003_right_lower_on_structure_medium,c0003,lesion,right,lower,on_structure,medial,medium,381047508,2834,2851,0,8,2834,0.18066,35,0.5371,0.0488,0.8945,0.8047,0.6338,0.6384,0.5752,0.5798,0.6924,0.697,60,60.0,23.6,43.81,0.5386,0.5165,1.415,0.9865,0.9616,0.0,0.9616,3,fraction_of_image,Left upper lobe pulmonary nodule,0.3,7.5,200
c0003_right_lower_clear_large,c0003,lesion,right,lower,clear,lateral,large,720852974,2834,2851,0,8,2834,0.18066,35,0.5371,0.0488,0.8945,0.8047,0.7878,0.6384,0.7155,0.5661,0.8601,0.7107,74,74.0,37.2,45.36,0.8199,1.1542,0.4945,0.9142,0.948,0.0668,0.8813,6,fraction_of_image,Left upper lobe pulmonary nodule,0.3,7.5,200
c0003_right_lower_clear_large__null,c0003,null_edit,right,lower,clear,lateral,large,720852974,2834,2851,0,8,2834,0.18066,35,0.5371,0.0488,0.8945,0.8047,0.7878,0.6384,0.7155,0.5661,0.8601,0.7107,74,74.0,14.52,45.36,0.32,0.028,0.4945,0.9142,0.4598,0.0668,0.3931,6,fraction_of_image,"Normal left lung parenchyma, no focal abnormality",0.3,7.5,200
c0003_right_lower_moderate_large,c0003,lesion,right,lower,moderate,medial,large,66108401,2834,2851,0,8,2834,0.18066,35,0.5371,0.0488,0.8945,0.8047,0.7158,0.6384,0.6436,0.5661,0.7881,0.7107,74,74.0,27.99,48.09,0.582,0.5456,0.8127,0.9142,0.1724,0.0,0.1724,5,fraction_of_image,Left upper lobe pulmonary nodule,0.3,7.5,200
c0003_right_lower_on_structure_large,c0003,lesion,right,lower,on_structure,medial,large,1226541100,2834,2851,0,8,2834,0.18066,35,0.5371,0.0488,0.8945,0.8047,0.6541,0.6384,0.5819,0.5661,0.7264,0.7107,74,74.0,27.64,47.17,0.586,0.8635,1.3834,0.9142,0.9306,0.0,0.9306,4,fraction_of_image,Left upper lobe pulmonary nodule,0.3,7.5,200
c0005_left_upper_clear_small,c0005,lesion,left,upper,clear,medial,small,933051160,2820,2861,0,20,2820,0.18156,45,0.0781,0.1562,0.4434,0.8184,0.3414,0.3019,0.2955,0.256,0.3873,0.3478,47,47.0,68.18,23.28,2.9291,3.8505,0.5013,0.9812,0.9879,0.0,0.9879,2,fraction_of_image,Right upper lobe pulmonary nodule,0.3,7.5,200
c0005_left_upper_moderate_small,c0005,lesion,left,upper,moderate,lateral,small,1724203556,2820,2861,0,20,2820,0.18156,45,0.0781,0.1562,0.4434,0.8184,0.2607,0.3019,0.2148,0.256,0.3066,0.3478,47,47.0,87.07,53.7,1.6216,2.0848,0.7835,0.9812,0.9806,0.0,0.9806,6,fraction_of_image,Right upper lobe pulmonary nodule,0.3,7.5,200
c0005_left_upper_on_structure_small,c0005,lesion,left,upper,on_structure,lateral,small,1734948458,2820,2861,0,20,2820,0.18156,45,0.0781,0.1562,0.4434,0.8184,0.1935,0.3019,0.1476,0.256,0.2394,0.3478,47,47.0,5.72,46.48,0.1231,-0.0083,1.3817,0.9812,0.0,0.0,0.0,8,fraction_of_image,Right upper lobe pulmonary nodule,0.3,7.5,200
c0005_left_upper_clear_medium,c0005,lesion,left,upper,clear,medial,medium,136939023,2820,2861,0,20,2820,0.18156,45,0.0781,0.1562,0.4434,0.8184,0.3455,0.3019,0.2869,0.2433,0.4041,0.3605,60,60.0,57.27,34.73,1.649,2.2071,0.4793,0.9414,0.9768,0.0,0.9768,4,fraction_of_image,Right upper lobe pulmonary nodule,0.3,7.5,200
c0005_left_upper_moderate_medium,c0005,lesion,left,upper,moderate,lateral,medium,8879648,2820,2861,0,20,2820,0.18156,45,0.0781,0.1562,0.4434,0.8184,0.2607,0.3019,0.2021,0.2433,0.3193,0.3605,60,60.0,84.61,57.51,1.4711,1.7987,0.7887,0.9414,0.9489,0.0,0.9489,8,fraction_of_image,Right upper lobe pulmonary nodule,0.3,7.5,200
c0005_left_upper_on_structure_medium,c0005,lesion,left,upper,on_structure,lateral,medium,781963303,2820,2861,0,20,2820,0.18156,45,0.0781,0.1562,0.4434,0.8184,0.1518,0.3019,0.0932,0.2433,0.2104,0.3605,60,60.0,5.42,42.93,0.1262,-0.0588,1.368,0.9414,0.0,0.0,0.0,4,fraction_of_image,Right upper lobe pulmonary nodule,0.3,7.5,200
c0005_left_upper_clear_large,c0005,lesion,left,upper,clear,medial,large,1137038321,2820,2861,0,20,2820,0.18156,45,0.0781,0.1562,0.4434,0.8184,0.3461,0.3019,0.2739,0.2296,0.4184,0.3742,74,74.0,54.23,49.53,1.0951,1.4283,0.5029,0.8956,0.9659,0.0,0.9659,4,fraction_of_image,Right upper lobe pulmonary nodule,0.3,7.5,200
c0005_left_upper_clear_large__null,c0005,null_edit,left,upper,clear,medial,large,1137038321,2820,2861,0,20,2820,0.18156,45,0.0781,0.1562,0.4434,0.8184,0.3461,0.3019,0.2739,0.2296,0.4184,0.3742,74,74.0,8.89,49.53,0.1794,0.1011,0.5029,0.8956,0.0,0.0,0.0,3,fraction_of_image,"Normal right lung parenchyma, no focal abnormality",0.3,7.5,200
c0005_left_upper_moderate_large,c0005,lesion,left,upper,moderate,lateral,large,688870075,2820,2861,0,20,2820,0.18156,45,0.0781,0.1562,0.4434,0.8184,0.2607,0.3019,0.1885,0.2296,0.333,0.3742,74,74.0,92.94,56.77,1.6371,1.9193,0.7983,0.8956,0.9366,0.0,0.9366,5,fraction_of_image,Right upper lobe pulmonary nodule,0.3,7.5,200
c0005_left_upper_on_structure_large,c0005,lesion,left,upper,on_structure,lateral,large,2123858726,2820,2861,0,20,2820,0.18156,45,0.0781,0.1562,0.4434,0.8184,0.1754,0.3019,0.1031,0.2296,0.2476,0.3742,74,74.0,5.36,49.12,0.1091,-0.0133,1.3614,0.8956,0.0,0.0,0.0,5,fraction_of_image,Right upper lobe pulmonary nodule,0.3,7.5,200
c0005_left_mid_clear_small,c0005,lesion,left,mid,clear,medial,small,1045821375,2820,2861,0,20,2820,0.18156,45,0.0781,0.1562,0.4434,0.8184,0.3145,0.4873,0.2686,0.4414,0.3604,0.5332,47,47.0,70.19,24.96,2.8117,3.7596,0.6493,1.1096,0.9393,0.0,0.9393,2,fraction_of_image,Right upper lobe pulmonary nodule,0.3,7.5,200
c0005_left_mid_moderate_small,c0005,lesion,left,mid,moderate,medial,small,1568759143,2820,2861,0,20,2820,0.18156,45,0.0781,0.1562,0.4434,0.8184,0.3683,0.4873,0.3224,0.4414,0.4142,0.5332,47,47.0,48.07,37.94,1.267,1.8322,0.772,1.1096,0.0,0.0,0.0,4,fraction_of_image,Right upper lobe pulmonary nodule,0.3,7.5,200
c0005_left_mid_on_structure_small,c0005,lesion,left,mid,on_structure,lateral,small,357831380,2820,2861,0,20,2820,0.18156,45,0.0781,0.1562,0.4434,0.8184,0.1532,0.4873,0.1073,0.4414,0.1991,0.5332,47,47.0,5.35,48.7,0.1099,-0.0856,1.4076,1.1096,0.0,0.0,0.0,3,fraction_of_image,Right upper lobe pulmonary nodule,0.3,7.5,200
c0005_left_mid_clear_medium,c0005,lesion,left,mid,clear,medial,medium,12521554,2820,2861,0,20,2820,0.18156,45,0.0781,0.1562,0.4434,0.8184,0.3092,0.4873,0.2506,0.4287,0.3678,0.5459,60,60.0,66.43,29.85,2.2255,3.0486,0.6673,0.907,0.8952,0.0,0.8952,2,fraction_of_image,Right upper lobe pulmonary nodule,0.3,7.5,200
c0005_left_mid_moderate_medium,c0005,lesion,left,mid,moderate,lateral,medium,1477979215,2820,2861,0,20,2820,0.18156,45,0.0781,0.1562,0.4434,0.8184,0.2365,0.4873,0.1779,0.4287,0.2951,0.5459,60,60.0,60.55,40.81,1.4838,1.8093,0.7561,0.907,0.9849,0.0,0.9849,4,fraction_of_image,Right upper lobe pulmonary nodule,0.3,7.5,200
c0005_left_mid_on_structure_medium,c0005,lesion,left,mid,on_structure,lateral,medium,347577208,2820,2861,0,20,2820,0.18156,45,0.0781,0.1562,0.4434,0.8184,0.1639,0.4873,0.1053,0.4287,0.2225,0.5459,60,60.0,19.96,53.74,0.3714,0.2975,1.2672,0.907,0.9526,0.0,0.9526,6,fraction_of_image,Right upper lobe pulmonary nodule,0.3,7.5,200
c0005_left_mid_clear_large,c0005,lesion,left,mid,clear,medial,large,2134196004,2820,2861,0,20,2820,0.18156,45,0.0781,0.1562,0.4434,0.8184,0.3248,0.4873,0.2525,0.415,0.3971,0.5596,74,74.0,59.32,35.6,1.6662,2.197,0.6912,0.7211,0.1985,0.0,0.1985,6,fraction_of_image,Right upper lobe pulmonary nodule,0.3,7.5,200
c0005_left_mid_clear_large__null,c0005,null_edit,left,mid,clear,medial,large,2134196004,2820,2861,0,20,2820,0.18156,45,0.0781,0.1562,0.4434,0.8184,0.3248,0.4873,0.2525,0.415,0.3971,0.5596,74,74.0,10.36,35.6,0.291,-0.0404,0.6912,0.7211,0.0,0.0,0.0,5,fraction_of_image,"Normal right lung parenchyma, no focal abnormality",0.3,7.5,200
c0005_left_mid_moderate_large,c0005,lesion,left,mid,moderate,lateral,large,77189559,2820,2861,0,20,2820,0.18156,45,0.0781,0.1562,0.4434,0.8184,0.2394,0.4873,0.1671,0.415,0.3117,0.5596,74,74.0,59.11,51.12,1.1563,1.4537,0.7643,0.7211,0.9798,0.0,0.9798,6,fraction_of_image,Right upper lobe pulmonary nodule,0.3,7.5,200
c0005_left_mid_on_structure_large,c0005,lesion,left,mid,on_structure,lateral,large,483327639,2820,2861,0,20,2820,0.18156,45,0.0781,0.1562,0.4434,0.8184,0.1754,0.4873,0.1031,0.415,0.2476,0.5596,74,74.0,33.1,54.39,0.6086,0.6241,1.155,0.7211,0.9821,0.0,0.9821,3,fraction_of_image,Right upper lobe pulmonary nodule,0.3,7.5,200
c0005_left_lower_clear_small,c0005,lesion,left,lower,clear,lateral,small,138132537,2820,2861,0,20,2820,0.18156,45,0.0781,0.1562,0.4434,0.8184,0.2339,0.6727,0.188,0.6268,0.2798,0.7186,47,47.0,26.05,44.27,0.5885,0.6388,0.6227,0.4986,0.9096,0.0,0.9096,6,fraction_of_image,Right upper lobe pulmonary nodule,0.3,7.5,200
c0005_left_lower_moderate_small,c0005,lesion,left,lower,moderate,medial,small,1038658335,2820,2861,0,20,2820,0.18156,45,0.0781,0.1562,0.4434,0.8184,0.3414,0.6727,0.2955,0.6268,0.3873,0.7186,47,47.0,10.55,43.57,0.2422,-0.1035,0.775,0.4986,0.0,0.0,0.0,3,fraction_of_image,Right upper lobe pulmonary nodule,0.3,7.5,200
c0005_left_lower_on_structure_small,c0005,lesion,left,lower,on_structure,lateral,small,1395921628,2820,2861,0,20,2820,0.18156,45,0.0781,0.1562,0.4434,0.8184,0.1398,0.6727,0.0939,0.6268,0.1857,0.7186,47,47.0,5.83,60.87,0.0957,0.0051,0.8815,0.4986,0.0,0.0,0.0,4,fraction_of_image,Right upper lobe pulmonary nodule,0.3,7.5,200
c0005_left_lower_clear_medium,c0005,lesion,left,lower,clear,lateral,medium,282500416,2820,2861,0,20,2820,0.18156,45,0.0781,0.1562,0.4434,0.8184,0.1881,0.6727,0.1295,0.6141,0.2467,0.7313,60,60.0,33.02,50.71,0.6512,0.8916,0.6506,0.298,0.9212,0.1725,0.7487,5,fraction_of_image,Right upper lobe pulmonary nodule,0.3,7.5,200
c0005_left_lower_moderate_medium,c0005,lesion,left,lower,moderate,lateral,medium,1780294462,2820,2861,0,20,2820,0.18156,45,0.0781,0.1562,0.4434,0.8184,0.1518,0.6727,0.0932,0.6141,0.2104,0.7313,60,60.0,6.76,52.05,0.1298,0.0346,0.8077,0.298,0.0,0.1725,-0.1725,5,fraction_of_image,Right upper lobe pulmonary nodule,0.3,7.5,200
c0005_left_lower_on_structure_medium,c0005,lesion,left,lower,on_structure,medial,medium,1529952528,2820,2861,0,20,2820,0.18156,45,0.0781,0.1562,0.4434,0.8184,0.3697,0.6727,0.3111,0.6141,0.4283,0.7313,60,60.0,9.08,46.3,0.1961,0.1636,0.8482,0.298,0.0,0.0,0.0,2,fraction_of_image,Right upper lobe pulmonary nodule,0.3,7.5,200
c0005_left_lower_clear_large,c0005,lesion,left,lower,clear,lateral,large,223602747,2820,2861,0,20,2820,0.18156,45,0.0781,0.1562,0.4434,0.8184,0.2074,0.6727,0.1351,0.6004,0.2796,0.745,74,74.0,35.36,52.02,0.6797,0.8779,0.7049,0.2055,0.9676,0.4985,0.4692,4,fraction_of_image,Right upper lobe pulmonary nodule,0.3,7.5,200
c0005_left_lower_clear_large__null,c0005,null_edit,left,lower,clear,lateral,large,223602747,2820,2861,0,20,2820,0.18156,45,0.0781,0.1562,0.4434,0.8184,0.2074,0.6727,0.1351,0.6004,0.2796,0.745,74,74.0,9.19,52.02,0.1766,0.1229,0.7049,0.2055,0.0804,0.4985,-0.4181,2,fraction_of_image,"Normal right lung parenchyma, no focal abnormality",0.3,7.5,200
c0005_left_lower_moderate_large,c0005,lesion,left,lower,moderate,lateral,large,1467166141,2820,2861,0,20,2820,0.18156,45,0.0781,0.1562,0.4434,0.8184,0.2607,0.6727,0.1885,0.6004,0.333,0.745,74,74.0,39.96,45.04,0.8873,1.1589,0.8286,0.2055,0.9813,0.4985,0.4828,5,fraction_of_image,Right upper lobe pulmonary nodule,0.3,7.5,200
c0005_left_lower_on_structure_large,c0005,lesion,left,lower,on_structure,medial,large,2113461084,2820,2861,0,20,2820,0.18156,45,0.0781,0.1562,0.4434,0.8184,0.2928,0.6727,0.2205,0.6004,0.365,0.745,74,74.0,43.34,45.6,0.9504,1.319,0.8737,0.2055,0.9756,0.0,0.9756,4,fraction_of_image,Right upper lobe pulmonary nodule,0.3,7.5,200
c0005_right_upper_clear_small,c0005,lesion,right,upper,clear,medial,small,637299700,2820,2861,0,20,2820,0.18156,45,0.5332,0.1406,0.8965,0.834,0.6214,0.2932,0.5755,0.2473,0.6673,0.3391,47,47.0,16.79,24.61,0.6823,0.5977,0.34,0.9988,0.0,0.0,0.0,3,fraction_of_image,Left upper lobe pulmonary nodule,0.3,7.5,200
c0005_right_upper_moderate_small,c0005,lesion,right,upper,moderate,medial,small,703880038,2820,2861,0,20,2820,0.18156,45,0.5332,0.1406,0.8965,0.834,0.7148,0.2932,0.6689,0.2473,0.7607,0.3391,47,47.0,46.24,58.95,0.7843,1.0316,0.6347,0.9988,0.9813,0.0,0.9813,7,fraction_of_image,Left upper lobe pulmonary nodule,0.3,7.5,200
c0005_right_upper_on_structure_small,c0005,lesion,right,upper,on_structure,lateral,small,945374682,2820,2861,0,20,2820,0.18156,45,0.5332,0.1406,0.8965,0.834,0.7816,0.2932,0.7357,0.2473,0.8275,0.3391,47,47.0,4.54,41.61,0.109,-0.0193,1.2588,0.9988,0.0,0.0,0.0,6,fraction_of_image,Left upper lobe pulmonary nodule,0.3,7.5,200
c0005_right_upper_clear_medium,c0005,lesion,right,upper,clear,medial,medium,2081667288,2820,2861,0,20,2820,0.18156,45,0.5332,0.1406,0.8965,0.834,0.6188,0.2932,0.5602,0.2346,0.6773,0.3518,60,60.0,45.19,45.7,0.9889,1.1693,0.3605,0.9262,0.7384,0.0,0.7384,5,fraction_of_image,Left upper lobe pulmonary nodule,0.3,7.5,200
c0005_right_upper_moderate_medium,c0005,lesion,right,upper,moderate,medial,medium,1801421276,2820,2861,0,20,2820,0.18156,45,0.5332,0.1406,0.8965,0.834,0.7148,0.2932,0.6562,0.2346,0.7734,0.3518,60,60.0,48.41,62.8,0.7709,1.0713,0.6426,0.9262,0.9883,0.0,0.9883,4,fraction_of_image,Left upper lobe pulmonary nodule,0.3,7.5,200
c0005_right_upper_on_structure_medium,c0005,lesion,right,upper,on_structure,lateral,medium,733390040,2820,2861,0,20,2820,0.18156,45,0.5332,0.1406,0.8965,0.834,0.7869,0.2932,0.7283,0.2346,0.8455,0.3518,60,60.0,4.95,50.06,0.0989,0.0306,1.2485,0.9262,0.0,0.0,0.0,3,fraction_of_image,Left upper lobe pulmonary nodule,0.3,7.5,200
c0005_right_upper_clear_large,c0005,lesion,right,upper,clear,medial,large,1742643343,2820,2861,0,20,2820,0.18156,45,0.5332,0.1406,0.8965,0.834,0.6197,0.2932,0.5474,0.2209,0.6919,0.3654,74,74.0,32.92,56.76,0.5801,0.6571,0.3787,0.8734,0.9091,0.0,0.9091,6,fraction_of_image,Left upper lobe pulmonary nodule,0.3,7.5,200
c0005_right_upper_clear_large__null,c0005,null_edit,right,upper,clear,medial,large,1742643343,2820,2861,0,20,2820,0.18156,45,0.5332,0.1406,0.8965,0.834,0.6197,0.2932,0.5474,0.2209,0.6919,0.3654,74,74.0,8.71,56.76,0.1535,0.157,0.3787,0.8734,0.0,0.0,0.0,3,fraction_of_image,"Normal left lung parenchyma, no focal abnormality",0.3,7.5,200
c0005_right_upper_moderate_large,c0005,lesion,right,upper,moderate,medial,large,1539574166,2820,2861,0,20,2820,0.18156,45,0.5332,0.1406,0.8965,0.834,0.7148,0.2932,0.6426,0.2209,0.7871,0.3654,74,74.0,50.29,58.4,0.8611,1.1767,0.6565,0.8734,0.9734,0.0,0.9734,6,fraction_of_image,Left upper lobe pulmonary nodule,0.3,7.5,200
c0005_right_upper_on_structure_large,c0005,lesion,right,upper,on_structure,lateral,large,577650685,2820,2861,0,20,2820,0.18156,45,0.5332,0.1406,0.8965,0.834,0.7995,0.2932,0.7272,0.2209,0.8717,0.3654,74,74.0,8.18,52.49,0.1558,0.0547,1.2342,0.8734,0.0,0.0,0.0,5,fraction_of_image,Left upper lobe pulmonary nodule,0.3,7.5,200
c0005_right_mid_clear_small,c0005,lesion,right,mid,clear,medial,small,532428166,2820,2861,0,20,2820,0.18156,45,0.5332,0.1406,0.8965,0.834,0.6882,0.4873,0.6423,0.4414,0.7341,0.5332,47,47.0,58.88,26.31,2.2382,3.0524,0.5917,0.8801,0.9749,0.0,0.9749,6,fraction_of_image,Left upper lobe pulmonary nodule,0.3,7.5,200
c0005_right_mid_moderate_small,c0005,lesion,right,mid,moderate,medial,small,782195766,2820,2861,0,20,2820,0.18156,45,0.5332,0.1406,0.8965,0.834,0.6481,0.4873,0.6022,0.4414,0.694,0.5332,47,47.0,47.38,34.06,1.3912,1.8594,0.6944,0.8801,0.8524,0.0,0.8524,4,fraction_of_image,Left upper lobe pulmonary nodule,0.3,7.5,200
c0005_right_mid_on_structure_small,c0005,lesion,right,mid,on_structure,lateral,small,2059066492,2820,2861,0,20,2820,0.18156,45,0.5332,0.1406,0.8965,0.834,0.8216,0.4873,0.7757,0.4414,0.8675,0.5332,47,47.0,4.65,56.11,0.0828,-0.0393,1.0957,0.8801,0.0,0.0,0.0,6,fraction_of_image,Left upper lobe pulmonary nodule,0.3,7.5,200
c0005_right_mid_clear_medium,c0005,lesion,right,mid,clear,medial,medium,583029112,2820,2861,0,20,2820,0.18156,45,0.5332,0.1406,0.8965,0.834,0.7028,0.4873,0.6442,0.4287,0.7614,0.5459,60,60.0,79.16,30.61,2.5859,3.7521,0.5979,0.6845,0.9809,0.0,0.9809,3,fraction_of_image,Left upper lobe pulmonary nodule,0.3,7.5,200
c0005_right_mid_moderate_medium,c0005,lesion,right,mid,moderate,lateral,medium,1456470347,2820,2861,0,20,2820,0.18156,45,0.5332,0.1406,0.8965,0.834,0.7749,0.4873,0.7163,0.4287,0.8335,0.5459,60,60.0,8.8,61.93,0.1421,-0.0632,0.6594,0.6845,0.0,0.0,0.0,5,fraction_of_image,Left upper lobe pulmonary nodule,0.3,7.5,200
c0005_right_mid_on_structure_medium,c0005,lesion,right,mid,on_structure,lateral,medium,1923965600,2820,2861,0,20,2820,0.18156,45,0.5332,0.1406,0.8965,0.834,0.8109,0.4873,0.7523,0.4287,0.8695,0.5459,60,60.0,7.08,60.31,0.1174,-0.1228,0.9747,0.6845,0.0,0.0,0.0,1,fraction_of_image,Left upper lobe pulmonary nodule,0.3,7.5,200
c0005_right_mid_clear_large,c0005,lesion,right,mid,clear,medial,large,1294087622,2820,2861,0,20,2820,0.18156,45,0.5332,0.1406,0.8965,0.834,0.7148,0.4873,0.6426,0.415,0.7871,0.5596,74,74.0,55.78,42.45,1.314,2.0918,0.6035,0.516,0.9782,0.0,0.9782,3,fraction_of_image,Left upper lobe pulmonary nodule,0.3,7.5,200
c0005_right_mid_clear_large__null,c0005,null_edit,right,mid,clear,medial,large,1294087622,2820,2861,0,20,2820,0.18156,45,0.5332,0.1406,0.8965,0.834,0.7148,0.4873,0.6426,0.415,0.7871,0.5596,74,74.0,7.44,42.45,0.1753,0.0388,0.6035,0.516,0.0,0.0,0.0,3,fraction_of_image,"Normal left lung parenchyma, no focal abnormality",0.3,7.5,200
c0005_right_mid_moderate_large,c0005,lesion,right,mid,moderate,medial,large,192911922,2820,2861,0,20,2820,0.18156,45,0.5332,0.1406,0.8965,0.834,0.6514,0.4873,0.5791,0.415,0.7237,0.5596,74,74.0,49.88,57.63,0.8656,1.1494,0.6577,0.516,0.8465,0.0,0.8465,4,fraction_of_image,Left upper lobe pulmonary nodule,0.3,7.5,200
c0005_right_mid_on_structure_large,c0005,lesion,right,mid,on_structure,lateral,large,614396659,2820,2861,0,20,2820,0.18156,45,0.5332,0.1406,0.8965,0.834,0.7995,0.4873,0.7272,0.415,0.8717,0.5596,74,74.0,9.96,61.12,0.1629,-0.2066,0.8852,0.516,0.0,0.0,0.0,7,fraction_of_image,Left upper lobe pulmonary nodule,0.3,7.5,200
c0005_right_lower_clear_small,c0005,lesion,right,lower,clear,lateral,small,874987943,2820,2861,0,20,2820,0.18156,45,0.5332,0.1406,0.8965,0.834,0.8083,0.6814,0.7624,0.6355,0.8542,0.7273,47,47.0,8.24,48.37,0.1704,0.0155,0.6346,0.7181,0.0788,0.0,0.0788,4,fraction_of_image,Left upper lobe pulmonary nodule,0.3,7.5,200
c0005_right_lower_moderate_small,c0005,lesion,right,lower,moderate,medial,small,410778554,2820,2861,0,20,2820,0.18156,45,0.5332,0.1406,0.8965,0.834,0.7148,0.6814,0.6689,0.6355,0.7607,0.7273,47,47.0,10.42,47.94,0.2173,0.2321,1.0415,0.7181,0.0,0.0,0.0,1,fraction_of_image,Left upper lobe pulmonary nodule,0.3,7.5,200
c0005_right_lower_on_structure_small,c0005,lesion,right,lower,on_structure,medial,small,546530280,2820,2861,0,20,2820,0.18156,45,0.5332,0.1406,0.8965,0.834,0.6348,0.6814,0.5889,0.6355,0.6807,0.7273,47,47.0,5.92,27.59,0.2146,0.0431,1.283,0.7181,0.0,0.0711,-0.0711,1,fraction_of_image,Left upper lobe pulmonary nodule,0.3,7.5,200
c0005_right_lower_clear_medium,c0005,lesion,right,lower,clear,lateral,medium,1952293878,2820,2861,0,20,2820,0.18156,45,0.5332,0.1406,0.8965,0.834,0.7749,0.6814,0.7163,0.6229,0.8335,0.74,60,60.0,7.48,41.36,0.1809,0.0571,0.6526,0.624,0.0,0.0,0.0,2,fraction_of_image,Left upper lobe pulmonary nodule,0.3,7.5,200
c0005_right_lower_moderate_medium,c0005,lesion,right,lower,moderate,medial,medium,824493206,2820,2861,0,20,2820,0.18156,45,0.5332,0.1406,0.8965,0.834,0.7148,0.6814,0.6562,0.6229,0.7734,0.74,60,60.0,11.01,46.01,0.2393,0.2451,1.0183,0.624,0.0,0.0711,-0.0711,1,fraction_of_image,Left upper lobe pulmonary nodule,0.3,7.5,200
c0005_right_lower_on_structure_medium,c0005,lesion,right,lower,on_structure,medial,medium,1509017808,2820,2861,0,20,2820,0.18156,45,0.5332,0.1406,0.8965,0.834,0.6308,0.6814,0.5722,0.6229,0.6894,0.74,60,60.0,6.34,32.74,0.1936,0.0015,1.2323,0.624,0.5875,0.0711,0.5164,2,fraction_of_image,Left upper lobe pulmonary nodule,0.3,7.5,200
c0005_right_lower_clear_large,c0005,lesion,right,lower,clear,lateral,large,2130059814,2820,2861,0,20,2820,0.18156,45,0.5332,0.1406,0.8965,0.834,0.7995,0.6814,0.7272,0.6092,0.8717,0.7537,74,74.0,8.0,51.91,0.1541,0.0034,0.677,0.5363,0.0,0.0,0.0,3,fraction_of_image,Left upper lobe pulmonary nodule,0.3,7.5,200
c0005_right_lower_clear_large__null,c0005,null_edit,right,lower,clear,lateral,large,2130059814,2820,2861,0,20,2820,0.18156,45,0.5332,0.1406,0.8965,0.834,0.7995,0.6814,0.7272,0.6092,0.8717,0.7537,74,74.0,8.4,51.91,0.1617,0.0193,0.677,0.5363,0.0,0.0,0.0,4,fraction_of_image,"Normal left lung parenchyma, no focal abnormality",0.3,7.5,200
c0005_right_lower_moderate_large,c0005,lesion,right,lower,moderate,medial,large,171504216,2820,2861,0,20,2820,0.18156,45,0.5332,0.1406,0.8965,0.834,0.7148,0.6814,0.6426,0.6092,0.7871,0.7537,74,74.0,12.19,46.12,0.2642,0.2582,1.0041,0.5363,0.0673,0.0711,-0.0037,5,fraction_of_image,Left upper lobe pulmonary nodule,0.3,7.5,200
c0005_right_lower_on_structure_large,c0005,lesion,right,lower,on_structure,medial,large,1005600794,2820,2861,0,20,2820,0.18156,45,0.5332,0.1406,0.8965,0.834,0.662,0.6814,0.5897,0.6092,0.7342,0.7537,74,74.0,9.36,48.56,0.1927,0.1447,1.1907,0.5363,0.0555,0.0711,-0.0155,2,fraction_of_image,Left upper lobe pulmonary nodule,0.3,7.5,200
c0006_left_upper_clear_small,c0006,lesion,left,upper,clear,medial,small,456077643,1716,1768,0,26,1716,0.29837,40,0.1836,0.1113,0.4863,0.6719,0.3762,0.2346,0.3303,0.1888,0.4221,0.2805,47,47.0,53.26,32.8,1.624,2.1377,0.502,1.1608,0.9624,0.0,0.9624,1,fraction_of_image,Right upper lobe pulmonary nodule,0.3,7.5,200
c0006_left_upper_moderate_small,c0006,lesion,left,upper,moderate,lateral,small,1724182408,1716,1768,0,26,1716,0.29837,40,0.1836,0.1113,0.4863,0.6719,0.3143,0.2346,0.2684,0.1888,0.3602,0.2805,47,47.0,58.76,61.84,0.9502,1.3118,0.7355,1.1608,0.9667,0.0,0.9667,1,fraction_of_image,Right upper lobe pulmonary nodule,0.3,7.5,200
c0006_left_upper_on_structure_small,c0006,lesion,left,upper,on_structure,lateral,small,1184138886,1716,1768,0,26,1716,0.29837,40,0.1836,0.1113,0.4863,0.6719,0.2318,0.2346,0.1859,0.1888,0.2777,0.2805,47,47.0,11.35,44.46,0.2553,0.0885,1.6117,1.1608,0.0,0.0,0.0,0,fraction_of_image,Right upper lobe pulmonary nodule,0.3,7.5,200
c0006_left_upper_clear_medium,c0006,lesion,left,upper,clear,medial,medium,1234393580,1716,1768,0,26,1716,0.29837,40,0.1836,0.1113,0.4863,0.6719,0.3799,0.2346,0.3213,0.1761,0.4385,0.2932,60,60.0,58.65,44.63,1.314,1.7139,0.5515,1.0214,0.9272,0.0,0.9272,2,fraction_of_image,Right upper lobe pulmonary nodule,0.3,7.5,200
c0006_left_upper_moderate_medium,c0006,lesion,left,upper,moderate,lateral,medium,621293381,1716,1768,0,26,1716,0.29837,40,0.1836,0.1113,0.4863,0.6719,0.326,0.2346,0.2674,0.1761,0.3846,0.2932,60,60.0,59.31,54.2,1.0944,1.4783,0.6991,1.0214,0.8727,0.0,0.8727,3,fraction_of_image,Right upper lobe pulmonary nodule,0.3,7.5,200
c0006_left_upper_on_structure_medium,c0006,lesion,left,upper,on_structure,lateral,medium,1631236559,1716,1768,0,26,1716,0.29837,40,0.1836,0.1113,0.4863,0.6719,0.2631,0.2346,0.2045,0.1761,0.3217,0.2932,60,60.0,37.68,54.14,0.6959,0.7071,1.459,1.0214,0.9262,0.0,0.9262,1,fraction_of_image,Right upper lobe pulmonary nodule,0.3,7.5,200
c0006_left_upper_clear_large,c0006,lesion,left,upper,clear,medial,large,1876257438,1716,1768,0,26,1716,0.29837,40,0.1836,0.1113,0.4863,0.6719,0.3727,0.2346,0.3004,0.1624,0.445,0.3069,74,74.0,60.32,53.4,1.1298,1.4846,0.5945,0.8269,0.0,0.0,0.0,0,fraction_of_image,Right upper lobe pulmonary nodule,0.3,7.5,200
c0006_left_upper_clear_large__null,c0006,null_edit,left,upper,clear,medial,large,1876257438,1716,1768,0,26,1716,0.29837,40,0.1836,0.1113,0.4863,0.6719,0.3727,0.2346,0.3004,0.1624,0.445,0.3069,74,74.0,10.31,53.4,0.1932,0.2,0.5945,0.8269,0.0,0.0,0.0,0,fraction_of_image,"Normal right lung parenchyma, no focal abnormality",0.3,7.5,200
c0006_left_upper_moderate_large,c0006,lesion,left,upper,moderate,lateral,large,1515760195,1716,1768,0,26,1716,0.29837,40,0.1836,0.1113,0.4863,0.6719,0.335,0.2346,0.2627,0.1624,0.4072,0.3069,74,74.0,67.88,50.46,1.3451,1.6823,0.6955,0.8269,0.8094,0.0,0.8094,2,fraction_of_image,Right upper lobe pulmonary nodule,0.3,7.5,200
c0006_left_upper_on_structure_large,c0006,lesion,left,upper,on_structure,lateral,large,1398336247,1716,1768,0,26,1716,0.29837,40,0.1836,0.1113,0.4863,0.6719,0.2746,0.2346,0.2023,0.1624,0.3468,0.3069,74,74.0,45.83,51.21,0.8949,0.9578,1.3108,0.8269,0.9316,0.0,0.9316,1,fraction_of_image,Right upper lobe pulmonary nodule,0.3,7.5,200
c0006_left_mid_clear_small,c0006,lesion,left,mid,clear,medial,small,1610342442,1716,1768,0,26,1716,0.29837,40,0.1836,0.1113,0.4863,0.6719,0.3659,0.3916,0.32,0.3457,0.4118,0.4375,47,47.0,52.65,33.49,1.5721,2.0835,0.5541,0.61,0.9675,0.0,0.9675,2,fraction_of_image,Right upper lobe pulmonary nodule,0.3,7.5,200
c0006_left_mid_moderate_small,c0006,lesion,left,mid,moderate,lateral,small,1526748329,1716,1768,0,26,1716,0.29837,40,0.1836,0.1113,0.4863,0.6719,0.304,0.3916,0.2581,0.3457,0.3499,0.4375,47,47.0,83.59,29.95,2.791,3.6438,0.7815,0.61,0.9788,0.0,0.9788,1,fraction_of_image,Right upper lobe pulmonary nodule,0.3,7.5,200
c0006_left_mid_on_structure_small,c0006,lesion,left,mid,on_structure,lateral,small,1790018175,1716,1768,0,26,1716,0.29837,40,0.1836,0.1113,0.4863,0.6719,0.2524,0.3916,0.2065,0.3457,0.2983,0.4375,47,47.0,42.08,53.85,0.7814,0.9871,0.9711,0.61,0.9763,0.0,0.9763,1,fraction_of_image,Right upper lobe pulmonary nodule,0.3,7.5,200
c0006_left_mid_clear_medium,c0006,lesion,left,mid,clear,medial,medium,733820186,1716,1768,0,26,1716,0.29837,40,0.1836,0.1113,0.4863,0.6719,0.3619,0.3916,0.3033,0.333,0.4205,0.4502,60,60.0,68.37,31.28,2.1856,2.7405,0.5287,0.5352,0.9792,0.0,0.9792,2,fraction_of_image,Right upper lobe pulmonary nodule,0.3,7.5,200
c0006_left_mid_moderate_medium,c0006,lesion,left,mid,moderate,lateral,medium,119811071,1716,1768,0,26,1716,0.29837,40,0.1836,0.1113,0.4863,0.6719,0.317,0.3916,0.2584,0.333,0.3756,0.4502,60,60.0,72.04,32.53,2.2146,2.9517,0.7135,0.5352,0.9813,0.0,0.9813,1,fraction_of_image,Right upper lobe pulmonary nodule,0.3,7.5,200
c0006_left_mid_on_structure_medium,c0006,lesion,left,mid,on_structure,lateral,medium,164502184,1716,1768,0,26,1716,0.29837,40,0.1836,0.1113,0.4863,0.6719,0.2631,0.3916,0.2045,0.333,0.3217,0.4502,60,60.0,51.45,58.96,0.8726,1.1128,0.9626,0.5352,0.981,0.0,0.981,1,fraction_of_image,Right upper lobe pulmonary nodule,0.3,7.5,200
c0006_left_mid_clear_large,c0006,lesion,left,mid,clear,medial,large,770413304,1716,1768,0,26,1716,0.29837,40,0.1836,0.1113,0.4863,0.6719,0.3803,0.3916,0.308,0.3193,0.4525,0.4639,74,74.0,61.92,41.04,1.5086,1.9989,0.5339,0.4878,0.8752,0.0,0.8752,2,fraction_of_image,Right upper lobe pulmonary nodule,0.3,7.5,200
c0006_left_mid_clear_large__null,c0006,null_edit,left,mid,clear,medial,large,770413304,1716,1768,0,26,1716,0.29837,40,0.1836,0.1113,0.4863,0.6719,0.3803,0.3916,0.308,0.3193,0.4525,0.4639,74,74.0,10.69,41.04,0.2604,0.1987,0.5339,0.4878,0.0,0.0,0.0,0,fraction_of_image,"Normal right lung parenchyma, no focal abnormality",0.3,7.5,200
c0006_left_mid_moderate_large,c0006,lesion,left,mid,moderate,medial,large,883724403,1716,1768,0,26,1716,0.29837,40,0.1836,0.1113,0.4863,0.6719,0.4029,0.3916,0.3306,0.3193,0.4752,0.4639,74,74.0,56.6,53.03,1.0673,1.4505,0.6654,0.4878,0.0657,0.0,0.0657,1,fraction_of_image,Right upper lobe pulmonary nodule,0.3,7.5,200
c0006_left_mid_on_structure_large,c0006,lesion,left,mid,on_structure,lateral,large,858306557,1716,1768,0,26,1716,0.29837,40,0.1836,0.1113,0.4863,0.6719,0.2746,0.3916,0.2023,0.3193,0.3468,0.4639,74,74.0,62.58,60.83,1.0286,1.2882,0.944,0.4878,0.9833,0.0,0.9833,1,fraction_of_image,Right upper lobe pulmonary nodule,0.3,7.5,200
c0006_left_lower_clear_small,c0006,lesion,left,lower,clear,medial,small,1575327087,1716,1768,0,26,1716,0.29837,40,0.1836,0.1113,0.4863,0.6719,0.3556,0.5486,0.3097,0.5027,0.4015,0.5945,47,47.0,55.44,27.49,2.0169,2.6674,0.7329,0.3032,0.98,0.0,0.98,1,fraction_of_image,Right upper lobe pulmonary nodule,0.3,7.5,200
c0006_left_lower_moderate_small,c0006,lesion,left,lower,moderate,lateral,small,1303090654,1716,1768,0,26,1716,0.29837,40,0.1836,0.1113,0.4863,0.6719,0.3143,0.5486,0.2684,0.5027,0.3602,0.5945,47,47.0,70.77,23.85,2.968,3.9602,0.8779,0.3032,0.991,0.0,0.991,1,fraction_of_image,Right upper lobe pulmonary nodule,0.3,7.5,200
c0006_left_lower_on_structure_small,c0006,lesion,left,lower,on_structure,lateral,small,1905935388,1716,1768,0,26,1716,0.29837,40,0.1836,0.1113,0.4863,0.6719,0.2318,0.5486,0.1859,0.5027,0.2777,0.5945,47,47.0,18.71,57.36,0.3262,0.3392,1.0137,0.3032,0.9791,0.0,0.9791,2,fraction_of_image,Right upper lobe pulmonary nodule,0.3,7.5,200
c0006_left_lower_clear_medium,c0006,lesion,left,lower,clear,medial,medium,1193058890,1716,1768,0,26,1716,0.29837,40,0.1836,0.1113,0.4863,0.6719,0.3799,0.5486,0.3213,0.49,0.4385,0.6071,60,60.0,62.39,33.65,1.8541,2.5092,0.7576,0.238,0.9684,0.0,0.9684,1,fraction_of_image,Right upper lobe pulmonary nodule,0.3,7.5,200
c0006_left_lower_moderate_medium,c0006,lesion,left,lower,moderate,lateral,medium,1133681652,1716,1768,0,26,1716,0.29837,40,0.1836,0.1113,0.4863,0.6719,0.326,0.5486,0.2674,0.49,0.3846,0.6071,60,60.0,76.95,26.25,2.9314,3.7698,0.8629,0.238,0.9913,0.0,0.9913,1,fraction_of_image,Right upper lobe pulmonary nodule,0.3,7.5,200
c0006_left_lower_on_structure_medium,c0006,lesion,left,lower,on_structure,lateral,medium,186897199,1716,1768,0,26,1716,0.29837,40,0.1836,0.1113,0.4863,0.6719,0.2721,0.5486,0.2135,0.49,0.3307,0.6071,60,60.0,67.76,41.02,1.6518,2.079,0.9881,0.238,0.9857,0.0,0.9857,1,fraction_of_image,Right upper lobe pulmonary nodule,0.3,7.5,200
c0006_left_lower_clear_large,c0006,lesion,left,lower,clear,medial,large,593169912,1716,1768,0,26,1716,0.29837,40,0.1836,0.1113,0.4863,0.6719,0.4029,0.5486,0.3306,0.4763,0.4752,0.6208,74,74.0,48.64,49.04,0.9918,1.3207,0.7698,0.2036,0.8189,0.0,0.8189,1,fraction_of_image,Right upper lobe pulmonary nodule,0.3,7.5,200
c0006_left_lower_clear_large__null,c0006,null_edit,left,lower,clear,medial,large,593169912,1716,1768,0,26,1716,0.29837,40,0.1836,0.1113,0.4863,0.6719,0.4029,0.5486,0.3306,0.4763,0.4752,0.6208,74,74.0,13.72,49.04,0.2796,0.2436,0.7698,0.2036,0.0,0.0,0.0,0,fraction_of_image,"Normal right lung parenchyma, no focal abnormality",0.3,7.5,200
c0006_left_lower_moderate_large,c0006,lesion,left,lower,moderate,lateral,large,947196773,1716,1768,0,26,1716,0.29837,40,0.1836,0.1113,0.4863,0.6719,0.335,0.5486,0.2627,0.4763,0.4072,0.6208,74,74.0,76.87,35.08,2.1916,2.8261,0.8587,0.2036,0.9799,0.0,0.9799,1,fraction_of_image,Right upper lobe pulmonary nodule,0.3,7.5,200
c0006_left_lower_on_structure_large,c0006,lesion,left,lower,on_structure,lateral,large,175723812,1716,1768,0,26,1716,0.29837,40,0.1836,0.1113,0.4863,0.6719,0.2746,0.5486,0.2023,0.4763,0.3468,0.6208,74,74.0,67.98,53.06,1.2814,1.632,0.9513,0.2036,0.9818,0.0,0.9818,1,fraction_of_image,Right upper lobe pulmonary nodule,0.3,7.5,200
c0006_right_upper_clear_small,c0006,lesion,right,upper,clear,medial,small,1013589812,1716,1768,0,26,1716,0.29837,40,0.5723,0.1172,0.8945,0.748,0.6995,0.256,0.6536,0.2101,0.7454,0.3019,47,47.0,61.9,25.1,2.4662,3.2604,0.5,0.9961,0.9777,0.0,0.9777,3,fraction_of_image,Left upper lobe pulmonary nodule,0.3,7.5,200
c0006_right_upper_moderate_small,c0006,lesion,right,upper,moderate,medial,small,1549642871,1716,1768,0,26,1716,0.29837,40,0.5723,0.1172,0.8945,0.748,0.6318,0.256,0.5859,0.2101,0.6777,0.3019,47,47.0,61.95,42.49,1.458,1.7967,0.5923,0.9961,0.9652,0.0,0.9652,1,fraction_of_image,Left upper lobe pulmonary nodule,0.3,7.5,200
c0006_right_upper_on_structure_small,c0006,lesion,right,upper,on_structure,lateral,small,1159631400,1716,1768,0,26,1716,0.29837,40,0.5723,0.1172,0.8945,0.748,0.8463,0.256,0.8004,0.2101,0.8922,0.3019,47,47.0,5.38,36.35,0.1481,-0.0613,1.4689,0.9961,0.0,0.0,0.0,0,fraction_of_image,Left upper lobe pulmonary nodule,0.3,7.5,200
c0006_right_upper_clear_medium,c0006,lesion,right,upper,clear,medial,medium,708532851,1716,1768,0,26,1716,0.29837,40,0.5723,0.1172,0.8945,0.748,0.7135,0.256,0.6549,0.1974,0.7721,0.3146,60,60.0,71.81,48.99,1.4656,1.8495,0.4987,0.9756,0.9703,0.0,0.9703,1,fraction_of_image,Left upper lobe pulmonary nodule,0.3,7.5,200
c0006_right_upper_moderate_medium,c0006,lesion,right,upper,moderate,medial,medium,149180990,1716,1768,0,26,1716,0.29837,40,0.5723,0.1172,0.8945,0.748,0.6438,0.256,0.5852,0.1974,0.7023,0.3146,60,60.0,65.97,51.01,1.2933,1.6107,0.5664,0.9756,0.9156,0.0,0.9156,1,fraction_of_image,Left upper lobe pulmonary nodule,0.3,7.5,200
c0006_right_upper_on_structure_medium,c0006,lesion,right,upper,on_structure,lateral,medium,1674721170,1716,1768,0,26,1716,0.29837,40,0.5723,0.1172,0.8945,0.748,0.8131,0.256,0.7545,0.1974,0.8717,0.3146,60,60.0,6.63,48.28,0.1374,0.0437,1.371,0.9756,0.0,0.0,0.0,0,fraction_of_image,Left upper lobe pulmonary nodule,0.3,7.5,200
c0006_right_upper_clear_large,c0006,lesion,right,upper,clear,medial,large,349753442,1716,1768,0,26,1716,0.29837,40,0.5723,0.1172,0.8945,0.748,0.6822,0.256,0.61,0.1837,0.7545,0.3282,74,74.0,74.45,49.73,1.4969,1.927,0.5073,0.852,0.8869,0.0,0.8869,3,fraction_of_image,Left upper lobe pulmonary nodule,0.3,7.5,200
c0006_right_upper_clear_large__null,c0006,null_edit,right,upper,clear,medial,large,349753442,1716,1768,0,26,1716,0.29837,40,0.5723,0.1172,0.8945,0.748,0.6822,0.256,0.61,0.1837,0.7545,0.3282,74,74.0,11.5,49.73,0.2312,0.2503,0.5073,0.852,0.0,0.0,0.0,1,fraction_of_image,"Normal left lung parenchyma, no focal abnormality",0.3,7.5,200
c0006_right_upper_moderate_large,c0006,lesion,right,upper,moderate,medial,large,1487147873,1716,1768,0,26,1716,0.29837,40,0.5723,0.1172,0.8945,0.748,0.7334,0.256,0.6611,0.1837,0.8057,0.3282,74,74.0,63.25,53.52,1.1818,1.5325,0.5606,0.852,0.9294,0.0,0.9294,2,fraction_of_image,Left upper lobe pulmonary nodule,0.3,7.5,200
c0006_right_upper_on_structure_large,c0006,lesion,right,upper,on_structure,lateral,large,1990074090,1716,1768,0,26,1716,0.29837,40,0.5723,0.1172,0.8945,0.748,0.8016,0.256,0.7293,0.1837,0.8739,0.3282,74,74.0,7.58,49.49,0.1531,-0.0237,1.2193,0.852,0.8468,0.0,0.8468,1,fraction_of_image,Left upper lobe pulmonary nodule,0.3,7.5,200
c0006_right_mid_clear_small,c0006,lesion,right,mid,clear,lateral,small,1489472618,1716,1768,0,26,1716,0.29837,40,0.5723,0.1172,0.8945,0.748,0.7447,0.4326,0.6988,0.3867,0.7906,0.4785,47,47.0,43.41,29.3,1.4819,1.9825,0.4882,0.9986,0.8609,0.0,0.8609,2,fraction_of_image,Left upper lobe pulmonary nodule,0.3,7.5,200
c0006_right_mid_moderate_small,c0006,lesion,right,mid,moderate,medial,small,1241730173,1716,1768,0,26,1716,0.29837,40,0.5723,0.1172,0.8945,0.748,0.6656,0.4326,0.6197,0.3867,0.7115,0.4785,47,47.0,59.66,38.94,1.532,1.9142,0.7126,0.9986,0.6586,0.0,0.6586,1,fraction_of_image,Left upper lobe pulmonary nodule,0.3,7.5,200
c0006_right_mid_on_structure_small,c0006,lesion,right,mid,on_structure,lateral,small,341091193,1716,1768,0,26,1716,0.29837,40,0.5723,0.1172,0.8945,0.748,0.8238,0.4326,0.7779,0.3867,0.8696,0.4785,47,47.0,38.02,52.76,0.7206,0.955,1.136,0.9986,0.9459,0.0,0.9459,3,fraction_of_image,Left upper lobe pulmonary nodule,0.3,7.5,200
c0006_right_mid_clear_medium,c0006,lesion,right,mid,clear,medial,medium,1951256913,1716,1768,0,26,1716,0.29837,40,0.5723,0.1172,0.8945,0.748,0.7234,0.4326,0.6648,0.374,0.782,0.4912,60,60.0,58.69,33.7,1.7414,2.3386,0.531,0.7599,0.9737,0.0,0.9737,1,fraction_of_image,Left upper lobe pulmonary nodule,0.3,7.5,200
c0006_right_mid_moderate_medium,c0006,lesion,right,mid,moderate,medial,medium,1044630384,1716,1768,0,26,1716,0.29837,40,0.5723,0.1172,0.8945,0.748,0.6736,0.4326,0.615,0.374,0.7322,0.4912,60,60.0,62.77,48.42,1.2964,1.7191,0.6737,0.7599,0.9325,0.0,0.9325,1,fraction_of_image,Left upper lobe pulmonary nodule,0.3,7.5,200
c0006_right_mid_on_structure_medium,c0006,lesion,right,mid,on_structure,lateral,medium,1142664427,1716,1768,0,26,1716,0.29837,40,0.5723,0.1172,0.8945,0.748,0.8131,0.4326,0.7545,0.374,0.8717,0.4912,60,60.0,41.0,54.67,0.75,1.0455,1.0109,0.7599,0.925,0.0,0.925,1,fraction_of_image,Left upper lobe pulmonary nodule,0.3,7.5,200
c0006_right_mid_clear_large,c0006,lesion,right,mid,clear,medial,large,750025688,1716,1768,0,26,1716,0.29837,40,0.5723,0.1172,0.8945,0.748,0.7163,0.4326,0.6441,0.3604,0.7886,0.5049,74,74.0,63.37,38.36,1.6521,2.2515,0.5564,0.55,0.9409,0.0,0.9409,1,fraction_of_image,Left upper lobe pulmonary nodule,0.3,7.5,200
c0006_right_mid_clear_large__null,c0006,null_edit,right,mid,clear,medial,large,750025688,1716,1768,0,26,1716,0.29837,40,0.5723,0.1172,0.8945,0.748,0.7163,0.4326,0.6441,0.3604,0.7886,0.5049,74,74.0,12.43,38.36,0.3242,0.2817,0.5564,0.55,0.0,0.0,0.0,0,fraction_of_image,"Normal left lung parenchyma, no focal abnormality",0.3,7.5,200
c0006_right_mid_moderate_large,c0006,lesion,right,mid,moderate,lateral,large,2090576260,1716,1768,0,26,1716,0.29837,40,0.5723,0.1172,0.8945,0.748,0.7675,0.4326,0.6952,0.3604,0.8398,0.5049,74,74.0,58.3,55.47,1.051,1.354,0.6676,0.55,0.9405,0.0,0.9405,1,fraction_of_image,Left upper lobe pulmonary nodule,0.3,7.5,200
c0006_right_mid_on_structure_large,c0006,lesion,right,mid,on_structure,lateral,large,1838455901,1716,1768,0,26,1716,0.29837,40,0.5723,0.1172,0.8945,0.748,0.8016,0.4326,0.7293,0.3604,0.8739,0.5049,74,74.0,50.43,54.26,0.9293,1.2689,0.9047,0.55,0.925,0.0,0.925,1,fraction_of_image,Left upper lobe pulmonary nodule,0.3,7.5,200
c0006_right_lower_clear_small,c0006,lesion,right,lower,clear,lateral,small,2061129128,1716,1768,0,26,1716,0.29837,40,0.5723,0.1172,0.8945,0.748,0.7673,0.6093,0.7214,0.5634,0.8132,0.6552,47,47.0,7.86,35.63,0.2205,0.0473,0.6024,0.8292,0.0,0.0,0.0,0,fraction_of_image,Left upper lobe pulmonary nodule,0.3,7.5,200
c0006_right_lower_moderate_small,c0006,lesion,right,lower,moderate,lateral,small,969294907,1716,1768,0,26,1716,0.29837,40,0.5723,0.1172,0.8945,0.748,0.835,0.6093,0.7891,0.5634,0.8809,0.6552,47,47.0,27.79,58.68,0.4737,0.6525,1.0037,0.8292,0.9497,0.0,0.9497,2,fraction_of_image,Left upper lobe pulmonary nodule,0.3,7.5,200
c0006_right_lower_on_structure_small,c0006,lesion,right,lower,on_structure,medial,small,2048520189,1716,1768,0,26,1716,0.29837,40,0.5723,0.1172,0.8945,0.748,0.6543,0.6093,0.6084,0.5634,0.7002,0.6552,47,47.0,11.31,44.98,0.2514,0.1739,1.3874,0.8292,0.8599,0.0,0.8599,1,fraction_of_image,Left upper lobe pulmonary nodule,0.3,7.5,200
c0006_right_lower_clear_medium,c0006,lesion,right,lower,clear,lateral,medium,40101298,1716,1768,0,26,1716,0.29837,40,0.5723,0.1172,0.8945,0.748,0.7434,0.6093,0.6848,0.5507,0.802,0.6679,60,60.0,25.24,42.83,0.5893,0.848,0.6551,0.7534,0.0,0.0,0.0,0,fraction_of_image,Left upper lobe pulmonary nodule,0.3,7.5,200
c0006_right_lower_moderate_medium,c0006,lesion,right,lower,moderate,lateral,medium,1711261581,1716,1768,0,26,1716,0.29837,40,0.5723,0.1172,0.8945,0.748,0.823,0.6093,0.7645,0.5507,0.8816,0.6679,60,60.0,27.56,58.93,0.4678,0.6789,0.9228,0.7534,0.9797,0.0,0.9797,1,fraction_of_image,Left upper lobe pulmonary nodule,0.3,7.5,200
c0006_right_lower_on_structure_medium,c0006,lesion,right,lower,on_structure,medial,medium,1566159111,1716,1768,0,26,1716,0.29837,40,0.5723,0.1172,0.8945,0.748,0.6438,0.6093,0.5852,0.5507,0.7023,0.6679,60,60.0,11.98,53.08,0.2256,0.1305,1.351,0.7534,0.9141,0.0,0.9141,2,fraction_of_image,Left upper lobe pulmonary nodule,0.3,7.5,200
c0006_right_lower_clear_large,c0006,lesion,right,lower,clear,lateral,large,1541832782,1716,1768,0,26,1716,0.29837,40,0.5723,0.1172,0.8945,0.748,0.776,0.6093,0.7038,0.537,0.8483,0.6815,74,74.0,34.13,43.71,0.7807,0.9761,0.6854,0.674,0.9615,0.0,0.9615,2,fraction_of_image,Left upper lobe pulmonary nodule,0.3,7.5,200
c0006_right_lower_clear_large__null,c0006,null_edit,right,lower,clear,lateral,large,1541832782,1716,1768,0,26,1716,0.29837,40,0.5723,0.1172,0.8945,0.748,0.776,0.6093,0.7038,0.537,0.8483,0.6815,74,74.0,10.91,43.71,0.2497,0.2101,0.6854,0.674,0.0,0.0,0.0,0,fraction_of_image,"Normal left lung parenchyma, no focal abnormality",0.3,7.5,200
c0006_right_lower_moderate_large,c0006,lesion,right,lower,moderate,medial,large,1693747753,1716,1768,0,26,1716,0.29837,40,0.5723,0.1172,0.8945,0.748,0.7249,0.6093,0.6526,0.537,0.7971,0.6815,74,74.0,29.61,44.74,0.6619,0.9058,0.8584,0.674,0.2804,0.0,0.2804,1,fraction_of_image,Left upper lobe pulmonary nodule,0.3,7.5,200
c0006_right_lower_on_structure_large,c0006,lesion,right,lower,on_structure,medial,large,10062953,1716,1768,0,26,1716,0.29837,40,0.5723,0.1172,0.8945,0.748,0.6652,0.6093,0.5929,0.537,0.7375,0.6815,74,74.0,21.12,61.55,0.3431,0.3473,1.3171,0.674,0.1647,0.0,0.1647,1,fraction_of_image,Left upper lobe pulmonary nodule,0.3,7.5,200
c0007_left_upper_clear_small,c0007,lesion,left,upper,clear,medial,small,1852691390,3056,2517,269,0,2517,0.20342,40,0.084,0.1328,0.4199,0.6914,0.3118,0.2557,0.2659,0.2098,0.3577,0.3016,47,47.0,58.65,33.4,1.7561,2.2793,0.5779,0.9136,0.9751,0.0,0.9751,2,fraction_of_image,Right upper lobe pulmonary nodule,0.3,7.5,200
c0007_left_upper_moderate_small,c0007,lesion,left,upper,moderate,lateral,small,1344474315,3056,2517,269,0,2517,0.20342,40,0.084,0.1328,0.4199,0.6914,0.216,0.2557,0.1701,0.2098,0.2619,0.3016,47,47.0,14.8,55.64,0.266,0.012,0.701,0.9136,0.46,0.0,0.46,1,fraction_of_image,Right upper lobe pulmonary nodule,0.3,7.5,200
c0007_left_upper_on_structure_small,c0007,lesion,left,upper,on_structure,lateral,small,1683561532,3056,2517,269,0,2517,0.20342,40,0.084,0.1328,0.4199,0.6914,0.1561,0.2557,0.1102,0.2098,0.202,0.3016,47,47.0,5.13,44.42,0.1155,0.0338,1.3377,0.9136,0.0,0.0,0.0,0,fraction_of_image,Right upper lobe pulmonary nodule,0.3,7.5,200
c0007_left_upper_clear_medium,c0007,lesion,left,upper,clear,medial,medium,924060469,3056,2517,269,0,2517,0.20342,40,0.084,0.1328,0.4199,0.6914,0.2732,0.2557,0.2146,0.1971,0.3318,0.3143,60,60.0,47.48,42.56,1.1156,1.5085,0.5799,0.8026,0.9675,0.0,0.9675,2,fraction_of_image,Right upper lobe pulmonary nodule,0.3,7.5,200
c0007_left_upper_moderate_medium,c0007,lesion,left,upper,moderate,lateral,medium,2075376132,3056,2517,269,0,2517,0.20342,40,0.084,0.1328,0.4199,0.6914,0.22,0.2557,0.1614,0.1971,0.2786,0.3143,60,60.0,20.29,57.45,0.3532,0.186,0.6923,0.8026,0.9551,0.0,0.9551,2,fraction_of_image,Right upper lobe pulmonary nodule,0.3,7.5,200
c0007_left_upper_on_structure_medium,c0007,lesion,left,upper,on_structure,lateral,medium,223063255,3056,2517,269,0,2517,0.20342,40,0.084,0.1328,0.4199,0.6914,0.1668,0.2557,0.1082,0.1971,0.2254,0.3143,60,60.0,7.99,49.49,0.1614,-0.0399,1.1996,0.8026,0.0,0.0,0.0,0,fraction_of_image,Right upper lobe pulmonary nodule,0.3,7.5,200
c0007_left_upper_clear_large,c0007,lesion,left,upper,clear,medial,large,2006463899,3056,2517,269,0,2517,0.20342,40,0.084,0.1328,0.4199,0.6914,0.2612,0.2557,0.1889,0.1834,0.3334,0.328,74,74.0,43.67,54.77,0.7974,0.9817,0.5817,0.6518,0.8654,0.0,0.8654,3,fraction_of_image,Right upper lobe pulmonary nodule,0.3,7.5,200
c0007_left_upper_clear_large__null,c0007,null_edit,left,upper,clear,medial,large,2006463899,3056,2517,269,0,2517,0.20342,40,0.084,0.1328,0.4199,0.6914,0.2612,0.2557,0.1889,0.1834,0.3334,0.328,74,74.0,9.97,54.77,0.1821,-0.0097,0.5817,0.6518,0.0,0.0,0.0,1,fraction_of_image,"Normal right lung parenchyma, no focal abnormality",0.3,7.5,200
c0007_left_upper_moderate_large,c0007,lesion,left,upper,moderate,lateral,large,444003383,3056,2517,269,0,2517,0.20342,40,0.084,0.1328,0.4199,0.6914,0.2243,0.2557,0.1521,0.1834,0.2966,0.328,74,74.0,21.15,55.35,0.3822,0.0683,0.6875,0.6518,0.9053,0.0,0.9053,2,fraction_of_image,Right upper lobe pulmonary nodule,0.3,7.5,200
c0007_left_upper_on_structure_large,c0007,lesion,left,upper,on_structure,lateral,large,1656138883,3056,2517,269,0,2517,0.20342,40,0.084,0.1328,0.4199,0.6914,0.1783,0.2557,0.106,0.1834,0.2505,0.328,74,74.0,10.21,58.16,0.1755,-0.089,1.0675,0.6518,0.0,0.0,0.0,0,fraction_of_image,Right upper lobe pulmonary nodule,0.3,7.5,200
c0007_left_mid_clear_small,c0007,lesion,left,mid,clear,medial,small,136814114,3056,2517,269,0,2517,0.20342,40,0.084,0.1328,0.4199,0.6914,0.2759,0.4121,0.23,0.3662,0.3218,0.458,47,47.0,26.04,47.02,0.5538,0.7188,0.5164,0.6746,0.0,0.0,0.0,1,fraction_of_image,Right upper lobe pulmonary nodule,0.3,7.5,200
c0007_left_mid_moderate_small,c0007,lesion,left,mid,moderate,lateral,small,1720664104,3056,2517,269,0,2517,0.20342,40,0.084,0.1328,0.4199,0.6914,0.204,0.4121,0.1581,0.3662,0.2499,0.458,47,47.0,37.56,36.91,1.0174,1.475,0.6933,0.6746,0.9523,0.0,0.9523,2,fraction_of_image,Right upper lobe pulmonary nodule,0.3,7.5,200
c0007_left_mid_on_structure_small,c0007,lesion,left,mid,on_structure,lateral,small,913062637,3056,2517,269,0,2517,0.20342,40,0.084,0.1328,0.4199,0.6914,0.1561,0.4121,0.1102,0.3662,0.202,0.458,47,47.0,23.75,50.06,0.4744,0.604,1.0011,0.6746,0.9795,0.0,0.9795,3,fraction_of_image,Right upper lobe pulmonary nodule,0.3,7.5,200
c0007_left_mid_clear_medium,c0007,lesion,left,mid,clear,medial,medium,785363350,3056,2517,269,0,2517,0.20342,40,0.084,0.1328,0.4199,0.6914,0.2626,0.4121,0.204,0.3535,0.3212,0.4707,60,60.0,38.14,42.45,0.8986,1.3043,0.5215,0.5452,0.4803,0.0,0.4803,2,fraction_of_image,Right upper lobe pulmonary nodule,0.3,7.5,200
c0007_left_mid_moderate_medium,c0007,lesion,left,mid,moderate,lateral,medium,1515059299,3056,2517,269,0,2517,0.20342,40,0.084,0.1328,0.4199,0.6914,0.2094,0.4121,0.1508,0.3535,0.268,0.4707,60,60.0,51.12,44.44,1.1503,1.5718,0.6708,0.5452,0.9683,0.0,0.9683,2,fraction_of_image,Right upper lobe pulmonary nodule,0.3,7.5,200
c0007_left_mid_on_structure_medium,c0007,lesion,left,mid,on_structure,lateral,medium,236180126,3056,2517,269,0,2517,0.20342,40,0.084,0.1328,0.4199,0.6914,0.1668,0.4121,0.1082,0.3535,0.2254,0.4707,60,60.0,19.46,50.79,0.3832,0.4237,0.9086,0.5452,0.5348,0.0,0.5348,1,fraction_of_image,Right upper lobe pulmonary nodule,0.3,7.5,200
c0007_left_mid_clear_large,c0007,lesion,left,mid,clear,medial,large,655969218,3056,2517,269,0,2517,0.20342,40,0.084,0.1328,0.4199,0.6914,0.2612,0.4121,0.1889,0.3398,0.3334,0.4844,74,74.0,33.83,35.65,0.9488,1.2733,0.5193,0.4236,0.9655,0.0,0.9655,3,fraction_of_image,Right upper lobe pulmonary nodule,0.3,7.5,200
c0007_left_mid_clear_large__null,c0007,null_edit,left,mid,clear,medial,large,655969218,3056,2517,269,0,2517,0.20342,40,0.084,0.1328,0.4199,0.6914,0.2612,0.4121,0.1889,0.3398,0.3334,0.4844,74,74.0,10.9,35.65,0.3056,0.0252,0.5193,0.4236,0.0,0.0,0.0,1,fraction_of_image,"Normal right lung parenchyma, no focal abnormality",0.3,7.5,200
c0007_left_mid_moderate_large,c0007,lesion,left,mid,moderate,lateral,large,1515203390,3056,2517,269,0,2517,0.20342,40,0.084,0.1328,0.4199,0.6914,0.2151,0.4121,0.1429,0.3398,0.2874,0.4844,74,74.0,48.52,51.05,0.9504,1.3247,0.6485,0.4236,0.874,0.0,0.874,2,fraction_of_image,Right upper lobe pulmonary nodule,0.3,7.5,200
c0007_left_mid_on_structure_large,c0007,lesion,left,mid,on_structure,lateral,large,2019435645,3056,2517,269,0,2517,0.20342,40,0.084,0.1328,0.4199,0.6914,0.1783,0.4121,0.106,0.3398,0.2505,0.4844,74,74.0,41.73,53.04,0.7868,1.0942,0.8211,0.4236,0.927,0.0,0.927,3,fraction_of_image,Right upper lobe pulmonary nodule,0.3,7.5,200
c0007_left_lower_clear_small,c0007,lesion,left,lower,clear,medial,small,1869965300,3056,2517,269,0,2517,0.20342,40,0.084,0.1328,0.4199,0.6914,0.3358,0.5685,0.2899,0.5226,0.3817,0.6144,47,47.0,25.75,46.06,0.5591,0.6015,0.928,0.2434,0.0,0.0,0.0,0,fraction_of_image,Right upper lobe pulmonary nodule,0.3,7.5,200
c0007_left_lower_moderate_small,c0007,lesion,left,lower,moderate,lateral,small,812334348,3056,2517,269,0,2517,0.20342,40,0.084,0.1328,0.4199,0.6914,0.216,0.5685,0.1701,0.5226,0.2619,0.6144,47,47.0,30.11,29.64,1.0159,1.4002,1.0186,0.2434,0.8943,0.0,0.8943,2,fraction_of_image,Right upper lobe pulmonary nodule,0.3,7.5,200
c0007_left_lower_on_structure_small,c0007,lesion,left,lower,on_structure,lateral,small,311087658,3056,2517,269,0,2517,0.20342,40,0.084,0.1328,0.4199,0.6914,0.1681,0.5685,0.1222,0.5226,0.214,0.6144,47,47.0,33.96,23.75,1.4298,1.7593,1.065,0.2434,0.9872,0.0,0.9872,4,fraction_of_image,Right upper lobe pulmonary nodule,0.3,7.5,200
c0007_left_lower_clear_medium,c0007,lesion,left,lower,clear,medial,medium,495846783,3056,2517,269,0,2517,0.20342,40,0.084,0.1328,0.4199,0.6914,0.3371,0.5685,0.2785,0.5099,0.3957,0.6271,60,60.0,23.9,47.4,0.5043,0.3555,0.9438,0.1203,0.1753,0.0,0.1753,2,fraction_of_image,Right upper lobe pulmonary nodule,0.3,7.5,200
c0007_left_lower_moderate_medium,c0007,lesion,left,lower,moderate,lateral,medium,1127756347,3056,2517,269,0,2517,0.20342,40,0.084,0.1328,0.4199,0.6914,0.2094,0.5685,0.1508,0.5099,0.268,0.6271,60,60.0,33.35,36.55,0.9123,1.2597,1.0004,0.1203,0.969,0.0,0.969,2,fraction_of_image,Right upper lobe pulmonary nodule,0.3,7.5,200
c0007_left_lower_on_structure_medium,c0007,lesion,left,lower,on_structure,lateral,medium,1484756649,3056,2517,269,0,2517,0.20342,40,0.084,0.1328,0.4199,0.6914,0.1668,0.5685,0.1082,0.5099,0.2254,0.6271,60,60.0,30.34,36.81,0.8242,1.0698,1.0359,0.1203,0.9819,0.0,0.9819,4,fraction_of_image,Right upper lobe pulmonary nodule,0.3,7.5,200
c0007_left_lower_clear_large,c0007,lesion,left,lower,clear,medial,large,1079832560,3056,2517,269,0,2517,0.20342,40,0.084,0.1328,0.4199,0.6914,0.2612,0.5685,0.1889,0.4963,0.3334,0.6408,74,74.0,35.2,46.06,0.7643,0.8816,0.931,0.0944,0.5613,0.0,0.5613,2,fraction_of_image,Right upper lobe pulmonary nodule,0.3,7.5,200
c0007_left_lower_clear_large__null,c0007,null_edit,left,lower,clear,medial,large,1079832560,3056,2517,269,0,2517,0.20342,40,0.084,0.1328,0.4199,0.6914,0.2612,0.5685,0.1889,0.4963,0.3334,0.6408,74,74.0,17.14,46.06,0.3722,-0.2839,0.931,0.0944,0.0,0.0,0.0,1,fraction_of_image,"Normal right lung parenchyma, no focal abnormality",0.3,7.5,200
c0007_left_lower_moderate_large,c0007,lesion,left,lower,moderate,medial,large,782636811,3056,2517,269,0,2517,0.20342,40,0.084,0.1328,0.4199,0.6914,0.2796,0.5685,0.2073,0.4963,0.3518,0.6408,74,74.0,32.84,46.96,0.6993,0.8351,0.9638,0.0944,0.1989,0.0,0.1989,2,fraction_of_image,Right upper lobe pulmonary nodule,0.3,7.5,200
c0007_left_lower_on_structure_large,c0007,lesion,left,lower,on_structure,lateral,large,740418590,3056,2517,269,0,2517,0.20342,40,0.084,0.1328,0.4199,0.6914,0.1783,0.5685,0.106,0.4963,0.2505,0.6408,74,74.0,22.98,46.29,0.4963,0.6242,1.0038,0.0944,0.7501,0.0,0.7501,1,fraction_of_image,Right upper lobe pulmonary nodule,0.3,7.5,200
c0007_right_upper_clear_small,c0007,lesion,right,upper,clear,medial,small,2084921164,3056,2517,269,0,2517,0.20342,40,0.5117,0.1328,0.832,0.7031,0.6607,0.2583,0.6148,0.2124,0.7066,0.3042,47,47.0,36.99,30.54,1.2112,1.571,0.4998,0.8238,0.564,0.0,0.564,1,fraction_of_image,Left upper lobe pulmonary nodule,0.3,7.5,200
c0007_right_upper_moderate_small,c0007,lesion,right,upper,moderate,lateral,small,931772861,3056,2517,269,0,2517,0.20342,40,0.5117,0.1328,0.832,0.7031,0.6943,0.2583,0.6484,0.2124,0.7402,0.3042,47,47.0,47.67,44.7,1.0664,1.4255,0.6988,0.8238,0.9825,0.0,0.9825,1,fraction_of_image,Left upper lobe pulmonary nodule,0.3,7.5,200
c0007_right_upper_on_structure_small,c0007,lesion,right,upper,on_structure,lateral,small,1376261694,3056,2517,269,0,2517,0.20342,40,0.5117,0.1328,0.832,0.7031,0.7614,0.2583,0.7155,0.2124,0.8073,0.3042,47,47.0,9.72,40.64,0.239,-0.0872,1.0982,0.8238,0.3641,0.0,0.3641,2,fraction_of_image,Left upper lobe pulmonary nodule,0.3,7.5,200
c0007_right_upper_clear_medium,c0007,lesion,right,upper,clear,medial,medium,1464940436,3056,2517,269,0,2517,0.20342,40,0.5117,0.1328,0.832,0.7031,0.662,0.2583,0.6034,0.1997,0.7206,0.3169,60,60.0,42.49,49.01,0.867,1.0325,0.5014,0.6887,0.4393,0.0,0.4393,1,fraction_of_image,Left upper lobe pulmonary nodule,0.3,7.5,200
c0007_right_upper_moderate_medium,c0007,lesion,right,upper,moderate,lateral,medium,785195222,3056,2517,269,0,2517,0.20342,40,0.5117,0.1328,0.832,0.7031,0.6916,0.2583,0.633,0.1997,0.7502,0.3169,60,60.0,39.59,53.43,0.741,0.998,0.6625,0.6887,0.9782,0.0,0.9782,1,fraction_of_image,Left upper lobe pulmonary nodule,0.3,7.5,200
c0007_right_upper_on_structure_medium,c0007,lesion,right,upper,on_structure,lateral,medium,2109750926,3056,2517,269,0,2517,0.20342,40,0.5117,0.1328,0.832,0.7031,0.7508,0.2583,0.6922,0.1997,0.8094,0.3169,60,60.0,12.2,46.65,0.2615,0.2538,1.0392,0.6887,0.5113,0.0,0.5113,1,fraction_of_image,Left upper lobe pulmonary nodule,0.3,7.5,200
c0007_right_upper_clear_large,c0007,lesion,right,upper,clear,medial,large,1972087948,3056,2517,269,0,2517,0.20342,40,0.5117,0.1328,0.832,0.7031,0.655,0.2583,0.5828,0.186,0.7273,0.3305,74,74.0,53.01,57.86,0.9162,1.0896,0.5368,0.5586,0.718,0.0,0.718,1,fraction_of_image,Left upper lobe pulmonary nodule,0.3,7.5,200
c0007_right_upper_clear_large__null,c0007,null_edit,right,upper,clear,medial,large,1972087948,3056,2517,269,0,2517,0.20342,40,0.5117,0.1328,0.832,0.7031,0.655,0.2583,0.5828,0.186,0.7273,0.3305,74,74.0,10.69,57.86,0.1848,-0.0001,0.5368,0.5586,0.0,0.0,0.0,0,fraction_of_image,"Normal left lung parenchyma, no focal abnormality",0.3,7.5,200
c0007_right_upper_moderate_large,c0007,lesion,right,upper,moderate,medial,large,2031037385,3056,2517,269,0,2517,0.20342,40,0.5117,0.1328,0.832,0.7031,0.596,0.2583,0.5238,0.186,0.6683,0.3305,74,74.0,42.38,64.96,0.6524,0.7828,0.6168,0.5586,0.0,0.0,0.0,0,fraction_of_image,Left upper lobe pulmonary nodule,0.3,7.5,200
c0007_right_upper_on_structure_large,c0007,lesion,right,upper,on_structure,lateral,large,1062052932,3056,2517,269,0,2517,0.20342,40,0.5117,0.1328,0.832,0.7031,0.7393,0.2583,0.667,0.186,0.8116,0.3305,74,74.0,28.84,52.73,0.547,0.7129,0.974,0.5586,0.956,0.0,0.956,2,fraction_of_image,Left upper lobe pulmonary nodule,0.3,7.5,200
c0007_right_mid_clear_small,c0007,lesion,right,mid,clear,medial,small,1193906758,3056,2517,269,0,2517,0.20342,40,0.5117,0.1328,0.832,0.7031,0.6271,0.418,0.5812,0.3721,0.673,0.4639,47,47.0,39.11,43.62,0.8967,1.2015,0.5077,0.6152,0.0,0.0,0.0,0,fraction_of_image,Left upper lobe pulmonary nodule,0.3,7.5,200
c0007_right_mid_moderate_small,c0007,lesion,right,mid,moderate,lateral,small,301586136,3056,2517,269,0,2517,0.20342,40,0.5117,0.1328,0.832,0.7031,0.7391,0.418,0.6932,0.3721,0.785,0.4639,47,47.0,26.68,37.05,0.72,0.9766,0.7115,0.6152,0.9614,0.0,0.9614,4,fraction_of_image,Left upper lobe pulmonary nodule,0.3,7.5,200
c0007_right_mid_on_structure_small,c0007,lesion,right,mid,on_structure,lateral,small,1589648749,3056,2517,269,0,2517,0.20342,40,0.5117,0.1328,0.832,0.7031,0.7838,0.418,0.7379,0.3721,0.8297,0.4639,47,47.0,9.74,54.4,0.179,-0.2065,0.868,0.6152,0.0,0.0,0.0,0,fraction_of_image,Left upper lobe pulmonary nodule,0.3,7.5,200
c0007_right_mid_clear_medium,c0007,lesion,right,mid,clear,medial,medium,1733815592,3056,2517,269,0,2517,0.20342,40,0.5117,0.1328,0.832,0.7031,0.6521,0.418,0.5936,0.3594,0.7107,0.4766,60,60.0,39.35,36.63,1.0742,1.3063,0.5367,0.4311,0.9174,0.0,0.9174,2,fraction_of_image,Left upper lobe pulmonary nodule,0.3,7.5,200
c0007_right_mid_moderate_medium,c0007,lesion,right,mid,moderate,medial,medium,1173092953,3056,2517,269,0,2517,0.20342,40,0.5117,0.1328,0.832,0.7031,0.6028,0.418,0.5442,0.3594,0.6614,0.4766,60,60.0,31.52,66.1,0.4769,0.5969,0.6626,0.4311,0.0,0.0,0.0,1,fraction_of_image,Left upper lobe pulmonary nodule,0.3,7.5,200
c0007_right_mid_on_structure_medium,c0007,lesion,right,mid,on_structure,lateral,medium,2123251021,3056,2517,269,0,2517,0.20342,40,0.5117,0.1328,0.832,0.7031,0.7705,0.418,0.7119,0.3594,0.8291,0.4766,60,60.0,12.37,54.01,0.229,0.0948,0.8073,0.4311,0.1231,0.0,0.1231,1,fraction_of_image,Left upper lobe pulmonary nodule,0.3,7.5,200
c0007_right_mid_clear_large,c0007,lesion,right,mid,clear,medial,large,1265324582,3056,2517,269,0,2517,0.20342,40,0.5117,0.1328,0.832,0.7031,0.6382,0.418,0.5659,0.3457,0.7104,0.4902,74,74.0,37.64,52.21,0.7209,0.8972,0.5553,0.2745,0.9348,0.0,0.9348,2,fraction_of_image,Left upper lobe pulmonary nodule,0.3,7.5,200
c0007_right_mid_clear_large__null,c0007,null_edit,right,mid,clear,medial,large,1265324582,3056,2517,269,0,2517,0.20342,40,0.5117,0.1328,0.832,0.7031,0.6382,0.418,0.5659,0.3457,0.7104,0.4902,74,74.0,15.79,52.21,0.3024,0.1323,0.5553,0.2745,0.0,0.0,0.0,1,fraction_of_image,"Normal left lung parenchyma, no focal abnormality",0.3,7.5,200
c0007_right_mid_moderate_large,c0007,lesion,right,mid,moderate,lateral,large,1149605894,3056,2517,269,0,2517,0.20342,40,0.5117,0.1328,0.832,0.7031,0.7056,0.418,0.6333,0.3457,0.7779,0.4902,74,74.0,43.55,44.4,0.9809,1.5109,0.6332,0.2745,0.9853,0.0,0.9853,1,fraction_of_image,Left upper lobe pulmonary nodule,0.3,7.5,200
c0007_right_mid_on_structure_large,c0007,lesion,right,mid,on_structure,medial,large,1347010202,3056,2517,269,0,2517,0.20342,40,0.5117,0.1328,0.832,0.7031,0.596,0.418,0.5238,0.3457,0.6683,0.4902,74,74.0,23.93,66.48,0.36,0.4868,0.7535,0.2745,0.0,0.0,0.0,0,fraction_of_image,Left upper lobe pulmonary nodule,0.3,7.5,200
c0007_right_lower_clear_small,c0007,lesion,right,lower,clear,lateral,small,1553693157,3056,2517,269,0,2517,0.20342,40,0.5117,0.1328,0.832,0.7031,0.7391,0.5777,0.6932,0.5318,0.785,0.6236,47,47.0,9.1,38.16,0.2385,-0.1187,0.6971,0.7683,0.0,0.0,0.0,0,fraction_of_image,Left upper lobe pulmonary nodule,0.3,7.5,200
c0007_right_lower_moderate_small,c0007,lesion,right,lower,moderate,medial,small,878714229,3056,2517,269,0,2517,0.20342,40,0.5117,0.1328,0.832,0.7031,0.5823,0.5777,0.5364,0.5318,0.6282,0.6236,47,47.0,4.27,30.85,0.1385,-0.0412,1.308,0.7683,0.0,0.0,0.0,1,fraction_of_image,Left upper lobe pulmonary nodule,0.3,7.5,200
c0007_right_lower_on_structure_small,c0007,lesion,right,lower,on_structure,medial,small,1961489770,3056,2517,269,0,2517,0.20342,40,0.5117,0.1328,0.832,0.7031,0.6607,0.5777,0.6148,0.5318,0.7066,0.6236,47,47.0,14.32,45.37,0.3155,0.4066,1.4246,0.7683,0.8352,0.0,0.8352,2,fraction_of_image,Left upper lobe pulmonary nodule,0.3,7.5,200
c0007_right_lower_clear_medium,c0007,lesion,right,lower,clear,lateral,medium,310379813,3056,2517,269,0,2517,0.20342,40,0.5117,0.1328,0.832,0.7031,0.7705,0.5777,0.7119,0.5191,0.8291,0.6362,60,60.0,7.2,51.9,0.1386,0.0625,0.7175,0.7073,0.0,0.0,0.0,1,fraction_of_image,Left upper lobe pulmonary nodule,0.3,7.5,200
c0007_right_lower_moderate_medium,c0007,lesion,right,lower,moderate,medial,medium,1563832783,3056,2517,269,0,2517,0.20342,40,0.5117,0.1328,0.832,0.7031,0.6719,0.5777,0.6133,0.5191,0.7305,0.6362,60,60.0,17.15,43.9,0.3906,0.4661,1.3148,0.7073,0.9007,0.0,0.9007,2,fraction_of_image,Left upper lobe pulmonary nodule,0.3,7.5,200
c0007_right_lower_on_structure_medium,c0007,lesion,right,lower,on_structure,medial,medium,1462362795,3056,2517,269,0,2517,0.20342,40,0.5117,0.1328,0.832,0.7031,0.6324,0.5777,0.5738,0.5191,0.691,0.6362,60,60.0,12.12,48.63,0.2492,0.2605,1.3999,0.7073,0.9522,0.0,0.9522,1,fraction_of_image,Left upper lobe pulmonary nodule,0.3,7.5,200
c0007_right_lower_clear_large,c0007,lesion,right,lower,clear,lateral,large,787311171,3056,2517,269,0,2517,0.20342,40,0.5117,0.1328,0.832,0.7031,0.7393,0.5777,0.667,0.5054,0.8116,0.6499,74,74.0,12.54,53.14,0.2359,0.0708,0.7968,0.6123,0.0,0.0,0.0,0,fraction_of_image,Left upper lobe pulmonary nodule,0.3,7.5,200
c0007_right_lower_clear_large__null,c0007,null_edit,right,lower,clear,lateral,large,787311171,3056,2517,269,0,2517,0.20342,40,0.5117,0.1328,0.832,0.7031,0.7393,0.5777,0.667,0.5054,0.8116,0.6499,74,74.0,10.06,53.14,0.1893,0.1683,0.7968,0.6123,0.0,0.0,0.0,0,fraction_of_image,"Normal left lung parenchyma, no focal abnormality",0.3,7.5,200
c0007_right_lower_moderate_large,c0007,lesion,right,lower,moderate,medial,large,1928510022,3056,2517,269,0,2517,0.20342,40,0.5117,0.1328,0.832,0.7031,0.6719,0.5777,0.5996,0.5054,0.7441,0.6499,74,74.0,13.65,48.62,0.2808,0.2862,1.2515,0.6123,0.7775,0.0,0.7775,1,fraction_of_image,Left upper lobe pulmonary nodule,0.3,7.5,200
c0007_right_lower_on_structure_large,c0007,lesion,right,lower,on_structure,medial,large,981054431,3056,2517,269,0,2517,0.20342,40,0.5117,0.1328,0.832,0.7031,0.6297,0.5777,0.5575,0.5054,0.702,0.6499,74,74.0,12.31,55.15,0.2233,0.2462,1.3583,0.6123,0.9585,0.0,0.9585,2,fraction_of_image,Left upper lobe pulmonary nodule,0.3,7.5,200
c0008_left_upper_clear_small,c0008,lesion,left,upper,clear,medial,small,1334211402,2393,2112,140,0,2112,0.24242,45,0.0215,0.1016,0.373,0.8496,0.2611,0.2661,0.2152,0.2202,0.307,0.312,47,47.0,65.02,27.18,2.3919,3.0956,0.3351,1.3435,0.9893,0.0,0.9893,3,fraction_of_image,Right upper lobe pulmonary nodule,0.3,7.5,200
c0008_left_upper_moderate_small,c0008,lesion,left,upper,moderate,lateral,small,1223894506,2393,2112,140,0,2112,0.24242,45,0.0215,0.1016,0.373,0.8496,0.1845,0.2661,0.1386,0.2202,0.2304,0.312,47,47.0,66.46,35.53,1.8704,2.5885,0.6651,1.3435,0.9874,0.0,0.9874,4,fraction_of_image,Right upper lobe pulmonary nodule,0.3,7.5,200
c0008_left_upper_on_structure_small,c0008,lesion,left,upper,on_structure,lateral,small,1936491271,2393,2112,140,0,2112,0.24242,45,0.0215,0.1016,0.373,0.8496,0.0952,0.2661,0.0493,0.2202,0.1411,0.312,47,47.0,9.3,42.03,0.2212,-0.0309,1.4338,1.3435,0.0,0.0,0.0,3,fraction_of_image,Right upper lobe pulmonary nodule,0.3,7.5,200
c0008_left_upper_clear_medium,c0008,lesion,left,upper,clear,medial,medium,1728427816,2393,2112,140,0,2112,0.24242,45,0.0215,0.1016,0.373,0.8496,0.2544,0.2661,0.1958,0.2075,0.313,0.3247,60,60.0,68.29,30.25,2.2572,2.8347,0.3771,1.1345,0.9817,0.0,0.9817,5,fraction_of_image,Right upper lobe pulmonary nodule,0.3,7.5,200
c0008_left_upper_moderate_medium,c0008,lesion,left,upper,moderate,lateral,medium,1417476545,2393,2112,140,0,2112,0.24242,45,0.0215,0.1016,0.373,0.8496,0.1858,0.2661,0.1272,0.2075,0.2444,0.3247,60,60.0,68.65,56.75,1.2097,1.6721,0.6243,1.1345,0.9783,0.0,0.9783,3,fraction_of_image,Right upper lobe pulmonary nodule,0.3,7.5,200
c0008_left_upper_on_structure_medium,c0008,lesion,left,upper,on_structure,lateral,medium,2107273685,2393,2112,140,0,2112,0.24242,45,0.0215,0.1016,0.373,0.8496,0.1059,0.2661,0.0473,0.2075,0.1645,0.3247,60,60.0,20.73,51.84,0.3999,0.3289,1.2957,1.1345,0.9644,0.0,0.9644,5,fraction_of_image,Right upper lobe pulmonary nodule,0.3,7.5,200
c0008_left_upper_clear_large,c0008,lesion,left,upper,clear,medial,large,697688846,2393,2112,140,0,2112,0.24242,45,0.0215,0.1016,0.373,0.8496,0.2272,0.2661,0.155,0.1939,0.2995,0.3384,74,74.0,76.32,46.27,1.6496,1.995,0.437,0.9371,0.9264,0.0,0.9264,6,fraction_of_image,Right upper lobe pulmonary nodule,0.3,7.5,200
c0008_left_upper_clear_large__null,c0008,null_edit,left,upper,clear,medial,large,697688846,2393,2112,140,0,2112,0.24242,45,0.0215,0.1016,0.373,0.8496,0.2272,0.2661,0.155,0.1939,0.2995,0.3384,74,74.0,10.1,46.27,0.2184,0.1494,0.437,0.9371,0.0,0.0,0.0,3,fraction_of_image,"Normal right lung parenchyma, no focal abnormality",0.3,7.5,200
c0008_left_upper_moderate_large,c0008,lesion,left,upper,moderate,lateral,large,263384421,2393,2112,140,0,2112,0.24242,45,0.0215,0.1016,0.373,0.8496,0.1873,0.2661,0.115,0.1939,0.2595,0.3384,74,74.0,78.42,62.0,1.2648,1.6199,0.6102,0.9371,0.9681,0.0,0.9681,4,fraction_of_image,Right upper lobe pulmonary nodule,0.3,7.5,200
c0008_left_upper_on_structure_large,c0008,lesion,left,upper,on_structure,lateral,large,509290394,2393,2112,140,0,2112,0.24242,45,0.0215,0.1016,0.373,0.8496,0.1173,0.2661,0.0451,0.1939,0.1896,0.3384,74,74.0,40.43,60.97,0.6631,0.708,1.1969,0.9371,0.9815,0.0,0.9815,4,fraction_of_image,Right upper lobe pulmonary nodule,0.3,7.5,200
c0008_left_mid_clear_small,c0008,lesion,left,mid,clear,lateral,small,626056309,2393,2112,140,0,2112,0.24242,45,0.0215,0.1016,0.373,0.8496,0.1462,0.4756,0.1003,0.4297,0.1921,0.5215,47,47.0,76.4,21.08,3.6248,4.4776,0.7458,0.4502,0.9854,0.0,0.9854,5,fraction_of_image,Right upper lobe pulmonary nodule,0.3,7.5,200
c0008_left_mid_moderate_small,c0008,lesion,left,mid,moderate,lateral,small,519276215,2393,2112,140,0,2112,0.24242,45,0.0215,0.1016,0.373,0.8496,0.0952,0.4756,0.0493,0.4297,0.1411,0.5215,47,47.0,32.4,51.89,0.6244,0.5234,0.8035,0.4502,0.9723,0.0,0.9723,6,fraction_of_image,Right upper lobe pulmonary nodule,0.3,7.5,200
c0008_left_mid_on_structure_small,c0008,lesion,left,mid,on_structure,medial,small,599041844,2393,2112,140,0,2112,0.24242,45,0.0215,0.1016,0.373,0.8496,0.2993,0.4756,0.2534,0.4297,0.3452,0.5215,47,47.0,53.3,39.05,1.3649,1.6465,1.1054,0.4502,0.9527,0.0,0.9527,4,fraction_of_image,Right upper lobe pulmonary nodule,0.3,7.5,200
c0008_left_mid_clear_medium,c0008,lesion,left,mid,clear,medial,medium,217587626,2393,2112,140,0,2112,0.24242,45,0.0215,0.1016,0.373,0.8496,0.2315,0.4756,0.1729,0.417,0.2901,0.5342,60,60.0,82.89,35.32,2.3469,3.0049,0.7539,0.3879,0.9876,0.0,0.9876,5,fraction_of_image,Right upper lobe pulmonary nodule,0.3,7.5,200
c0008_left_mid_moderate_medium,c0008,lesion,left,mid,moderate,lateral,medium,1010214308,2393,2112,140,0,2112,0.24242,45,0.0215,0.1016,0.373,0.8496,0.1059,0.4756,0.0473,0.417,0.1645,0.5342,60,60.0,55.74,55.51,1.004,1.2318,0.7995,0.3879,0.983,0.0,0.983,4,fraction_of_image,Right upper lobe pulmonary nodule,0.3,7.5,200
c0008_left_mid_on_structure_medium,c0008,lesion,left,mid,on_structure,medial,medium,25604922,2393,2112,140,0,2112,0.24242,45,0.0215,0.1016,0.373,0.8496,0.2887,0.4756,0.2301,0.417,0.3473,0.5342,60,60.0,67.24,42.55,1.5802,1.9227,0.989,0.3879,0.9234,0.0,0.9234,4,fraction_of_image,Right upper lobe pulmonary nodule,0.3,7.5,200
c0008_left_mid_clear_large,c0008,lesion,left,mid,clear,medial,large,226773713,2393,2112,140,0,2112,0.24242,45,0.0215,0.1016,0.373,0.8496,0.2272,0.4756,0.155,0.4033,0.2995,0.5479,74,74.0,77.89,31.14,2.5013,3.2522,0.749,0.2954,0.9428,0.0,0.9428,4,fraction_of_image,Right upper lobe pulmonary nodule,0.3,7.5,200
c0008_left_mid_clear_large__null,c0008,null_edit,left,mid,clear,medial,large,226773713,2393,2112,140,0,2112,0.24242,45,0.0215,0.1016,0.373,0.8496,0.2272,0.4756,0.155,0.4033,0.2995,0.5479,74,74.0,11.09,31.14,0.356,-0.16,0.749,0.2954,0.0,0.0,0.0,2,fraction_of_image,"Normal right lung parenchyma, no focal abnormality",0.3,7.5,200
c0008_left_mid_moderate_large,c0008,lesion,left,mid,moderate,lateral,large,1942604953,2393,2112,140,0,2112,0.24242,45,0.0215,0.1016,0.373,0.8496,0.1373,0.4756,0.0651,0.4033,0.2096,0.5479,74,74.0,71.97,53.51,1.3451,1.6744,0.8179,0.2954,0.9795,0.0,0.9795,4,fraction_of_image,Right upper lobe pulmonary nodule,0.3,7.5,200
c0008_left_mid_on_structure_large,c0008,lesion,left,mid,on_structure,medial,large,1193352072,2393,2112,140,0,2112,0.24242,45,0.0215,0.1016,0.373,0.8496,0.2772,0.4756,0.2049,0.4033,0.3495,0.5479,74,74.0,70.38,45.65,1.5416,1.9063,0.9051,0.2954,0.8387,0.0,0.8387,3,fraction_of_image,Right upper lobe pulmonary nodule,0.3,7.5,200
c0008_left_lower_clear_small,c0008,lesion,left,lower,clear,medial,small,44624587,2393,2112,140,0,2112,0.24242,45,0.0215,0.1016,0.373,0.8496,0.2611,0.685,0.2152,0.6391,0.307,0.7309,47,47.0,63.71,40.55,1.5711,2.1216,0.6144,0.389,0.9649,0.0,0.9649,4,fraction_of_image,Right upper lobe pulmonary nodule,0.3,7.5,200
c0008_left_lower_moderate_small,c0008,lesion,left,lower,moderate,lateral,small,337990318,2393,2112,140,0,2112,0.24242,45,0.0215,0.1016,0.373,0.8496,0.1845,0.685,0.1386,0.6391,0.2304,0.7309,47,47.0,80.01,33.01,2.424,3.156,0.8123,0.389,0.9733,0.0,0.9733,3,fraction_of_image,Right upper lobe pulmonary nodule,0.3,7.5,200
c0008_left_lower_on_structure_small,c0008,lesion,left,lower,on_structure,medial,small,246207937,2393,2112,140,0,2112,0.24242,45,0.0215,0.1016,0.373,0.8496,0.3249,0.685,0.279,0.6391,0.3708,0.7309,47,47.0,28.02,56.92,0.4923,0.5801,0.9511,0.389,0.0,0.0,0.0,2,fraction_of_image,Right upper lobe pulmonary nodule,0.3,7.5,200
c0008_left_lower_clear_medium,c0008,lesion,left,lower,clear,medial,medium,2089019499,2393,2112,140,0,2112,0.24242,45,0.0215,0.1016,0.373,0.8496,0.2544,0.685,0.1958,0.6264,0.313,0.7436,60,60.0,43.65,39.36,1.109,1.6764,0.6313,0.3144,0.057,0.0,0.057,3,fraction_of_image,Right upper lobe pulmonary nodule,0.3,7.5,200
c0008_left_lower_moderate_medium,c0008,lesion,left,lower,moderate,lateral,medium,183394984,2393,2112,140,0,2112,0.24242,45,0.0215,0.1016,0.373,0.8496,0.1858,0.685,0.1272,0.6264,0.2444,0.7436,60,60.0,82.79,38.67,2.1409,2.8665,0.7947,0.3144,0.9849,0.0,0.9849,4,fraction_of_image,Right upper lobe pulmonary nodule,0.3,7.5,200
c0008_left_lower_on_structure_medium,c0008,lesion,left,lower,on_structure,lateral,medium,364984134,2393,2112,140,0,2112,0.24242,45,0.0215,0.1016,0.373,0.8496,0.1173,0.685,0.0587,0.6264,0.1759,0.7436,60,60.0,73.15,36.89,1.9829,2.535,0.9253,0.3144,0.9874,0.0,0.9874,2,fraction_of_image,Right upper lobe pulmonary nodule,0.3,7.5,200
c0008_left_lower_clear_large,c0008,lesion,left,lower,clear,medial,large,529115178,2393,2112,140,0,2112,0.24242,45,0.0215,0.1016,0.373,0.8496,0.2472,0.685,0.175,0.6128,0.3195,0.7573,74,74.0,50.59,43.36,1.1666,1.668,0.6531,0.2708,0.4125,0.0,0.4125,5,fraction_of_image,Right upper lobe pulmonary nodule,0.3,7.5,200
c0008_left_lower_clear_large__null,c0008,null_edit,left,lower,clear,medial,large,529115178,2393,2112,140,0,2112,0.24242,45,0.0215,0.1016,0.373,0.8496,0.2472,0.685,0.175,0.6128,0.3195,0.7573,74,74.0,14.75,43.36,0.3402,0.1996,0.6531,0.2708,0.0,0.0,0.0,4,fraction_of_image,"Normal right lung parenchyma, no focal abnormality",0.3,7.5,200
c0008_left_lower_moderate_large,c0008,lesion,left,lower,moderate,medial,large,1355595928,2393,2112,140,0,2112,0.24242,45,0.0215,0.1016,0.373,0.8496,0.2972,0.685,0.2249,0.6128,0.3694,0.7573,74,74.0,30.77,52.32,0.588,0.6124,0.7667,0.2708,0.154,0.0,0.154,5,fraction_of_image,Right upper lobe pulmonary nodule,0.3,7.5,200
c0008_left_lower_on_structure_large,c0008,lesion,left,lower,on_structure,lateral,large,1021731602,2393,2112,140,0,2112,0.24242,45,0.0215,0.1016,0.373,0.8496,0.1173,0.685,0.0451,0.6128,0.1896,0.7573,74,74.0,62.24,50.24,1.239,1.6635,0.9116,0.2708,0.9813,0.0,0.9813,4,fraction_of_image,Right upper lobe pulmonary nodule,0.3,7.5,200
c0008_right_upper_clear_small,c0008,lesion,right,upper,clear,medial,small,467551150,2393,2112,140,0,2112,0.24242,45,0.4688,0.1094,0.8281,0.8633,0.609,0.2752,0.5631,0.2293,0.6549,0.3211,47,47.0,55.07,25.47,2.1622,2.7601,0.3629,1.152,0.9733,0.0,0.9733,4,fraction_of_image,Left upper lobe pulmonary nodule,0.3,7.5,200
c0008_right_upper_moderate_small,c0008,lesion,right,upper,moderate,lateral,small,553401956,2393,2112,140,0,2112,0.24242,45,0.4688,0.1094,0.8281,0.8633,0.6879,0.2752,0.642,0.2293,0.7338,0.3211,47,47.0,59.92,62.44,0.9597,1.2998,0.6999,1.152,0.9712,0.0,0.9712,2,fraction_of_image,Left upper lobe pulmonary nodule,0.3,7.5,200
c0008_right_upper_on_structure_small,c0008,lesion,right,upper,on_structure,lateral,small,1748520410,2393,2112,140,0,2112,0.24242,45,0.4688,0.1094,0.8281,0.8633,0.7536,0.2752,0.7077,0.2293,0.7995,0.3211,47,47.0,18.21,43.63,0.4173,0.5052,1.4124,1.152,0.1352,0.0,0.1352,3,fraction_of_image,Left upper lobe pulmonary nodule,0.3,7.5,200
c0008_right_upper_clear_medium,c0008,lesion,right,upper,clear,medial,medium,39472663,2393,2112,140,0,2112,0.24242,45,0.4688,0.1094,0.8281,0.8633,0.613,0.2752,0.5544,0.2166,0.6716,0.3338,60,60.0,58.39,32.11,1.8184,2.3392,0.4034,1.0334,0.9659,0.0,0.9659,4,fraction_of_image,Left upper lobe pulmonary nodule,0.3,7.5,200
c0008_right_upper_moderate_medium,c0008,lesion,right,upper,moderate,lateral,medium,1688757948,2393,2112,140,0,2112,0.24242,45,0.4688,0.1094,0.8281,0.8633,0.6839,0.2752,0.6253,0.2166,0.7425,0.3338,60,60.0,61.05,62.93,0.9702,1.3163,0.6587,1.0334,0.9581,0.0,0.9581,3,fraction_of_image,Left upper lobe pulmonary nodule,0.3,7.5,200
c0008_right_upper_on_structure_medium,c0008,lesion,right,upper,on_structure,lateral,medium,709251880,2393,2112,140,0,2112,0.24242,45,0.4688,0.1094,0.8281,0.8633,0.743,0.2752,0.6844,0.2166,0.8016,0.3338,60,60.0,24.25,53.38,0.4542,0.5792,1.3095,1.0334,0.8945,0.0,0.8945,6,fraction_of_image,Left upper lobe pulmonary nodule,0.3,7.5,200
c0008_right_upper_clear_large,c0008,lesion,right,upper,clear,medial,large,2066480623,2393,2112,140,0,2112,0.24242,45,0.4688,0.1094,0.8281,0.8633,0.6173,0.2752,0.545,0.203,0.6896,0.3475,74,74.0,64.96,46.89,1.3854,1.7748,0.4455,0.8973,0.9172,0.0,0.9172,8,fraction_of_image,Left upper lobe pulmonary nodule,0.3,7.5,200
c0008_right_upper_clear_large__null,c0008,null_edit,right,upper,clear,medial,large,2066480623,2393,2112,140,0,2112,0.24242,45,0.4688,0.1094,0.8281,0.8633,0.6173,0.2752,0.545,0.203,0.6896,0.3475,74,74.0,8.22,46.89,0.1754,0.1177,0.4455,0.8973,0.0,0.0,0.0,4,fraction_of_image,"Normal left lung parenchyma, no focal abnormality",0.3,7.5,200
c0008_right_upper_moderate_large,c0008,lesion,right,upper,moderate,lateral,large,1806614230,2393,2112,140,0,2112,0.24242,45,0.4688,0.1094,0.8281,0.8633,0.6796,0.2752,0.6073,0.203,0.7518,0.3475,74,74.0,60.32,60.16,1.0027,1.3662,0.6383,0.8973,0.9619,0.0,0.9619,4,fraction_of_image,Left upper lobe pulmonary nodule,0.3,7.5,200
c0008_right_upper_on_structure_large,c0008,lesion,right,upper,on_structure,lateral,large,472440333,2393,2112,140,0,2112,0.24242,45,0.4688,0.1094,0.8281,0.8633,0.7315,0.2752,0.6592,0.203,0.8038,0.3475,74,74.0,40.2,60.27,0.667,0.8733,1.1923,0.8973,0.9551,0.0,0.9551,5,fraction_of_image,Left upper lobe pulmonary nodule,0.3,7.5,200
c0008_right_mid_clear_small,c0008,lesion,right,mid,clear,medial,small,1542811399,2393,2112,140,0,2112,0.24242,45,0.4688,0.1094,0.8281,0.8633,0.6484,0.4863,0.6025,0.4404,0.6943,0.5322,47,47.0,60.22,27.33,2.2031,2.7723,0.6407,0.7519,0.9819,0.0,0.9819,4,fraction_of_image,Left upper lobe pulmonary nodule,0.3,7.5,200
c0008_right_mid_moderate_small,c0008,lesion,right,mid,moderate,lateral,small,1932721238,2393,2112,140,0,2112,0.24242,45,0.4688,0.1094,0.8281,0.8633,0.7142,0.4863,0.6683,0.4404,0.7601,0.5322,47,47.0,55.2,24.32,2.2694,3.0278,0.8497,0.7519,0.9843,0.0,0.9843,4,fraction_of_image,Left upper lobe pulmonary nodule,0.3,7.5,200
c0008_right_mid_on_structure_small,c0008,lesion,right,mid,on_structure,medial,small,1495252733,2393,2112,140,0,2112,0.24242,45,0.4688,0.1094,0.8281,0.8633,0.5432,0.4863,0.4973,0.4404,0.5891,0.5322,47,47.0,34.99,59.21,0.591,0.7871,1.2028,0.7519,0.1485,0.0,0.1485,5,fraction_of_image,Left upper lobe pulmonary nodule,0.3,7.5,200
c0008_right_mid_clear_medium,c0008,lesion,right,mid,clear,medial,medium,1857305152,2393,2112,140,0,2112,0.24242,45,0.4688,0.1094,0.8281,0.8633,0.613,0.4863,0.5544,0.4277,0.6716,0.5449,60,60.0,75.9,42.5,1.7857,2.3716,0.6223,0.6589,0.9698,0.0,0.9698,4,fraction_of_image,Left upper lobe pulmonary nodule,0.3,7.5,200
c0008_right_mid_moderate_medium,c0008,lesion,right,mid,moderate,lateral,medium,220263694,2393,2112,140,0,2112,0.24242,45,0.4688,0.1094,0.8281,0.8633,0.7075,0.4863,0.6489,0.4277,0.7661,0.5449,60,60.0,66.24,32.44,2.042,2.8229,0.853,0.6589,0.9865,0.0,0.9865,5,fraction_of_image,Left upper lobe pulmonary nodule,0.3,7.5,200
c0008_right_mid_on_structure_medium,c0008,lesion,right,mid,on_structure,medial,medium,1912473678,2393,2112,140,0,2112,0.24242,45,0.4688,0.1094,0.8281,0.8633,0.5539,0.4863,0.4953,0.4277,0.6125,0.5449,60,60.0,43.15,63.46,0.68,0.8625,1.0895,0.6589,0.8257,0.0,0.8257,6,fraction_of_image,Left upper lobe pulmonary nodule,0.3,7.5,200
c0008_right_mid_clear_large,c0008,lesion,right,mid,clear,medial,large,1573876383,2393,2112,140,0,2112,0.24242,45,0.4688,0.1094,0.8281,0.8633,0.6381,0.4863,0.5658,0.4141,0.7103,0.5586,74,74.0,69.98,43.08,1.6244,2.0854,0.6249,0.5336,0.9474,0.0,0.9474,4,fraction_of_image,Left upper lobe pulmonary nodule,0.3,7.5,200
c0008_right_mid_clear_large__null,c0008,null_edit,right,mid,clear,medial,large,1573876383,2393,2112,140,0,2112,0.24242,45,0.4688,0.1094,0.8281,0.8633,0.6381,0.4863,0.5658,0.4141,0.7103,0.5586,74,74.0,12.05,43.08,0.2797,0.2696,0.6249,0.5336,0.0,0.0,0.0,3,fraction_of_image,"Normal left lung parenchyma, no focal abnormality",0.3,7.5,200
c0008_right_mid_moderate_large,c0008,lesion,right,mid,moderate,lateral,large,1587887138,2393,2112,140,0,2112,0.24242,45,0.4688,0.1094,0.8281,0.8633,0.69,0.4863,0.6177,0.4141,0.7622,0.5586,74,74.0,75.22,38.87,1.9351,2.4647,0.8049,0.5336,0.9799,0.0,0.9799,3,fraction_of_image,Left upper lobe pulmonary nodule,0.3,7.5,200
c0008_right_mid_on_structure_large,c0008,lesion,right,mid,on_structure,medial,large,1201073288,2393,2112,140,0,2112,0.24242,45,0.4688,0.1094,0.8281,0.8633,0.5654,0.4863,0.4931,0.4141,0.6377,0.5586,74,74.0,42.39,63.75,0.6649,0.9201,0.9678,0.5336,0.9464,0.0,0.9464,2,fraction_of_image,Left upper lobe pulmonary nodule,0.3,7.5,200
c0008_right_lower_clear_small,c0008,lesion,right,lower,clear,lateral,small,886960637,2393,2112,140,0,2112,0.24242,45,0.4688,0.1094,0.8281,0.8633,0.7142,0.6974,0.6683,0.6515,0.7601,0.7433,47,47.0,42.49,28.93,1.4685,1.9189,0.6245,0.8628,0.9806,0.2955,0.6851,5,fraction_of_image,Left upper lobe pulmonary nodule,0.3,7.5,200
c0008_right_lower_moderate_small,c0008,lesion,right,lower,moderate,medial,small,1705343106,2393,2112,140,0,2112,0.24242,45,0.4688,0.1094,0.8281,0.8633,0.6484,0.6974,0.6025,0.6515,0.6943,0.7433,47,47.0,34.47,40.98,0.8411,1.1305,0.9813,0.8628,0.7478,0.0,0.7478,3,fraction_of_image,Left upper lobe pulmonary nodule,0.3,7.5,200
c0008_right_lower_on_structure_small,c0008,lesion,right,lower,on_structure,medial,small,1292434520,2393,2112,140,0,2112,0.24242,45,0.4688,0.1094,0.8281,0.8633,0.5564,0.6974,0.5105,0.6515,0.6023,0.7433,47,47.0,10.45,34.39,0.3039,0.28,1.4239,0.8628,0.0,0.0,0.0,2,fraction_of_image,Left upper lobe pulmonary nodule,0.3,7.5,200
c0008_right_lower_clear_medium,c0008,lesion,right,lower,clear,lateral,medium,1529533633,2393,2112,140,0,2112,0.24242,45,0.4688,0.1094,0.8281,0.8633,0.7193,0.6974,0.6607,0.6388,0.7779,0.756,60,60.0,45.87,33.99,1.3495,1.8689,0.646,0.7975,0.9817,0.2955,0.6862,4,fraction_of_image,Left upper lobe pulmonary nodule,0.3,7.5,200
c0008_right_lower_moderate_medium,c0008,lesion,right,lower,moderate,medial,medium,1932200100,2393,2112,140,0,2112,0.24242,45,0.4688,0.1094,0.8281,0.8633,0.6484,0.6974,0.5898,0.6388,0.707,0.756,60,60.0,42.61,44.37,0.9605,1.2281,0.9658,0.7975,0.8815,0.2955,0.586,7,fraction_of_image,Left upper lobe pulmonary nodule,0.3,7.5,200
c0008_right_lower_on_structure_medium,c0008,lesion,right,lower,on_structure,medial,medium,1223585234,2393,2112,140,0,2112,0.24242,45,0.4688,0.1094,0.8281,0.8633,0.5539,0.6974,0.4953,0.6388,0.6125,0.756,60,60.0,11.4,41.6,0.274,0.262,1.399,0.7975,0.2002,0.0,0.2002,4,fraction_of_image,Left upper lobe pulmonary nodule,0.3,7.5,200
c0008_right_lower_clear_large,c0008,lesion,right,lower,clear,lateral,large,1583190458,2393,2112,140,0,2112,0.24242,45,0.4688,0.1094,0.8281,0.8633,0.7211,0.6974,0.6488,0.6252,0.7934,0.7697,74,74.0,40.18,45.49,0.8832,1.2699,0.6656,0.7382,0.9652,0.2955,0.6697,4,fraction_of_image,Left upper lobe pulmonary nodule,0.3,7.5,200
c0008_right_lower_clear_large__null,c0008,null_edit,right,lower,clear,lateral,large,1583190458,2393,2112,140,0,2112,0.24242,45,0.4688,0.1094,0.8281,0.8633,0.7211,0.6974,0.6488,0.6252,0.7934,0.7697,74,74.0,14.08,45.49,0.3096,0.3399,0.6656,0.7382,0.0914,0.2955,-0.2041,2,fraction_of_image,"Normal left lung parenchyma, no focal abnormality",0.3,7.5,200
c0008_right_lower_moderate_large,c0008,lesion,right,lower,moderate,medial,large,705956983,2393,2112,140,0,2112,0.24242,45,0.4688,0.1094,0.8281,0.8633,0.6484,0.6974,0.5762,0.6252,0.7207,0.7697,74,74.0,43.27,47.06,0.9196,1.1489,0.9496,0.7382,0.6039,0.2955,0.3084,5,fraction_of_image,Left upper lobe pulmonary nodule,0.3,7.5,200
c0008_right_lower_on_structure_large,c0008,lesion,right,lower,on_structure,medial,large,1497200483,2393,2112,140,0,2112,0.24242,45,0.4688,0.1094,0.8281,0.8633,0.5654,0.6974,0.4931,0.6252,0.6377,0.7697,74,74.0,16.59,57.15,0.2903,0.277,1.3733,0.7382,0.4229,0.0,0.4229,7,fraction_of_image,Left upper lobe pulmonary nodule,0.3,7.5,200
c0009_left_upper_clear_small,c0009,lesion,left,upper,clear,medial,small,41390846,1948,1528,210,0,1528,0.33508,40,0.0898,0.1816,0.4668,0.8516,0.3905,0.329,0.3446,0.2831,0.4364,0.3749,47,47.0,47.77,35.01,1.3643,1.8091,0.5002,1.1265,0.3684,0.0,0.3684,3,fraction_of_image,Right upper lobe pulmonary nodule,0.3,7.5,200
c0009_left_upper_moderate_small,c0009,lesion,left,upper,moderate,lateral,small,2050294536,1948,1528,210,0,1528,0.33508,40,0.0898,0.1816,0.4668,0.8516,0.2783,0.329,0.2324,0.2831,0.3242,0.3749,47,47.0,42.55,48.12,0.8843,1.1337,0.7266,1.1265,0.9479,0.0,0.9479,3,fraction_of_image,Right upper lobe pulmonary nodule,0.3,7.5,200
c0009_left_upper_on_structure_small,c0009,lesion,left,upper,on_structure,lateral,small,1786050335,1948,1528,210,0,1528,0.33508,40,0.0898,0.1816,0.4668,0.8516,0.1942,0.329,0.1483,0.2831,0.24,0.3749,47,47.0,6.11,38.71,0.1577,-0.1011,1.4962,1.1265,0.0,0.0,0.0,0,fraction_of_image,Right upper lobe pulmonary nodule,0.3,7.5,200
c0009_left_upper_clear_medium,c0009,lesion,left,upper,clear,medial,medium,1832435270,1948,1528,210,0,1528,0.33508,40,0.0898,0.1816,0.4668,0.8516,0.3799,0.329,0.3213,0.2704,0.4385,0.3876,60,60.0,51.49,40.51,1.2708,1.6063,0.5022,1.0988,0.0,0.0,0.0,1,fraction_of_image,Right upper lobe pulmonary nodule,0.3,7.5,200
c0009_left_upper_moderate_medium,c0009,lesion,left,upper,moderate,lateral,medium,180315291,1948,1528,210,0,1528,0.33508,40,0.0898,0.1816,0.4668,0.8516,0.2783,0.329,0.2197,0.2704,0.3369,0.3876,60,60.0,53.95,56.56,0.9538,1.2564,0.7047,1.0988,0.978,0.0,0.978,2,fraction_of_image,Right upper lobe pulmonary nodule,0.3,7.5,200
c0009_left_upper_on_structure_medium,c0009,lesion,left,upper,on_structure,lateral,medium,1551515773,1948,1528,210,0,1528,0.33508,40,0.0898,0.1816,0.4668,0.8516,0.1514,0.329,0.0928,0.2704,0.21,0.3876,60,60.0,7.47,41.49,0.1801,-0.1998,1.524,1.0988,0.0,0.0,0.0,1,fraction_of_image,Right upper lobe pulmonary nodule,0.3,7.5,200
c0009_left_upper_clear_large,c0009,lesion,left,upper,clear,medial,large,1090596532,1948,1528,210,0,1528,0.33508,40,0.0898,0.1816,0.4668,0.8516,0.3684,0.329,0.2961,0.2568,0.4407,0.4013,74,74.0,57.8,45.51,1.2699,1.5498,0.5154,1.0157,0.8546,0.0,0.8546,2,fraction_of_image,Right upper lobe pulmonary nodule,0.3,7.5,200
c0009_left_upper_clear_large__null,c0009,null_edit,left,upper,clear,medial,large,1090596532,1948,1528,210,0,1528,0.33508,40,0.0898,0.1816,0.4668,0.8516,0.3684,0.329,0.2961,0.2568,0.4407,0.4013,74,74.0,9.7,45.51,0.2131,0.1726,0.5154,1.0157,0.0,0.0,0.0,0,fraction_of_image,"Normal right lung parenchyma, no focal abnormality",0.3,7.5,200
c0009_left_upper_moderate_large,c0009,lesion,left,upper,moderate,lateral,large,598176233,1948,1528,210,0,1528,0.33508,40,0.0898,0.1816,0.4668,0.8516,0.2783,0.329,0.2061,0.2568,0.3506,0.4013,74,74.0,59.99,57.18,1.0491,1.3841,0.6985,1.0157,0.938,0.0,0.938,2,fraction_of_image,Right upper lobe pulmonary nodule,0.3,7.5,200
c0009_left_upper_on_structure_large,c0009,lesion,left,upper,on_structure,lateral,large,7582589,1948,1528,210,0,1528,0.33508,40,0.0898,0.1816,0.4668,0.8516,0.1882,0.329,0.116,0.2568,0.2605,0.4013,74,74.0,9.31,53.31,0.1747,-0.0976,1.407,1.0157,0.0,0.0,0.0,1,fraction_of_image,Right upper lobe pulmonary nodule,0.3,7.5,200
c0009_left_mid_clear_small,c0009,lesion,left,mid,clear,medial,small,1969459775,1948,1528,210,0,1528,0.33508,40,0.0898,0.1816,0.4668,0.8516,0.3485,0.5166,0.3026,0.4707,0.3944,0.5625,47,47.0,52.19,30.59,1.7061,2.3531,0.4858,1.3179,0.1023,0.0,0.1023,1,fraction_of_image,Right upper lobe pulmonary nodule,0.3,7.5,200
c0009_left_mid_moderate_small,c0009,lesion,left,mid,moderate,lateral,small,1028288029,1948,1528,210,0,1528,0.33508,40,0.0898,0.1816,0.4668,0.8516,0.2643,0.5166,0.2184,0.4707,0.3102,0.5625,47,47.0,44.72,24.85,1.7995,2.2424,0.6389,1.3179,0.982,0.0,0.982,3,fraction_of_image,Right upper lobe pulmonary nodule,0.3,7.5,200
c0009_left_mid_on_structure_small,c0009,lesion,left,mid,on_structure,lateral,small,1932883778,1948,1528,210,0,1528,0.33508,40,0.0898,0.1816,0.4668,0.8516,0.1661,0.5166,0.1202,0.4707,0.212,0.5625,47,47.0,6.89,54.0,0.1277,-0.1238,1.3764,1.3179,0.0,0.0,0.0,1,fraction_of_image,Right upper lobe pulmonary nodule,0.3,7.5,200
c0009_left_mid_clear_medium,c0009,lesion,left,mid,clear,medial,medium,1600975322,1948,1528,210,0,1528,0.33508,40,0.0898,0.1816,0.4668,0.8516,0.3164,0.5166,0.2578,0.458,0.375,0.5752,60,60.0,63.33,27.91,2.2688,2.9866,0.5345,1.0626,0.9605,0.0,0.9605,2,fraction_of_image,Right upper lobe pulmonary nodule,0.3,7.5,200
c0009_left_mid_moderate_medium,c0009,lesion,left,mid,moderate,lateral,medium,1605357009,1948,1528,210,0,1528,0.33508,40,0.0898,0.1816,0.4668,0.8516,0.2656,0.5166,0.207,0.458,0.3242,0.5752,60,60.0,56.54,33.47,1.6893,2.0544,0.6063,1.0626,0.9858,0.0,0.9858,1,fraction_of_image,Right upper lobe pulmonary nodule,0.3,7.5,200
c0009_left_mid_on_structure_medium,c0009,lesion,left,mid,on_structure,lateral,medium,2040388054,1948,1528,210,0,1528,0.33508,40,0.0898,0.1816,0.4668,0.8516,0.1768,0.5166,0.1182,0.458,0.2354,0.5752,60,60.0,7.49,56.12,0.1334,-0.0752,1.1919,1.0626,0.9237,0.0,0.9237,2,fraction_of_image,Right upper lobe pulmonary nodule,0.3,7.5,200
c0009_left_mid_clear_large,c0009,lesion,left,mid,clear,medial,large,591390748,1948,1528,210,0,1528,0.33508,40,0.0898,0.1816,0.4668,0.8516,0.2896,0.5166,0.2173,0.4443,0.3618,0.5889,74,74.0,66.22,31.6,2.0956,2.6198,0.5682,0.8259,0.9691,0.0,0.9691,3,fraction_of_image,Right upper lobe pulmonary nodule,0.3,7.5,200
c0009_left_mid_clear_large__null,c0009,null_edit,left,mid,clear,medial,large,591390748,1948,1528,210,0,1528,0.33508,40,0.0898,0.1816,0.4668,0.8516,0.2896,0.5166,0.2173,0.4443,0.3618,0.5889,74,74.0,8.98,31.6,0.2842,0.1896,0.5682,0.8259,0.0,0.0,0.0,1,fraction_of_image,"Normal right lung parenchyma, no focal abnormality",0.3,7.5,200
c0009_left_mid_moderate_large,c0009,lesion,left,mid,moderate,medial,large,813335921,1948,1528,210,0,1528,0.33508,40,0.0898,0.1816,0.4668,0.8516,0.3571,0.5166,0.2849,0.4443,0.4294,0.5889,74,74.0,57.71,49.07,1.1763,1.5949,0.6031,0.8259,0.5757,0.0,0.5757,2,fraction_of_image,Right upper lobe pulmonary nodule,0.3,7.5,200
c0009_left_mid_on_structure_large,c0009,lesion,left,mid,on_structure,lateral,large,1717165236,1948,1528,210,0,1528,0.33508,40,0.0898,0.1816,0.4668,0.8516,0.1882,0.5166,0.116,0.4443,0.2605,0.5889,74,74.0,46.34,55.32,0.8378,1.0404,1.0674,0.8259,0.9344,0.0,0.9344,4,fraction_of_image,Right upper lobe pulmonary nodule,0.3,7.5,200
c0009_left_lower_clear_small,c0009,lesion,left,lower,clear,medial,small,1816790010,1948,1528,210,0,1528,0.33508,40,0.0898,0.1816,0.4668,0.8516,0.3905,0.7042,0.3446,0.6583,0.4364,0.7501,47,47.0,15.56,41.34,0.3763,0.5009,0.7614,0.5786,0.0,0.0,0.0,1,fraction_of_image,Right upper lobe pulmonary nodule,0.3,7.5,200
c0009_left_lower_moderate_small,c0009,lesion,left,lower,moderate,lateral,small,6081593,1948,1528,210,0,1528,0.33508,40,0.0898,0.1816,0.4668,0.8516,0.2222,0.7042,0.1763,0.6583,0.2681,0.7501,47,47.0,25.41,34.29,0.741,1.0342,0.8523,0.5786,0.6591,0.0,0.6591,1,fraction_of_image,Right upper lobe pulmonary nodule,0.3,7.5,200
c0009_left_lower_on_structure_small,c0009,lesion,left,lower,on_structure,lateral,small,1197347406,1948,1528,210,0,1528,0.33508,40,0.0898,0.1816,0.4668,0.8516,0.1661,0.7042,0.1202,0.6583,0.212,0.7501,47,47.0,33.41,45.04,0.7417,0.993,1.0772,0.5786,0.8088,0.0683,0.7405,2,fraction_of_image,Right upper lobe pulmonary nodule,0.3,7.5,200
c0009_left_lower_clear_medium,c0009,lesion,left,lower,clear,medial,medium,687815052,1948,1528,210,0,1528,0.33508,40,0.0898,0.1816,0.4668,0.8516,0.3545,0.7042,0.2959,0.6456,0.4131,0.7628,60,60.0,46.3,31.97,1.4485,1.9627,0.7645,0.4862,0.9266,0.0,0.9266,2,fraction_of_image,Right upper lobe pulmonary nodule,0.3,7.5,200
c0009_left_lower_moderate_medium,c0009,lesion,left,lower,moderate,lateral,medium,2082158423,1948,1528,210,0,1528,0.33508,40,0.0898,0.1816,0.4668,0.8516,0.2275,0.7042,0.1689,0.6456,0.2861,0.7628,60,60.0,43.28,35.21,1.2294,1.6549,0.835,0.4862,0.9714,0.0,0.9714,3,fraction_of_image,Right upper lobe pulmonary nodule,0.3,7.5,200
c0009_left_lower_on_structure_medium,c0009,lesion,left,lower,on_structure,lateral,medium,275170350,1948,1528,210,0,1528,0.33508,40,0.0898,0.1816,0.4668,0.8516,0.1768,0.7042,0.1182,0.6456,0.2354,0.7628,60,60.0,36.09,53.75,0.6715,0.9631,1.0489,0.4862,0.9029,0.0683,0.8346,3,fraction_of_image,Right upper lobe pulmonary nodule,0.3,7.5,200
c0009_left_lower_clear_large,c0009,lesion,left,lower,clear,medial,large,1293579034,1948,1528,210,0,1528,0.33508,40,0.0898,0.1816,0.4668,0.8516,0.3684,0.7042,0.2961,0.6319,0.4407,0.7764,74,74.0,38.98,50.22,0.7763,1.0989,0.7677,0.3826,0.7027,0.0,0.7027,2,fraction_of_image,Right upper lobe pulmonary nodule,0.3,7.5,200
c0009_left_lower_clear_large__null,c0009,null_edit,left,lower,clear,medial,large,1293579034,1948,1528,210,0,1528,0.33508,40,0.0898,0.1816,0.4668,0.8516,0.3684,0.7042,0.2961,0.6319,0.4407,0.7764,74,74.0,13.09,50.22,0.2607,0.1907,0.7677,0.3826,0.0,0.0,0.0,1,fraction_of_image,"Normal right lung parenchyma, no focal abnormality",0.3,7.5,200
c0009_left_lower_moderate_large,c0009,lesion,left,lower,moderate,lateral,large,1719407860,1948,1528,210,0,1528,0.33508,40,0.0898,0.1816,0.4668,0.8516,0.2333,0.7042,0.161,0.6319,0.3055,0.7764,74,74.0,50.67,38.95,1.301,1.6945,0.8207,0.3826,0.8359,0.0683,0.7676,2,fraction_of_image,Right upper lobe pulmonary nodule,0.3,7.5,200
c0009_left_lower_on_structure_large,c0009,lesion,left,lower,on_structure,lateral,large,44611743,1948,1528,210,0,1528,0.33508,40,0.0898,0.1816,0.4668,0.8516,0.1882,0.7042,0.116,0.6319,0.2605,0.7764,74,74.0,51.52,54.85,0.9393,1.3065,0.9938,0.3826,0.9547,0.0683,0.8864,3,fraction_of_image,Right upper lobe pulmonary nodule,0.3,7.5,200
c0009_right_upper_clear_small,c0009,lesion,right,upper,clear,medial,small,1546970609,1948,1528,210,0,1528,0.33508,40,0.5742,0.1738,0.9355,0.8574,0.7416,0.3242,0.6957,0.2783,0.7875,0.3701,47,47.0,35.36,33.92,1.0423,1.3108,0.5067,0.924,0.2696,0.0,0.2696,1,fraction_of_image,Left upper lobe pulmonary nodule,0.3,7.5,200
c0009_right_upper_moderate_small,c0009,lesion,right,upper,moderate,medial,small,1660998503,1948,1528,210,0,1528,0.33508,40,0.5742,0.1738,0.9355,0.8574,0.6357,0.3242,0.5898,0.2783,0.6816,0.3701,47,47.0,47.48,51.2,0.9273,1.1889,0.6036,0.924,0.6646,0.0,0.6646,4,fraction_of_image,Left upper lobe pulmonary nodule,0.3,7.5,200
c0009_right_upper_on_structure_small,c0009,lesion,right,upper,on_structure,lateral,small,379421730,1948,1528,210,0,1528,0.33508,40,0.5742,0.1738,0.9355,0.8574,0.8609,0.3242,0.815,0.2783,0.9068,0.3701,47,47.0,16.02,35.05,0.457,0.0992,1.3433,0.924,0.0974,0.0,0.0974,2,fraction_of_image,Left upper lobe pulmonary nodule,0.3,7.5,200
c0009_right_upper_clear_medium,c0009,lesion,right,upper,clear,medial,medium,1832611830,1948,1528,210,0,1528,0.33508,40,0.5742,0.1738,0.9355,0.8574,0.6715,0.3242,0.6129,0.2656,0.7301,0.3828,60,60.0,52.38,45.03,1.1632,1.5597,0.5038,0.8483,0.9063,0.0,0.9063,1,fraction_of_image,Left upper lobe pulmonary nodule,0.3,7.5,200
c0009_right_upper_moderate_medium,c0009,lesion,right,upper,moderate,medial,medium,21583176,1948,1528,210,0,1528,0.33508,40,0.5742,0.1738,0.9355,0.8574,0.6477,0.3242,0.5891,0.2656,0.7062,0.3828,60,60.0,50.02,57.01,0.8774,1.1297,0.5422,0.8483,0.6634,0.0,0.6634,3,fraction_of_image,Left upper lobe pulmonary nodule,0.3,7.5,200
c0009_right_upper_on_structure_medium,c0009,lesion,right,upper,on_structure,lateral,medium,1032309566,1948,1528,210,0,1528,0.33508,40,0.5742,0.1738,0.9355,0.8574,0.8502,0.3242,0.7916,0.2656,0.9088,0.3828,60,60.0,21.1,42.41,0.4975,0.3438,1.2444,0.8483,0.0,0.0,0.0,1,fraction_of_image,Left upper lobe pulmonary nodule,0.3,7.5,200
c0009_right_upper_clear_large,c0009,lesion,right,upper,clear,medial,large,1634622567,1948,1528,210,0,1528,0.33508,40,0.5742,0.1738,0.9355,0.8574,0.713,0.3242,0.6407,0.252,0.7852,0.3965,74,74.0,58.62,41.5,1.4126,1.8913,0.5083,0.7704,0.8199,0.0,0.8199,2,fraction_of_image,Left upper lobe pulmonary nodule,0.3,7.5,200
c0009_right_upper_clear_large__null,c0009,null_edit,right,upper,clear,medial,large,1634622567,1948,1528,210,0,1528,0.33508,40,0.5742,0.1738,0.9355,0.8574,0.713,0.3242,0.6407,0.252,0.7852,0.3965,74,74.0,7.26,41.5,0.175,0.0943,0.5083,0.7704,0.0,0.0,0.0,1,fraction_of_image,"Normal left lung parenchyma, no focal abnormality",0.3,7.5,200
c0009_right_upper_moderate_large,c0009,lesion,right,upper,moderate,lateral,large,1137220794,1948,1528,210,0,1528,0.33508,40,0.5742,0.1738,0.9355,0.8574,0.7654,0.3242,0.6931,0.252,0.8376,0.3965,74,74.0,52.18,55.24,0.9445,1.2724,0.547,0.7704,0.7549,0.0,0.7549,1,fraction_of_image,Left upper lobe pulmonary nodule,0.3,7.5,200
c0009_right_upper_on_structure_large,c0009,lesion,right,upper,on_structure,lateral,large,934687400,1948,1528,210,0,1528,0.33508,40,0.5742,0.1738,0.9355,0.8574,0.8387,0.3242,0.7664,0.252,0.911,0.3965,74,74.0,28.66,45.68,0.6275,0.6154,1.1577,0.7704,0.1452,0.0,0.1452,2,fraction_of_image,Left upper lobe pulmonary nodule,0.3,7.5,200
c0009_right_mid_clear_small,c0009,lesion,right,mid,clear,medial,small,2057300521,1948,1528,210,0,1528,0.33508,40,0.5742,0.1738,0.9355,0.8574,0.7549,0.5156,0.709,0.4697,0.8008,0.5615,47,47.0,28.13,25.39,1.108,1.3968,0.3909,0.8367,0.0,0.0,0.0,0,fraction_of_image,Left upper lobe pulmonary nodule,0.3,7.5,200
c0009_right_mid_moderate_small,c0009,lesion,right,mid,moderate,lateral,small,1890593415,1948,1528,210,0,1528,0.33508,40,0.5742,0.1738,0.9355,0.8574,0.8211,0.5156,0.7752,0.4697,0.867,0.5615,47,47.0,34.85,38.81,0.8979,1.1542,0.759,0.8367,0.9621,0.0,0.9621,2,fraction_of_image,Left upper lobe pulmonary nodule,0.3,7.5,200
c0009_right_mid_on_structure_small,c0009,lesion,right,mid,on_structure,medial,small,1580823691,1948,1528,210,0,1528,0.33508,40,0.5742,0.1738,0.9355,0.8574,0.6489,0.5156,0.603,0.4697,0.6948,0.5615,47,47.0,33.61,41.94,0.8014,0.983,1.0117,0.8367,0.0,0.0,0.0,1,fraction_of_image,Left upper lobe pulmonary nodule,0.3,7.5,200
c0009_right_mid_clear_medium,c0009,lesion,right,mid,clear,medial,medium,569411480,1948,1528,210,0,1528,0.33508,40,0.5742,0.1738,0.9355,0.8574,0.7549,0.5156,0.6963,0.457,0.8135,0.5742,60,60.0,37.14,30.23,1.2287,1.566,0.4177,0.6677,0.4447,0.0,0.4447,1,fraction_of_image,Left upper lobe pulmonary nodule,0.3,7.5,200
c0009_right_mid_moderate_medium,c0009,lesion,right,mid,moderate,lateral,medium,1986854706,1948,1528,210,0,1528,0.33508,40,0.5742,0.1738,0.9355,0.8574,0.8145,0.5156,0.7559,0.457,0.873,0.5742,60,60.0,49.68,44.48,1.117,1.4743,0.7037,0.6677,0.9735,0.0,0.9735,2,fraction_of_image,Left upper lobe pulmonary nodule,0.3,7.5,200
c0009_right_mid_on_structure_medium,c0009,lesion,right,mid,on_structure,medial,medium,764184045,1948,1528,210,0,1528,0.33508,40,0.5742,0.1738,0.9355,0.8574,0.6477,0.5156,0.5891,0.457,0.7062,0.5742,60,60.0,34.52,54.92,0.6286,0.7819,0.9867,0.6677,0.0,0.0,0.0,2,fraction_of_image,Left upper lobe pulmonary nodule,0.3,7.5,200
c0009_right_mid_clear_large,c0009,lesion,right,mid,clear,medial,large,336697422,1948,1528,210,0,1528,0.33508,40,0.5742,0.1738,0.9355,0.8574,0.7339,0.5156,0.6617,0.4434,0.8062,0.5879,74,74.0,52.22,36.02,1.45,1.7763,0.4658,0.524,0.3832,0.0,0.3832,2,fraction_of_image,Left upper lobe pulmonary nodule,0.3,7.5,200
c0009_right_mid_clear_large__null,c0009,null_edit,right,mid,clear,medial,large,336697422,1948,1528,210,0,1528,0.33508,40,0.5742,0.1738,0.9355,0.8574,0.7339,0.5156,0.6617,0.4434,0.8062,0.5879,74,74.0,10.42,36.02,0.2894,0.2132,0.4658,0.524,0.0,0.0,0.0,1,fraction_of_image,"Normal left lung parenchyma, no focal abnormality",0.3,7.5,200
c0009_right_mid_moderate_large,c0009,lesion,right,mid,moderate,lateral,large,1331660465,1948,1528,210,0,1528,0.33508,40,0.5742,0.1738,0.9355,0.8574,0.8073,0.5156,0.735,0.4434,0.8795,0.5879,74,74.0,51.0,47.13,1.0822,1.4355,0.6385,0.524,0.969,0.0,0.969,3,fraction_of_image,Left upper lobe pulmonary nodule,0.3,7.5,200
c0009_right_mid_on_structure_large,c0009,lesion,right,mid,on_structure,medial,large,886482405,1948,1528,210,0,1528,0.33508,40,0.5742,0.1738,0.9355,0.8574,0.6606,0.5156,0.5883,0.4434,0.7328,0.5879,74,74.0,41.61,59.39,0.7006,0.9325,0.9084,0.524,0.0,0.0,0.0,1,fraction_of_image,Left upper lobe pulmonary nodule,0.3,7.5,200
c0009_right_lower_clear_small,c0009,lesion,right,lower,clear,lateral,small,1949357551,1948,1528,210,0,1528,0.33508,40,0.5742,0.1738,0.9355,0.8574,0.7946,0.707,0.7487,0.6611,0.8405,0.7529,47,47.0,25.09,27.71,0.9054,1.218,0.7709,0.6674,0.9084,0.0,0.9084,2,fraction_of_image,Left upper lobe pulmonary nodule,0.3,7.5,200
c0009_right_lower_moderate_small,c0009,lesion,right,lower,moderate,lateral,small,1425978207,1948,1528,210,0,1528,0.33508,40,0.5742,0.1738,0.9355,0.8574,0.8874,0.707,0.8415,0.6611,0.9333,0.7529,47,47.0,6.06,51.5,0.1177,-0.019,0.9332,0.6674,0.7962,0.0,0.7962,2,fraction_of_image,Left upper lobe pulmonary nodule,0.3,7.5,200
c0009_right_lower_on_structure_small,c0009,lesion,right,lower,on_structure,medial,small,128569198,1948,1528,210,0,1528,0.33508,40,0.5742,0.1738,0.9355,0.8574,0.6754,0.707,0.6295,0.6611,0.7213,0.7529,47,47.0,5.22,26.18,0.1995,-0.0496,1.3604,0.6674,0.0,0.0,0.0,2,fraction_of_image,Left upper lobe pulmonary nodule,0.3,7.5,200
c0009_right_lower_clear_medium,c0009,lesion,right,lower,clear,lateral,medium,1592359393,1948,1528,210,0,1528,0.33508,40,0.5742,0.1738,0.9355,0.8574,0.7668,0.707,0.7082,0.6484,0.8254,0.7656,60,60.0,22.11,38.06,0.5809,0.7254,0.7827,0.6195,0.7735,0.0,0.7735,2,fraction_of_image,Left upper lobe pulmonary nodule,0.3,7.5,200
c0009_right_lower_moderate_medium,c0009,lesion,right,lower,moderate,lateral,medium,1919042932,1948,1528,210,0,1528,0.33508,40,0.5742,0.1738,0.9355,0.8574,0.874,0.707,0.8154,0.6484,0.9326,0.7656,60,60.0,10.91,57.05,0.1911,0.1927,0.9086,0.6195,0.9429,0.0,0.9429,2,fraction_of_image,Left upper lobe pulmonary nodule,0.3,7.5,200
c0009_right_lower_on_structure_medium,c0009,lesion,right,lower,on_structure,medial,medium,1978609575,1948,1528,210,0,1528,0.33508,40,0.5742,0.1738,0.9355,0.8574,0.6477,0.707,0.5891,0.6484,0.7062,0.7656,60,60.0,5.24,36.64,0.1431,-0.0754,1.3504,0.6195,0.0,0.0,0.0,3,fraction_of_image,Left upper lobe pulmonary nodule,0.3,7.5,200
c0009_right_lower_clear_large,c0009,lesion,right,lower,clear,lateral,large,864603599,1948,1528,210,0,1528,0.33508,40,0.5742,0.1738,0.9355,0.8574,0.8073,0.707,0.735,0.6348,0.8795,0.7793,74,74.0,29.88,34.72,0.8605,1.2621,0.7808,0.5857,0.9552,0.0,0.9552,2,fraction_of_image,Left upper lobe pulmonary nodule,0.3,7.5,200
c0009_right_lower_clear_large__null,c0009,null_edit,right,lower,clear,lateral,large,864603599,1948,1528,210,0,1528,0.33508,40,0.5742,0.1738,0.9355,0.8574,0.8073,0.707,0.735,0.6348,0.8795,0.7793,74,74.0,7.03,34.72,0.2024,-0.0321,0.7808,0.5857,0.0826,0.0,0.0826,1,fraction_of_image,"Normal left lung parenchyma, no focal abnormality",0.3,7.5,200
c0009_right_lower_moderate_large,c0009,lesion,right,lower,moderate,medial,large,2024335768,1948,1528,210,0,1528,0.33508,40,0.5742,0.1738,0.9355,0.8574,0.7549,0.707,0.6826,0.6348,0.8271,0.7793,74,74.0,20.33,37.36,0.544,0.6316,0.8848,0.5857,0.5092,0.0,0.5092,1,fraction_of_image,Left upper lobe pulmonary nodule,0.3,7.5,200
c0009_right_lower_on_structure_large,c0009,lesion,right,lower,on_structure,medial,large,42755596,1948,1528,210,0,1528,0.33508,40,0.5742,0.1738,0.9355,0.8574,0.6501,0.707,0.5778,0.6348,0.7224,0.7793,74,74.0,5.56,50.52,0.1101,-0.0573,1.3427,0.5857,0.0,0.0,0.0,0,fraction_of_image,Left upper lobe pulmonary nodule,0.3,7.5,200
c0012_left_upper_clear_small,c0012,lesion,left,upper,clear,medial,small,31316688,2269,2329,0,30,2269,0.22565,45,0.0762,0.1328,0.4492,0.7852,0.318,0.2763,0.2721,0.2304,0.3639,0.3222,47,47.0,72.82,31.83,2.2878,2.9167,0.4254,1.1267,0.987,0.0,0.987,3,fraction_of_image,Right upper lobe pulmonary nodule,0.3,7.5,200
c0012_left_upper_moderate_small,c0012,lesion,left,upper,moderate,medial,small,1139016669,2269,2329,0,30,2269,0.22565,45,0.0762,0.1328,0.4492,0.7852,0.3734,0.2763,0.3275,0.2304,0.4193,0.3222,47,47.0,63.14,37.13,1.7006,2.3629,0.5141,1.1267,0.173,0.0,0.173,2,fraction_of_image,Right upper lobe pulmonary nodule,0.3,7.5,200
c0012_left_upper_on_structure_small,c0012,lesion,left,upper,on_structure,lateral,small,675055253,2269,2329,0,30,2269,0.22565,45,0.0762,0.1328,0.4492,0.7852,0.1244,0.2763,0.0785,0.2304,0.1703,0.3222,47,47.0,5.95,38.41,0.1548,-0.0852,1.4704,1.1267,0.0,0.0,0.0,0,fraction_of_image,Right upper lobe pulmonary nodule,0.3,7.5,200
c0012_left_upper_clear_medium,c0012,lesion,left,upper,clear,medial,medium,492409475,2269,2329,0,30,2269,0.22565,45,0.0762,0.1328,0.4492,0.7852,0.3127,0.2763,0.2541,0.2177,0.3713,0.3349,60,60.0,72.11,30.47,2.3663,2.9936,0.4246,1.1066,0.9776,0.0,0.9776,2,fraction_of_image,Right upper lobe pulmonary nodule,0.3,7.5,200
c0012_left_upper_moderate_medium,c0012,lesion,left,upper,moderate,medial,medium,650101329,2269,2329,0,30,2269,0.22565,45,0.0762,0.1328,0.4492,0.7852,0.3752,0.2763,0.3166,0.2177,0.4338,0.3349,60,60.0,60.47,54.11,1.1174,1.5157,0.5098,1.1066,0.4705,0.0,0.4705,2,fraction_of_image,Right upper lobe pulmonary nodule,0.3,7.5,200
c0012_left_upper_on_structure_medium,c0012,lesion,left,upper,on_structure,lateral,medium,887412101,2269,2329,0,30,2269,0.22565,45,0.0762,0.1328,0.4492,0.7852,0.1627,0.2763,0.1041,0.2177,0.2213,0.3349,60,60.0,8.24,58.05,0.142,0.0355,1.3939,1.1066,0.0,0.0,0.0,2,fraction_of_image,Right upper lobe pulmonary nodule,0.3,7.5,200
c0012_left_upper_clear_large,c0012,lesion,left,upper,clear,medial,large,198878904,2269,2329,0,30,2269,0.22565,45,0.0762,0.1328,0.4492,0.7852,0.307,0.2763,0.2347,0.2041,0.3792,0.3486,74,74.0,72.75,39.85,1.8255,2.3172,0.4348,0.9873,0.9587,0.0,0.9587,4,fraction_of_image,Right upper lobe pulmonary nodule,0.3,7.5,200
c0012_left_upper_clear_large__null,c0012,null_edit,left,upper,clear,medial,large,198878904,2269,2329,0,30,2269,0.22565,45,0.0762,0.1328,0.4492,0.7852,0.307,0.2763,0.2347,0.2041,0.3792,0.3486,74,74.0,10.71,39.85,0.2688,0.1286,0.4348,0.9873,0.0803,0.0,0.0803,3,fraction_of_image,"Normal right lung parenchyma, no focal abnormality",0.3,7.5,200
c0012_left_upper_moderate_large,c0012,lesion,left,upper,moderate,lateral,large,733042589,2269,2329,0,30,2269,0.22565,45,0.0762,0.1328,0.4492,0.7852,0.2516,0.2763,0.1794,0.2041,0.3239,0.3486,74,74.0,57.83,59.6,0.9703,1.2978,0.4936,0.9873,0.9663,0.0,0.9663,4,fraction_of_image,Right upper lobe pulmonary nodule,0.3,7.5,200
c0012_left_upper_on_structure_large,c0012,lesion,left,upper,on_structure,lateral,large,743614472,2269,2329,0,30,2269,0.22565,45,0.0762,0.1328,0.4492,0.7852,0.1742,0.2763,0.1019,0.2041,0.2464,0.3486,74,74.0,11.34,57.18,0.1983,-0.0186,1.2231,0.9873,0.697,0.0,0.697,2,fraction_of_image,Right upper lobe pulmonary nodule,0.3,7.5,200
c0012_left_mid_clear_small,c0012,lesion,left,mid,clear,medial,small,599810466,2269,2329,0,30,2269,0.22565,45,0.0762,0.1328,0.4492,0.7852,0.3319,0.459,0.286,0.4131,0.3778,0.5049,47,47.0,78.24,24.46,3.199,4.2912,0.5872,1.1098,0.9748,0.0,0.9748,2,fraction_of_image,Right upper lobe pulmonary nodule,0.3,7.5,200
c0012_left_mid_moderate_small,c0012,lesion,left,mid,moderate,medial,small,863420073,2269,2329,0,30,2269,0.22565,45,0.0762,0.1328,0.4492,0.7852,0.3595,0.459,0.3136,0.4131,0.4054,0.5049,47,47.0,52.23,34.04,1.5344,2.1638,0.784,1.1098,0.9428,0.0,0.9428,4,fraction_of_image,Right upper lobe pulmonary nodule,0.3,7.5,200
c0012_left_mid_on_structure_small,c0012,lesion,left,mid,on_structure,lateral,small,789797427,2269,2329,0,30,2269,0.22565,45,0.0762,0.1328,0.4492,0.7852,0.152,0.459,0.1061,0.4131,0.1979,0.5049,47,47.0,23.11,46.07,0.5016,0.4681,1.2921,1.1098,0.9645,0.0,0.9645,3,fraction_of_image,Right upper lobe pulmonary nodule,0.3,7.5,200
c0012_left_mid_clear_medium,c0012,lesion,left,mid,clear,medial,medium,753283367,2269,2329,0,30,2269,0.22565,45,0.0762,0.1328,0.4492,0.7852,0.2877,0.459,0.2291,0.4004,0.3463,0.5176,60,60.0,70.68,26.7,2.6473,3.2977,0.58,0.9191,0.9874,0.0,0.9874,2,fraction_of_image,Right upper lobe pulmonary nodule,0.3,7.5,200
c0012_left_mid_moderate_medium,c0012,lesion,left,mid,moderate,medial,medium,1838484101,2269,2329,0,30,2269,0.22565,45,0.0762,0.1328,0.4492,0.7852,0.3502,0.459,0.2916,0.4004,0.4088,0.5176,60,60.0,63.29,39.82,1.5894,2.0937,0.7544,0.9191,0.9347,0.0,0.9347,1,fraction_of_image,Right upper lobe pulmonary nodule,0.3,7.5,200
c0012_left_mid_on_structure_medium,c0012,lesion,left,mid,on_structure,lateral,medium,1000901262,2269,2329,0,30,2269,0.22565,45,0.0762,0.1328,0.4492,0.7852,0.1627,0.459,0.1041,0.4004,0.2213,0.5176,60,60.0,60.13,52.54,1.1444,1.2739,1.1704,0.9191,0.9713,0.0,0.9713,3,fraction_of_image,Right upper lobe pulmonary nodule,0.3,7.5,200
c0012_left_mid_clear_large,c0012,lesion,left,mid,clear,medial,large,1872013382,2269,2329,0,30,2269,0.22565,45,0.0762,0.1328,0.4492,0.7852,0.2848,0.459,0.2126,0.3867,0.3571,0.5312,74,74.0,75.92,30.34,2.5026,3.1803,0.5856,0.7415,0.9695,0.0,0.9695,3,fraction_of_image,Right upper lobe pulmonary nodule,0.3,7.5,200
c0012_left_mid_clear_large__null,c0012,null_edit,left,mid,clear,medial,large,1872013382,2269,2329,0,30,2269,0.22565,45,0.0762,0.1328,0.4492,0.7852,0.2848,0.459,0.2126,0.3867,0.3571,0.5312,74,74.0,8.73,30.34,0.2878,-0.0189,0.5856,0.7415,0.0,0.0,0.0,2,fraction_of_image,"Normal right lung parenchyma, no focal abnormality",0.3,7.5,200
c0012_left_mid_moderate_large,c0012,lesion,left,mid,moderate,lateral,large,1413941226,2269,2329,0,30,2269,0.22565,45,0.0762,0.1328,0.4492,0.7852,0.2295,0.459,0.1572,0.3867,0.3018,0.5312,74,74.0,69.42,54.26,1.2795,1.551,0.729,0.7415,0.9814,0.0,0.9814,6,fraction_of_image,Right upper lobe pulmonary nodule,0.3,7.5,200
c0012_left_mid_on_structure_large,c0012,lesion,left,mid,on_structure,lateral,large,1034197392,2269,2329,0,30,2269,0.22565,45,0.0762,0.1328,0.4492,0.7852,0.1742,0.459,0.1019,0.3867,0.2464,0.5312,74,74.0,59.21,53.49,1.107,1.2474,1.0819,0.7415,0.9576,0.0,0.9576,3,fraction_of_image,Right upper lobe pulmonary nodule,0.3,7.5,200
c0012_left_lower_clear_small,c0012,lesion,left,lower,clear,lateral,small,928010730,2269,2329,0,30,2269,0.22565,45,0.0762,0.1328,0.4492,0.7852,0.2627,0.6416,0.2168,0.5957,0.3086,0.6875,47,47.0,23.71,40.58,0.5843,0.5484,0.5616,0.6264,0.051,0.0,0.051,2,fraction_of_image,Right upper lobe pulmonary nodule,0.3,7.5,200
c0012_left_lower_moderate_small,c0012,lesion,left,lower,moderate,medial,small,984054423,2269,2329,0,30,2269,0.22565,45,0.0762,0.1328,0.4492,0.7852,0.3319,0.6416,0.286,0.5957,0.3778,0.6875,47,47.0,57.69,34.07,1.6934,2.437,0.7538,0.6264,0.98,0.0,0.98,2,fraction_of_image,Right upper lobe pulmonary nodule,0.3,7.5,200
c0012_left_lower_on_structure_small,c0012,lesion,left,lower,on_structure,medial,small,1409419758,2269,2329,0,30,2269,0.22565,45,0.0762,0.1328,0.4492,0.7852,0.3872,0.6416,0.3413,0.5957,0.4331,0.6875,47,47.0,24.85,40.92,0.6072,0.8266,1.1036,0.6264,0.1929,0.0,0.1929,3,fraction_of_image,Right upper lobe pulmonary nodule,0.3,7.5,200
c0012_left_lower_clear_medium,c0012,lesion,left,lower,clear,lateral,medium,62594034,2269,2329,0,30,2269,0.22565,45,0.0762,0.1328,0.4492,0.7852,0.2377,0.6416,0.1791,0.583,0.2963,0.7002,60,60.0,44.35,43.68,1.0154,1.2725,0.6191,0.4827,0.9585,0.0,0.9585,4,fraction_of_image,Right upper lobe pulmonary nodule,0.3,7.5,200
c0012_left_lower_moderate_medium,c0012,lesion,left,lower,moderate,lateral,medium,1986445856,2269,2329,0,30,2269,0.22565,45,0.0762,0.1328,0.4492,0.7852,0.1877,0.6416,0.1291,0.583,0.2463,0.7002,60,60.0,23.7,52.11,0.4549,0.4871,0.7456,0.4827,0.9744,0.0,0.9744,4,fraction_of_image,Right upper lobe pulmonary nodule,0.3,7.5,200
c0012_left_lower_on_structure_medium,c0012,lesion,left,lower,on_structure,lateral,medium,68175940,2269,2329,0,30,2269,0.22565,45,0.0762,0.1328,0.4492,0.7852,0.1377,0.6416,0.0791,0.583,0.1963,0.7002,60,60.0,11.78,50.39,0.2338,0.1474,0.9993,0.4827,0.9705,0.0,0.9705,2,fraction_of_image,Right upper lobe pulmonary nodule,0.3,7.5,200
c0012_left_lower_clear_large,c0012,lesion,left,lower,clear,lateral,large,581767061,2269,2329,0,30,2269,0.22565,45,0.0762,0.1328,0.4492,0.7852,0.2516,0.6416,0.1794,0.5694,0.3239,0.7139,74,74.0,45.34,45.05,1.0063,1.0314,0.6902,0.3228,0.979,0.0,0.979,3,fraction_of_image,Right upper lobe pulmonary nodule,0.3,7.5,200
c0012_left_lower_clear_large__null,c0012,null_edit,left,lower,clear,lateral,large,581767061,2269,2329,0,30,2269,0.22565,45,0.0762,0.1328,0.4492,0.7852,0.2516,0.6416,0.1794,0.5694,0.3239,0.7139,74,74.0,12.16,45.05,0.27,-0.1028,0.6902,0.3228,0.0,0.0,0.0,1,fraction_of_image,"Normal right lung parenchyma, no focal abnormality",0.3,7.5,200
c0012_left_lower_moderate_large,c0012,lesion,left,lower,moderate,medial,large,586498630,2269,2329,0,30,2269,0.22565,45,0.0762,0.1328,0.4492,0.7852,0.307,0.6416,0.2347,0.5694,0.3792,0.7139,74,74.0,63.2,42.39,1.4908,2.0927,0.748,0.3228,0.9747,0.0,0.9747,3,fraction_of_image,Right upper lobe pulmonary nodule,0.3,7.5,200
c0012_left_lower_on_structure_large,c0012,lesion,left,lower,on_structure,medial,large,1289123658,2269,2329,0,30,2269,0.22565,45,0.0762,0.1328,0.4492,0.7852,0.3512,0.6416,0.2789,0.5694,0.4235,0.7139,74,74.0,52.28,48.09,1.087,1.6117,0.9057,0.3228,0.9623,0.0,0.9623,4,fraction_of_image,Right upper lobe pulmonary nodule,0.3,7.5,200
c0012_right_upper_clear_small,c0012,lesion,right,upper,clear,medial,small,374998246,2269,2329,0,30,2269,0.22565,45,0.5469,0.1309,0.8926,0.8418,0.7197,0.2873,0.6738,0.2414,0.7656,0.3332,47,47.0,42.91,28.0,1.5324,2.1468,0.4141,0.9571,0.9528,0.0,0.9528,5,fraction_of_image,Left upper lobe pulmonary nodule,0.3,7.5,200
c0012_right_upper_moderate_small,c0012,lesion,right,upper,moderate,medial,small,112294441,2269,2329,0,30,2269,0.22565,45,0.5469,0.1309,0.8926,0.8418,0.6449,0.2873,0.599,0.2414,0.6908,0.3332,47,47.0,64.52,32.55,1.982,2.5349,0.5431,0.9571,0.9512,0.0,0.9512,3,fraction_of_image,Left upper lobe pulmonary nodule,0.3,7.5,200
c0012_right_upper_on_structure_small,c0012,lesion,right,upper,on_structure,lateral,small,804455809,2269,2329,0,30,2269,0.22565,45,0.5469,0.1309,0.8926,0.8418,0.8195,0.2873,0.7736,0.2414,0.8654,0.3332,47,47.0,6.41,63.02,0.1017,0.0214,1.0064,0.9571,0.0,0.0,0.0,2,fraction_of_image,Left upper lobe pulmonary nodule,0.3,7.5,200
c0012_right_upper_clear_medium,c0012,lesion,right,upper,clear,medial,medium,90652296,2269,2329,0,30,2269,0.22565,45,0.5469,0.1309,0.8926,0.8418,0.6975,0.2873,0.6389,0.2287,0.7561,0.3459,60,60.0,77.82,30.48,2.5532,3.5583,0.4119,0.7869,0.9862,0.0,0.9862,4,fraction_of_image,Left upper lobe pulmonary nodule,0.3,7.5,200
c0012_right_upper_moderate_medium,c0012,lesion,right,upper,moderate,medial,medium,1646225407,2269,2329,0,30,2269,0.22565,45,0.5469,0.1309,0.8926,0.8418,0.6529,0.2873,0.5943,0.2287,0.7115,0.3459,60,60.0,69.71,35.86,1.9439,2.5425,0.5129,0.7869,0.9666,0.0,0.9666,3,fraction_of_image,Left upper lobe pulmonary nodule,0.3,7.5,200
c0012_right_upper_on_structure_medium,c0012,lesion,right,upper,on_structure,lateral,medium,473011316,2269,2329,0,30,2269,0.22565,45,0.5469,0.1309,0.8926,0.8418,0.8088,0.2873,0.7502,0.2287,0.8674,0.3459,60,60.0,8.45,64.04,0.132,0.018,0.8791,0.7869,0.0,0.0,0.0,1,fraction_of_image,Left upper lobe pulmonary nodule,0.3,7.5,200
c0012_right_upper_clear_large,c0012,lesion,right,upper,clear,medial,large,1550483667,2269,2329,0,30,2269,0.22565,45,0.5469,0.1309,0.8926,0.8418,0.7003,0.2873,0.6281,0.215,0.7726,0.3595,74,74.0,80.62,33.01,2.4423,3.4621,0.4135,0.596,0.9775,0.0,0.9775,3,fraction_of_image,Left upper lobe pulmonary nodule,0.3,7.5,200
c0012_right_upper_clear_large__null,c0012,null_edit,right,upper,clear,medial,large,1550483667,2269,2329,0,30,2269,0.22565,45,0.5469,0.1309,0.8926,0.8418,0.7003,0.2873,0.6281,0.215,0.7726,0.3595,74,74.0,8.59,33.01,0.2602,0.0149,0.4135,0.596,0.0,0.0,0.0,1,fraction_of_image,"Normal left lung parenchyma, no focal abnormality",0.3,7.5,200
c0012_right_upper_moderate_large,c0012,lesion,right,upper,moderate,medial,large,1766038478,2269,2329,0,30,2269,0.22565,45,0.5469,0.1309,0.8926,0.8418,0.6615,0.2873,0.5893,0.215,0.7338,0.3595,74,74.0,65.28,40.92,1.5953,2.2166,0.4981,0.596,0.9692,0.0,0.9692,1,fraction_of_image,Left upper lobe pulmonary nodule,0.3,7.5,200
c0012_right_upper_on_structure_large,c0012,lesion,right,upper,on_structure,lateral,large,47611005,2269,2329,0,30,2269,0.22565,45,0.5469,0.1309,0.8926,0.8418,0.7973,0.2873,0.725,0.215,0.8696,0.3595,74,74.0,9.85,61.55,0.1601,-0.0424,0.765,0.596,0.0,0.0,0.0,3,fraction_of_image,Left upper lobe pulmonary nodule,0.3,7.5,200
c0012_right_mid_clear_small,c0012,lesion,right,mid,clear,medial,small,605315859,2269,2329,0,30,2269,0.22565,45,0.5469,0.1309,0.8926,0.8418,0.7073,0.4863,0.6614,0.4404,0.7532,0.5322,47,47.0,47.5,28.43,1.6709,2.4863,0.5687,0.738,0.9626,0.0,0.9626,4,fraction_of_image,Left upper lobe pulmonary nodule,0.3,7.5,200
c0012_right_mid_moderate_small,c0012,lesion,right,mid,moderate,lateral,small,2026858730,2269,2329,0,30,2269,0.22565,45,0.5469,0.1309,0.8926,0.8418,0.7945,0.4863,0.7486,0.4404,0.8404,0.5322,47,47.0,7.13,51.31,0.139,0.1163,0.7427,0.738,0.0,0.0,0.0,2,fraction_of_image,Left upper lobe pulmonary nodule,0.3,7.5,200
c0012_right_mid_on_structure_small,c0012,lesion,right,mid,on_structure,lateral,small,2095140639,2269,2329,0,30,2269,0.22565,45,0.5469,0.1309,0.8926,0.8418,0.8319,0.4863,0.786,0.4404,0.8778,0.5322,47,47.0,5.56,59.95,0.0927,-0.0217,1.1002,0.738,0.0,0.0,0.0,3,fraction_of_image,Left upper lobe pulmonary nodule,0.3,7.5,200
c0012_right_mid_clear_medium,c0012,lesion,right,mid,clear,lateral,medium,427652991,2269,2329,0,30,2269,0.22565,45,0.5469,0.1309,0.8926,0.8418,0.7309,0.4863,0.6723,0.4277,0.7895,0.5449,60,60.0,37.12,27.81,1.3346,1.909,0.5861,0.5235,0.9795,0.0,0.9795,4,fraction_of_image,Left upper lobe pulmonary nodule,0.3,7.5,200
c0012_right_mid_moderate_medium,c0012,lesion,right,mid,moderate,lateral,medium,1265450370,2269,2329,0,30,2269,0.22565,45,0.5469,0.1309,0.8926,0.8418,0.7865,0.4863,0.7279,0.4277,0.8451,0.5449,60,60.0,17.1,57.83,0.2957,0.4144,0.7122,0.5235,0.9543,0.0,0.9543,2,fraction_of_image,Left upper lobe pulmonary nodule,0.3,7.5,200
c0012_right_mid_on_structure_medium,c0012,lesion,right,mid,on_structure,lateral,medium,1618747928,2269,2329,0,30,2269,0.22565,45,0.5469,0.1309,0.8926,0.8418,0.8199,0.4863,0.7613,0.4277,0.8785,0.5449,60,60.0,6.01,59.32,0.1013,-0.0303,0.9605,0.5235,0.0,0.0,0.0,2,fraction_of_image,Left upper lobe pulmonary nodule,0.3,7.5,200
c0012_right_mid_clear_large,c0012,lesion,right,mid,clear,medial,large,661455099,2269,2329,0,30,2269,0.22565,45,0.5469,0.1309,0.8926,0.8418,0.71,0.4863,0.6378,0.4141,0.7823,0.5586,74,74.0,58.04,36.6,1.5858,2.1806,0.5977,0.3672,0.9508,0.0,0.9508,2,fraction_of_image,Left upper lobe pulmonary nodule,0.3,7.5,200
c0012_right_mid_clear_large__null,c0012,null_edit,right,mid,clear,medial,large,661455099,2269,2329,0,30,2269,0.22565,45,0.5469,0.1309,0.8926,0.8418,0.71,0.4863,0.6378,0.4141,0.7823,0.5586,74,74.0,9.81,36.6,0.268,0.0627,0.5977,0.3672,0.0,0.0,0.0,0,fraction_of_image,"Normal left lung parenchyma, no focal abnormality",0.3,7.5,200
c0012_right_mid_moderate_large,c0012,lesion,right,mid,moderate,lateral,large,55060446,2269,2329,0,30,2269,0.22565,45,0.5469,0.1309,0.8926,0.8418,0.7779,0.4863,0.7056,0.4141,0.8502,0.5586,74,74.0,32.73,58.63,0.5582,0.8278,0.6947,0.3672,0.9829,0.0,0.9829,1,fraction_of_image,Left upper lobe pulmonary nodule,0.3,7.5,200
c0012_right_mid_on_structure_large,c0012,lesion,right,mid,on_structure,medial,large,578172390,2269,2329,0,30,2269,0.22565,45,0.5469,0.1309,0.8926,0.8418,0.6325,0.4863,0.5602,0.4141,0.7047,0.5586,74,74.0,40.3,58.78,0.6856,0.7268,0.8955,0.3672,0.5234,0.0,0.5234,3,fraction_of_image,Left upper lobe pulmonary nodule,0.3,7.5,200
c0012_right_lower_clear_small,c0012,lesion,right,lower,clear,lateral,small,53118377,2269,2329,0,30,2269,0.22565,45,0.5469,0.1309,0.8926,0.8418,0.7571,0.6854,0.7112,0.6395,0.803,0.7313,47,47.0,10.3,42.25,0.2437,0.2546,0.7899,0.7442,0.0,0.0,0.0,1,fraction_of_image,Left upper lobe pulmonary nodule,0.3,7.5,200
c0012_right_lower_moderate_small,c0012,lesion,right,lower,moderate,medial,small,847053558,2269,2329,0,30,2269,0.22565,45,0.5469,0.1309,0.8926,0.8418,0.7197,0.6854,0.6738,0.6395,0.7656,0.7313,47,47.0,26.28,50.32,0.5222,0.7233,1.164,0.7442,0.6854,0.0,0.6854,1,fraction_of_image,Left upper lobe pulmonary nodule,0.3,7.5,200
c0012_right_lower_on_structure_small,c0012,lesion,right,lower,on_structure,medial,small,1726686590,2269,2329,0,30,2269,0.22565,45,0.5469,0.1309,0.8926,0.8418,0.6574,0.6854,0.6115,0.6395,0.7033,0.7313,47,47.0,20.31,26.02,0.7805,0.9689,1.4815,0.7442,0.9453,0.0,0.9453,1,fraction_of_image,Left upper lobe pulmonary nodule,0.3,7.5,200
c0012_right_lower_clear_medium,c0012,lesion,right,lower,clear,lateral,medium,433076134,2269,2329,0,30,2269,0.22565,45,0.5469,0.1309,0.8926,0.8418,0.7865,0.6854,0.7279,0.6268,0.8451,0.744,60,60.0,9.74,47.02,0.2071,0.2094,0.7832,0.7359,0.1235,0.0,0.1235,1,fraction_of_image,Left upper lobe pulmonary nodule,0.3,7.5,200
c0012_right_lower_moderate_medium,c0012,lesion,right,lower,moderate,medial,medium,1022754567,2269,2329,0,30,2269,0.22565,45,0.5469,0.1309,0.8926,0.8418,0.7197,0.6854,0.6611,0.6268,0.7783,0.744,60,60.0,21.45,45.34,0.4732,0.6863,1.1334,0.7359,0.9054,0.0,0.9054,3,fraction_of_image,Left upper lobe pulmonary nodule,0.3,7.5,200
c0012_right_lower_on_structure_medium,c0012,lesion,right,lower,on_structure,medial,medium,280723663,2269,2329,0,30,2269,0.22565,45,0.5469,0.1309,0.8926,0.8418,0.6863,0.6854,0.6277,0.6268,0.7449,0.744,60,60.0,27.5,44.73,0.6149,0.7503,1.4677,0.7359,0.9666,0.0,0.9666,2,fraction_of_image,Left upper lobe pulmonary nodule,0.3,7.5,200
c0012_right_lower_clear_large,c0012,lesion,right,lower,clear,lateral,large,1167647143,2269,2329,0,30,2269,0.22565,45,0.5469,0.1309,0.8926,0.8418,0.7876,0.6854,0.7153,0.6131,0.8599,0.7577,74,74.0,14.06,50.7,0.2774,0.3213,0.7848,0.6953,0.6527,0.0,0.6527,2,fraction_of_image,Left upper lobe pulmonary nodule,0.3,7.5,200
c0012_right_lower_clear_large__null,c0012,null_edit,right,lower,clear,lateral,large,1167647143,2269,2329,0,30,2269,0.22565,45,0.5469,0.1309,0.8926,0.8418,0.7876,0.6854,0.7153,0.6131,0.8599,0.7577,74,74.0,7.35,50.7,0.145,0.0052,0.7848,0.6953,0.0,0.0,0.0,2,fraction_of_image,"Normal left lung parenchyma, no focal abnormality",0.3,7.5,200
c0012_right_lower_moderate_large,c0012,lesion,right,lower,moderate,medial,large,1699959074,2269,2329,0,30,2269,0.22565,45,0.5469,0.1309,0.8926,0.8418,0.7197,0.6854,0.6475,0.6131,0.792,0.7577,74,74.0,20.58,40.55,0.5075,0.741,1.1164,0.6953,0.9603,0.0,0.9603,2,fraction_of_image,Left upper lobe pulmonary nodule,0.3,7.5,200
c0012_right_lower_on_structure_large,c0012,lesion,right,lower,on_structure,medial,large,1297483616,2269,2329,0,30,2269,0.22565,45,0.5469,0.1309,0.8926,0.8418,0.6518,0.6854,0.5796,0.6131,0.7241,0.7577,74,74.0,20.4,50.03,0.4077,0.5085,1.4524,0.6953,0.9541,0.0,0.9541,2,fraction_of_image,Left upper lobe pulmonary nodule,0.3,7.5,200
c0014_left_upper_clear_small,c0014,lesion,left,upper,clear,medial,small,1038506933,2320,2828,0,254,2320,0.22069,35,0.1016,0.0684,0.4551,0.8574,0.3555,0.242,0.3096,0.1961,0.4014,0.2879,47,47.0,56.76,29.51,1.9235,2.7077,0.6016,1.0555,0.9249,0.0,0.9249,4,fraction_of_image,Right upper lobe pulmonary nodule,0.3,7.5,200
c0014_left_upper_moderate_small,c0014,lesion,left,upper,moderate,lateral,small,204831233,2320,2828,0,254,2320,0.22069,35,0.1016,0.0684,0.4551,0.8574,0.2783,0.242,0.2324,0.1961,0.3242,0.2879,47,47.0,70.27,35.95,1.9545,2.3912,0.7328,1.0555,0.9814,0.0,0.9814,5,fraction_of_image,Right upper lobe pulmonary nodule,0.3,7.5,200
c0014_left_upper_on_structure_small,c0014,lesion,left,upper,on_structure,lateral,small,185880668,2320,2828,0,254,2320,0.22069,35,0.1016,0.0684,0.4551,0.8574,0.1755,0.242,0.1296,0.1961,0.2214,0.2879,47,47.0,6.51,46.89,0.1388,-0.0829,1.5622,1.0555,0.0,0.0,0.0,1,fraction_of_image,Right upper lobe pulmonary nodule,0.3,7.5,200
c0014_left_upper_clear_medium,c0014,lesion,left,upper,clear,medial,medium,590196533,2320,2828,0,254,2320,0.22069,35,0.1016,0.0684,0.4551,0.8574,0.3936,0.242,0.335,0.1834,0.4521,0.3005,60,60.0,50.81,52.53,0.9673,1.2814,0.5778,1.0077,0.0,0.0,0.0,2,fraction_of_image,Right upper lobe pulmonary nodule,0.3,7.5,200
c0014_left_upper_moderate_medium,c0014,lesion,left,upper,moderate,lateral,medium,1044672113,2320,2828,0,254,2320,0.22069,35,0.1016,0.0684,0.4551,0.8574,0.2783,0.242,0.2197,0.1834,0.3369,0.3005,60,60.0,68.26,55.0,1.241,1.6039,0.7428,1.0077,0.9843,0.0,0.9843,3,fraction_of_image,Right upper lobe pulmonary nodule,0.3,7.5,200
c0014_left_upper_on_structure_medium,c0014,lesion,left,upper,on_structure,lateral,medium,1004932903,2320,2828,0,254,2320,0.22069,35,0.1016,0.0684,0.4551,0.8574,0.1861,0.242,0.1275,0.1834,0.2447,0.3005,60,60.0,6.64,51.61,0.1286,-0.0785,1.4352,1.0077,0.0,0.0,0.0,4,fraction_of_image,Right upper lobe pulmonary nodule,0.3,7.5,200
c0014_left_upper_clear_large,c0014,lesion,left,upper,clear,medial,large,698406637,2320,2828,0,254,2320,0.22069,35,0.1016,0.0684,0.4551,0.8574,0.359,0.242,0.2868,0.1697,0.4313,0.3142,74,74.0,53.73,49.7,1.0811,1.3484,0.5935,0.8995,0.8291,0.0,0.8291,4,fraction_of_image,Right upper lobe pulmonary nodule,0.3,7.5,200
c0014_left_upper_clear_large__null,c0014,null_edit,left,upper,clear,medial,large,698406637,2320,2828,0,254,2320,0.22069,35,0.1016,0.0684,0.4551,0.8574,0.359,0.242,0.2868,0.1697,0.4313,0.3142,74,74.0,12.94,49.7,0.2605,0.2676,0.5935,0.8995,0.0,0.0,0.0,3,fraction_of_image,"Normal right lung parenchyma, no focal abnormality",0.3,7.5,200
c0014_left_upper_moderate_large,c0014,lesion,left,upper,moderate,medial,large,838877928,2320,2828,0,254,2320,0.22069,35,0.1016,0.0684,0.4551,0.8574,0.2884,0.242,0.2161,0.1697,0.3607,0.3142,74,74.0,66.36,59.28,1.1194,1.4419,0.7569,0.8995,0.9568,0.0,0.9568,6,fraction_of_image,Right upper lobe pulmonary nodule,0.3,7.5,200
c0014_left_upper_on_structure_large,c0014,lesion,left,upper,on_structure,lateral,large,1650813700,2320,2828,0,254,2320,0.22069,35,0.1016,0.0684,0.4551,0.8574,0.1976,0.242,0.1254,0.1697,0.2699,0.3142,74,74.0,8.14,54.96,0.148,-0.0897,1.3392,0.8995,0.0,0.0,0.0,2,fraction_of_image,Right upper lobe pulmonary nodule,0.3,7.5,200
c0014_left_mid_clear_small,c0014,lesion,left,mid,clear,medial,small,328150994,2320,2828,0,254,2320,0.22069,35,0.1016,0.0684,0.4551,0.8574,0.2912,0.4629,0.2453,0.417,0.3371,0.5088,47,47.0,79.81,34.55,2.31,3.0053,0.7489,0.7828,0.9577,0.0,0.9577,5,fraction_of_image,Right upper lobe pulmonary nodule,0.3,7.5,200
c0014_left_mid_moderate_small,c0014,lesion,left,mid,moderate,lateral,small,1233677029,2320,2828,0,254,2320,0.22069,35,0.1016,0.0684,0.4551,0.8574,0.214,0.4629,0.1681,0.417,0.2599,0.5088,47,47.0,32.62,50.95,0.6402,0.7294,0.8773,0.7828,0.9572,0.0,0.9572,4,fraction_of_image,Right upper lobe pulmonary nodule,0.3,7.5,200
c0014_left_mid_on_structure_small,c0014,lesion,left,mid,on_structure,lateral,small,559213965,2320,2828,0,254,2320,0.22069,35,0.1016,0.0684,0.4551,0.8574,0.1755,0.4629,0.1296,0.417,0.2214,0.5088,47,47.0,8.4,68.48,0.1227,-0.1258,1.1462,0.7828,0.0,0.0,0.0,3,fraction_of_image,Right upper lobe pulmonary nodule,0.3,7.5,200
c0014_left_mid_clear_medium,c0014,lesion,left,mid,clear,lateral,medium,1053180385,2320,2828,0,254,2320,0.22069,35,0.1016,0.0684,0.4551,0.8574,0.2553,0.4629,0.1967,0.4043,0.3139,0.5215,60,60.0,66.49,36.05,1.8442,2.4355,0.7445,0.6079,0.9837,0.0,0.9837,5,fraction_of_image,Right upper lobe pulmonary nodule,0.3,7.5,200
c0014_left_mid_moderate_medium,c0014,lesion,left,mid,moderate,medial,medium,353884149,2320,2828,0,254,2320,0.22069,35,0.1016,0.0684,0.4551,0.8574,0.3936,0.4629,0.335,0.4043,0.4521,0.5215,60,60.0,32.64,54.64,0.5975,0.6651,0.8746,0.6079,0.9658,0.406,0.5598,2,fraction_of_image,Right upper lobe pulmonary nodule,0.3,7.5,200
c0014_left_mid_on_structure_medium,c0014,lesion,left,mid,on_structure,lateral,medium,882077329,2320,2828,0,254,2320,0.22069,35,0.1016,0.0684,0.4551,0.8574,0.1861,0.4629,0.1275,0.4043,0.2447,0.5215,60,60.0,7.76,69.54,0.1116,-0.0914,1.0875,0.6079,0.0,0.0,0.0,3,fraction_of_image,Right upper lobe pulmonary nodule,0.3,7.5,200
c0014_left_mid_clear_large,c0014,lesion,left,mid,clear,lateral,large,626142076,2320,2828,0,254,2320,0.22069,35,0.1016,0.0684,0.4551,0.8574,0.2481,0.4629,0.1758,0.3906,0.3203,0.5352,74,74.0,62.94,51.57,1.2204,1.5747,0.7215,0.5069,0.9722,0.0,0.9722,4,fraction_of_image,Right upper lobe pulmonary nodule,0.3,7.5,200
c0014_left_mid_clear_large__null,c0014,null_edit,left,mid,clear,lateral,large,626142076,2320,2828,0,254,2320,0.22069,35,0.1016,0.0684,0.4551,0.8574,0.2481,0.4629,0.1758,0.3906,0.3203,0.5352,74,74.0,10.66,51.57,0.2066,0.1943,0.7215,0.5069,0.0,0.0,0.0,2,fraction_of_image,"Normal right lung parenchyma, no focal abnormality",0.3,7.5,200
c0014_left_mid_moderate_large,c0014,lesion,left,mid,moderate,lateral,large,417677088,2320,2828,0,254,2320,0.22069,35,0.1016,0.0684,0.4551,0.8574,0.2178,0.4629,0.1455,0.3906,0.2901,0.5352,74,74.0,49.84,64.18,0.7766,0.969,0.8592,0.5069,0.9528,0.0,0.9528,3,fraction_of_image,Right upper lobe pulmonary nodule,0.3,7.5,200
c0014_left_mid_on_structure_large,c0014,lesion,left,mid,on_structure,lateral,large,1479231217,2320,2828,0,254,2320,0.22069,35,0.1016,0.0684,0.4551,0.8574,0.1976,0.4629,0.1254,0.3906,0.2699,0.5352,74,74.0,30.29,64.95,0.4663,0.3649,1.022,0.5069,0.9632,0.0,0.9632,4,fraction_of_image,Right upper lobe pulmonary nodule,0.3,7.5,200
c0014_left_lower_clear_small,c0014,lesion,left,lower,clear,lateral,small,936329915,2320,2828,0,254,2320,0.22069,35,0.1016,0.0684,0.4551,0.8574,0.2655,0.6838,0.2196,0.6379,0.3114,0.7297,47,47.0,65.03,29.36,2.2153,3.2017,0.6414,0.5799,0.9559,0.0,0.9559,4,fraction_of_image,Right upper lobe pulmonary nodule,0.3,7.5,200
c0014_left_lower_moderate_small,c0014,lesion,left,lower,moderate,lateral,small,670406332,2320,2828,0,254,2320,0.22069,35,0.1016,0.0684,0.4551,0.8574,0.1883,0.6838,0.1424,0.6379,0.2342,0.7297,47,47.0,69.42,40.79,1.7018,2.277,0.8142,0.5799,0.9852,0.0,0.9852,2,fraction_of_image,Right upper lobe pulmonary nodule,0.3,7.5,200
c0014_left_lower_on_structure_small,c0014,lesion,left,lower,on_structure,medial,small,1130787066,2320,2828,0,254,2320,0.22069,35,0.1016,0.0684,0.4551,0.8574,0.4069,0.6838,0.361,0.6379,0.4528,0.7297,47,47.0,6.63,45.37,0.1462,-0.1049,1.2062,0.5799,0.0,0.0,0.0,3,fraction_of_image,Right upper lobe pulmonary nodule,0.3,7.5,200
c0014_left_lower_clear_medium,c0014,lesion,left,lower,clear,lateral,medium,1701039390,2320,2828,0,254,2320,0.22069,35,0.1016,0.0684,0.4551,0.8574,0.2783,0.6838,0.2197,0.6252,0.3369,0.7424,60,60.0,61.04,34.71,1.7589,2.5101,0.637,0.5489,0.9576,0.0,0.9576,4,fraction_of_image,Right upper lobe pulmonary nodule,0.3,7.5,200
c0014_left_lower_moderate_medium,c0014,lesion,left,lower,moderate,medial,medium,494582528,2320,2828,0,254,2320,0.22069,35,0.1016,0.0684,0.4551,0.8574,0.3129,0.6838,0.2543,0.6252,0.3715,0.7424,60,60.0,47.53,37.18,1.2785,1.8501,0.7635,0.5489,0.9479,0.0,0.9479,5,fraction_of_image,Right upper lobe pulmonary nodule,0.3,7.5,200
c0014_left_lower_on_structure_medium,c0014,lesion,left,lower,on_structure,medial,medium,311242293,2320,2828,0,254,2320,0.22069,35,0.1016,0.0684,0.4551,0.8574,0.3705,0.6838,0.3119,0.6252,0.4291,0.7424,60,60.0,39.83,45.17,0.8818,1.1781,1.1276,0.5489,0.9726,0.0,0.9726,2,fraction_of_image,Right upper lobe pulmonary nodule,0.3,7.5,200
c0014_left_lower_clear_large,c0014,lesion,left,lower,clear,lateral,large,1927686753,2320,2828,0,254,2320,0.22069,35,0.1016,0.0684,0.4551,0.8574,0.2682,0.6838,0.196,0.6116,0.3405,0.7561,74,74.0,58.42,35.28,1.6559,2.4366,0.6273,0.4855,0.934,0.0,0.934,4,fraction_of_image,Right upper lobe pulmonary nodule,0.3,7.5,200
c0014_left_lower_clear_large__null,c0014,null_edit,left,lower,clear,lateral,large,1927686753,2320,2828,0,254,2320,0.22069,35,0.1016,0.0684,0.4551,0.8574,0.2682,0.6838,0.196,0.6116,0.3405,0.7561,74,74.0,15.23,35.28,0.4315,0.295,0.6273,0.4855,0.0,0.0,0.0,2,fraction_of_image,"Normal right lung parenchyma, no focal abnormality",0.3,7.5,200
c0014_left_lower_moderate_large,c0014,lesion,left,lower,moderate,medial,large,1037375276,2320,2828,0,254,2320,0.22069,35,0.1016,0.0684,0.4551,0.8574,0.2985,0.6838,0.2262,0.6116,0.3708,0.7561,74,74.0,54.11,38.87,1.3923,2.0497,0.7232,0.4855,0.8889,0.0,0.8889,3,fraction_of_image,Right upper lobe pulmonary nodule,0.3,7.5,200
c0014_left_lower_on_structure_large,c0014,lesion,left,lower,on_structure,medial,large,2106325882,2320,2828,0,254,2320,0.22069,35,0.1016,0.0684,0.4551,0.8574,0.359,0.6838,0.2868,0.6116,0.4313,0.7561,74,74.0,33.81,51.25,0.6597,0.9648,1.027,0.4855,0.9635,0.0,0.9635,4,fraction_of_image,Right upper lobe pulmonary nodule,0.3,7.5,200
c0014_right_upper_clear_small,c0014,lesion,right,upper,clear,medial,small,1877989220,2320,2828,0,254,2320,0.22069,35,0.5645,0.1348,0.9355,0.8574,0.7363,0.2938,0.6904,0.2479,0.7822,0.3396,47,47.0,7.83,32.46,0.2413,0.0239,0.4976,1.4028,0.0,0.0,0.0,2,fraction_of_image,Left upper lobe pulmonary nodule,0.3,7.5,200
c0014_right_upper_moderate_small,c0014,lesion,right,upper,moderate,medial,small,917354968,2320,2828,0,254,2320,0.22069,35,0.5645,0.1348,0.9355,0.8574,0.6401,0.2938,0.5942,0.2479,0.686,0.3396,47,47.0,77.83,35.94,2.1658,2.7738,0.7016,1.4028,0.9665,0.0,0.9665,3,fraction_of_image,Left upper lobe pulmonary nodule,0.3,7.5,200
c0014_right_upper_on_structure_small,c0014,lesion,right,upper,on_structure,lateral,small,1295025129,2320,2828,0,254,2320,0.22069,35,0.5645,0.1348,0.9355,0.8574,0.8599,0.2938,0.814,0.2479,0.9058,0.3396,47,47.0,5.77,54.17,0.1066,-0.0519,1.6967,1.4028,0.0,0.0,0.0,2,fraction_of_image,Left upper lobe pulmonary nodule,0.3,7.5,200
c0014_right_upper_clear_medium,c0014,lesion,right,upper,clear,medial,medium,83112096,2320,2828,0,254,2320,0.22069,35,0.5645,0.1348,0.9355,0.8574,0.7128,0.2938,0.6542,0.2352,0.7714,0.3523,60,60.0,66.07,31.73,2.0823,2.7509,0.5511,1.2507,0.9037,0.0,0.9037,3,fraction_of_image,Left upper lobe pulmonary nodule,0.3,7.5,200
c0014_right_upper_moderate_medium,c0014,lesion,right,upper,moderate,medial,medium,512196963,2320,2828,0,254,2320,0.22069,35,0.5645,0.1348,0.9355,0.8574,0.6632,0.2938,0.6046,0.2352,0.7218,0.3523,60,60.0,84.06,37.78,2.2252,3.0203,0.6914,1.2507,0.9303,0.0,0.9303,6,fraction_of_image,Left upper lobe pulmonary nodule,0.3,7.5,200
c0014_right_upper_on_structure_medium,c0014,lesion,right,upper,on_structure,lateral,medium,807164009,2320,2828,0,254,2320,0.22069,35,0.5645,0.1348,0.9355,0.8574,0.8492,0.2938,0.7906,0.2352,0.9078,0.3523,60,60.0,6.49,61.07,0.1063,-0.0202,1.586,1.2507,0.0,0.0,0.0,2,fraction_of_image,Left upper lobe pulmonary nodule,0.3,7.5,200
c0014_right_upper_clear_large,c0014,lesion,right,upper,clear,medial,large,1609720185,2320,2828,0,254,2320,0.22069,35,0.5645,0.1348,0.9355,0.8574,0.739,0.2938,0.6668,0.2215,0.8113,0.366,74,74.0,62.02,48.86,1.2693,1.6827,0.604,1.0668,0.9036,0.0,0.9036,2,fraction_of_image,Left upper lobe pulmonary nodule,0.3,7.5,200
c0014_right_upper_clear_large__null,c0014,null_edit,right,upper,clear,medial,large,1609720185,2320,2828,0,254,2320,0.22069,35,0.5645,0.1348,0.9355,0.8574,0.739,0.2938,0.6668,0.2215,0.8113,0.366,74,74.0,12.33,48.86,0.2524,0.2909,0.604,1.0668,0.0,0.0,0.0,2,fraction_of_image,"Normal left lung parenchyma, no focal abnormality",0.3,7.5,200
c0014_right_upper_moderate_large,c0014,lesion,right,upper,moderate,medial,large,54458518,2320,2828,0,254,2320,0.22069,35,0.5645,0.1348,0.9355,0.8574,0.6623,0.2938,0.59,0.2215,0.7345,0.366,74,74.0,66.47,46.43,1.4315,1.9867,0.6729,1.0668,0.0,0.0,0.0,3,fraction_of_image,Left upper lobe pulmonary nodule,0.3,7.5,200
c0014_right_upper_on_structure_large,c0014,lesion,right,upper,on_structure,lateral,large,852023311,2320,2828,0,254,2320,0.22069,35,0.5645,0.1348,0.9355,0.8574,0.8377,0.2938,0.7655,0.2215,0.91,0.366,74,74.0,7.44,67.28,0.1105,-0.0137,1.4026,1.0668,0.0,0.0,0.0,2,fraction_of_image,Left upper lobe pulmonary nodule,0.3,7.5,200
c0014_right_mid_clear_small,c0014,lesion,right,mid,clear,medial,small,380651821,2320,2828,0,254,2320,0.22069,35,0.5645,0.1348,0.9355,0.8574,0.7363,0.4961,0.6904,0.4502,0.7822,0.542,47,47.0,39.12,43.14,0.9067,1.302,0.5965,0.8259,0.0,0.0,0.0,1,fraction_of_image,Left upper lobe pulmonary nodule,0.3,7.5,200
c0014_right_mid_moderate_small,c0014,lesion,right,mid,moderate,medial,small,851890354,2320,2828,0,254,2320,0.22069,35,0.5645,0.1348,0.9355,0.8574,0.6401,0.4961,0.5942,0.4502,0.686,0.542,47,47.0,19.77,47.47,0.4166,0.2933,0.9704,0.8259,0.3311,0.0,0.3311,3,fraction_of_image,Left upper lobe pulmonary nodule,0.3,7.5,200
c0014_right_mid_on_structure_small,c0014,lesion,right,mid,on_structure,medial,small,1557779265,2320,2828,0,254,2320,0.22069,35,0.5645,0.1348,0.9355,0.8574,0.6813,0.4961,0.6354,0.4502,0.7272,0.542,47,47.0,41.98,45.37,0.9253,1.1193,1.19,0.8259,0.8485,0.0,0.8485,2,fraction_of_image,Left upper lobe pulmonary nodule,0.3,7.5,200
c0014_right_mid_clear_medium,c0014,lesion,right,mid,clear,medial,medium,841215545,2320,2828,0,254,2320,0.22069,35,0.5645,0.1348,0.9355,0.8574,0.7376,0.4961,0.679,0.4375,0.7962,0.5547,60,60.0,45.57,34.98,1.3027,1.8108,0.5684,0.7282,0.5223,0.0,0.5223,5,fraction_of_image,Left upper lobe pulmonary nodule,0.3,7.5,200
c0014_right_mid_moderate_medium,c0014,lesion,right,mid,moderate,medial,medium,1201146288,2320,2828,0,254,2320,0.22069,35,0.5645,0.1348,0.9355,0.8574,0.7004,0.4961,0.6418,0.4375,0.759,0.5547,60,60.0,39.17,40.79,0.9604,1.4133,0.9181,0.7282,0.8221,0.0,0.8221,4,fraction_of_image,Left upper lobe pulmonary nodule,0.3,7.5,200
c0014_right_mid_on_structure_medium,c0014,lesion,right,mid,on_structure,lateral,medium,1395651399,2320,2828,0,254,2320,0.22069,35,0.5645,0.1348,0.9355,0.8574,0.8492,0.4961,0.7906,0.4375,0.9078,0.5547,60,60.0,30.36,67.42,0.4504,0.2323,1.1006,0.7282,0.9671,0.0,0.9671,4,fraction_of_image,Left upper lobe pulmonary nodule,0.3,7.5,200
c0014_right_mid_clear_large,c0014,lesion,right,mid,clear,medial,large,1630267530,2320,2828,0,254,2320,0.22069,35,0.5645,0.1348,0.9355,0.8574,0.739,0.4961,0.6668,0.4238,0.8113,0.5684,74,74.0,52.52,37.17,1.4129,1.8841,0.5726,0.6375,0.0,0.0,0.0,2,fraction_of_image,Left upper lobe pulmonary nodule,0.3,7.5,200
c0014_right_mid_clear_large__null,c0014,null_edit,right,mid,clear,medial,large,1630267530,2320,2828,0,254,2320,0.22069,35,0.5645,0.1348,0.9355,0.8574,0.739,0.4961,0.6668,0.4238,0.8113,0.5684,74,74.0,11.37,37.17,0.3058,-0.0743,0.5726,0.6375,0.0,0.0,0.0,2,fraction_of_image,"Normal left lung parenchyma, no focal abnormality",0.3,7.5,200
c0014_right_mid_moderate_large,c0014,lesion,right,mid,moderate,medial,large,274300966,2320,2828,0,254,2320,0.22069,35,0.5645,0.1348,0.9355,0.8574,0.6952,0.4961,0.6229,0.4238,0.7674,0.5684,74,74.0,43.15,43.73,0.9866,1.4495,0.8635,0.6375,0.1536,0.0,0.1536,4,fraction_of_image,Left upper lobe pulmonary nodule,0.3,7.5,200
c0014_right_mid_on_structure_large,c0014,lesion,right,mid,on_structure,medial,large,818005927,2320,2828,0,254,2320,0.22069,35,0.5645,0.1348,0.9355,0.8574,0.6403,0.4961,0.5681,0.4238,0.7126,0.5684,74,74.0,21.36,69.48,0.3074,0.2786,1.0759,0.6375,0.6004,0.0,0.6004,2,fraction_of_image,Left upper lobe pulmonary nodule,0.3,7.5,200
c0014_right_lower_clear_small,c0014,lesion,right,lower,clear,lateral,small,1947716811,2320,2828,0,254,2320,0.22069,35,0.5645,0.1348,0.9355,0.8574,0.8736,0.6984,0.8277,0.6525,0.9195,0.7443,47,47.0,29.04,56.76,0.5116,0.7109,0.4276,1.1469,0.0957,0.0,0.0957,4,fraction_of_image,Left upper lobe pulmonary nodule,0.3,7.5,200
c0014_right_lower_moderate_small,c0014,lesion,right,lower,moderate,medial,small,652754246,2320,2828,0,254,2320,0.22069,35,0.5645,0.1348,0.9355,0.8574,0.75,0.6984,0.7041,0.6525,0.7959,0.7443,47,47.0,52.07,52.73,0.9875,1.2372,0.9773,1.1469,0.9717,0.0,0.9717,3,fraction_of_image,Left upper lobe pulmonary nodule,0.3,7.5,200
c0014_right_lower_on_structure_small,c0014,lesion,right,lower,on_structure,medial,small,237161403,2320,2828,0,254,2320,0.22069,35,0.5645,0.1348,0.9355,0.8574,0.6676,0.6984,0.6217,0.6525,0.7135,0.7443,47,47.0,8.42,26.43,0.3185,-0.1585,1.4798,1.1469,0.0,0.0,0.0,3,fraction_of_image,Left upper lobe pulmonary nodule,0.3,7.5,200
c0014_right_lower_clear_medium,c0014,lesion,right,lower,clear,lateral,medium,1433444409,2320,2828,0,254,2320,0.22069,35,0.5645,0.1348,0.9355,0.8574,0.8368,0.6984,0.7782,0.6398,0.8954,0.757,60,60.0,62.85,40.83,1.5394,2.2275,0.4579,1.0451,0.9692,0.0,0.9692,3,fraction_of_image,Left upper lobe pulmonary nodule,0.3,7.5,200
c0014_right_lower_moderate_medium,c0014,lesion,right,lower,moderate,medial,medium,1108960492,2320,2828,0,254,2320,0.22069,35,0.5645,0.1348,0.9355,0.8574,0.75,0.6984,0.6914,0.6398,0.8086,0.757,60,60.0,49.69,54.2,0.9168,1.0887,0.953,1.0451,0.8973,0.0,0.8973,3,fraction_of_image,Left upper lobe pulmonary nodule,0.3,7.5,200
c0014_right_lower_on_structure_medium,c0014,lesion,right,lower,on_structure,medial,medium,1716745819,2320,2828,0,254,2320,0.22069,35,0.5645,0.1348,0.9355,0.8574,0.6632,0.6984,0.6046,0.6398,0.7218,0.757,60,60.0,8.78,41.47,0.2118,-0.0943,1.4444,1.0451,0.0,0.0,0.0,3,fraction_of_image,Left upper lobe pulmonary nodule,0.3,7.5,200
c0014_right_lower_clear_large,c0014,lesion,right,lower,clear,lateral,large,1158129353,2320,2828,0,254,2320,0.22069,35,0.5645,0.1348,0.9355,0.8574,0.8597,0.6984,0.7874,0.6262,0.9319,0.7707,74,74.0,45.3,59.5,0.7614,1.0552,0.4959,0.9496,0.9393,0.0,0.9393,4,fraction_of_image,Left upper lobe pulmonary nodule,0.3,7.5,200
c0014_right_lower_clear_large__null,c0014,null_edit,right,lower,clear,lateral,large,1158129353,2320,2828,0,254,2320,0.22069,35,0.5645,0.1348,0.9355,0.8574,0.8597,0.6984,0.7874,0.6262,0.9319,0.7707,74,74.0,10.18,59.5,0.1712,0.0013,0.4959,0.9496,0.0,0.0,0.0,1,fraction_of_image,"Normal left lung parenchyma, no focal abnormality",0.3,7.5,200
c0014_right_lower_moderate_large,c0014,lesion,right,lower,moderate,medial,large,1682935471,2320,2828,0,254,2320,0.22069,35,0.5645,0.1348,0.9355,0.8574,0.75,0.6984,0.6777,0.6262,0.8223,0.7707,74,74.0,53.53,51.67,1.036,1.277,0.9268,0.9496,0.9559,0.0,0.9559,3,fraction_of_image,Left upper lobe pulmonary nodule,0.3,7.5,200
c0014_right_lower_on_structure_large,c0014,lesion,right,lower,on_structure,medial,large,1561713704,2320,2828,0,254,2320,0.22069,35,0.5645,0.1348,0.9355,0.8574,0.6623,0.6984,0.59,0.6262,0.7345,0.7707,74,74.0,9.34,55.75,0.1676,-0.0465,1.4191,0.9496,0.0,0.0,0.0,2,fraction_of_image,Left upper lobe pulmonary nodule,0.3,7.5,200
c0015_left_upper_clear_small,c0015,lesion,left,upper,clear,medial,small,411454789,2828,2320,254,0,2320,0.22069,50,0.1348,0.1211,0.4883,0.7793,0.3758,0.2659,0.3299,0.22,0.4217,0.3118,47,47.0,65.37,27.7,2.3603,3.258,0.5308,0.9803,0.9872,0.0,0.9872,5,fraction_of_image,Right upper lobe pulmonary nodule,0.3,7.5,200
c0015_left_upper_moderate_small,c0015,lesion,left,upper,moderate,medial,small,1757321031,2828,2320,254,0,2320,0.22069,50,0.1348,0.1211,0.4883,0.7793,0.4272,0.2659,0.3813,0.22,0.4731,0.3118,47,47.0,56.73,51.72,1.0968,1.4882,0.8064,0.9803,0.8881,0.0,0.8881,2,fraction_of_image,Right upper lobe pulmonary nodule,0.3,7.5,200
c0015_left_upper_on_structure_small,c0015,lesion,left,upper,on_structure,lateral,small,1934176992,2828,2320,254,0,2320,0.22069,50,0.1348,0.1211,0.4883,0.7793,0.2087,0.2659,0.1628,0.22,0.2546,0.3118,47,47.0,6.0,36.81,0.1631,0.0731,1.4004,0.9803,0.0,0.0,0.0,1,fraction_of_image,Right upper lobe pulmonary nodule,0.3,7.5,200
c0015_left_upper_clear_medium,c0015,lesion,left,upper,clear,medial,medium,1140105651,2828,2320,254,0,2320,0.22069,50,0.1348,0.1211,0.4883,0.7793,0.3461,0.2659,0.2875,0.2073,0.4047,0.3245,60,60.0,75.76,32.96,2.2984,3.011,0.5787,0.8527,0.9802,0.0,0.9802,5,fraction_of_image,Right upper lobe pulmonary nodule,0.3,7.5,200
c0015_left_upper_moderate_medium,c0015,lesion,left,upper,moderate,lateral,medium,287186495,2828,2320,254,0,2320,0.22069,50,0.1348,0.1211,0.4883,0.7793,0.3,0.2659,0.2414,0.2073,0.3586,0.3245,60,60.0,69.03,51.88,1.3307,1.7376,0.7616,0.8527,0.9822,0.0,0.9822,1,fraction_of_image,Right upper lobe pulmonary nodule,0.3,7.5,200
c0015_left_upper_on_structure_medium,c0015,lesion,left,upper,on_structure,lateral,medium,842165806,2828,2320,254,0,2320,0.22069,50,0.1348,0.1211,0.4883,0.7793,0.2193,0.2659,0.1607,0.2073,0.2779,0.3245,60,60.0,6.13,44.86,0.1366,0.0429,1.2835,0.8527,0.0,0.0,0.0,2,fraction_of_image,Right upper lobe pulmonary nodule,0.3,7.5,200
c0015_left_upper_clear_large,c0015,lesion,left,upper,clear,medial,large,2064583744,2828,2320,254,0,2320,0.22069,50,0.1348,0.1211,0.4883,0.7793,0.3519,0.2659,0.2796,0.1936,0.4241,0.3382,74,74.0,77.38,42.51,1.8203,2.2814,0.5915,0.7248,0.9215,0.0,0.9215,4,fraction_of_image,Right upper lobe pulmonary nodule,0.3,7.5,200
c0015_left_upper_clear_large__null,c0015,null_edit,left,upper,clear,medial,large,2064583744,2828,2320,254,0,2320,0.22069,50,0.1348,0.1211,0.4883,0.7793,0.3519,0.2659,0.2796,0.1936,0.4241,0.3382,74,74.0,17.48,42.51,0.4112,0.4195,0.5915,0.7248,0.0,0.0,0.0,2,fraction_of_image,"Normal right lung parenchyma, no focal abnormality",0.3,7.5,200
c0015_left_upper_moderate_large,c0015,lesion,left,upper,moderate,medial,large,1366233256,2828,2320,254,0,2320,0.22069,50,0.1348,0.1211,0.4883,0.7793,0.4124,0.2659,0.3401,0.1936,0.4847,0.3382,74,74.0,63.32,50.76,1.2474,1.7081,0.7307,0.7248,0.6616,0.0,0.6616,4,fraction_of_image,Right upper lobe pulmonary nodule,0.3,7.5,200
c0015_left_upper_on_structure_large,c0015,lesion,left,upper,on_structure,lateral,large,729475189,2828,2320,254,0,2320,0.22069,50,0.1348,0.1211,0.4883,0.7793,0.2308,0.2659,0.1586,0.1936,0.3031,0.3382,74,74.0,14.7,51.69,0.2843,0.1708,1.2022,0.7248,0.9527,0.0,0.9527,4,fraction_of_image,Right upper lobe pulmonary nodule,0.3,7.5,200
c0015_left_mid_clear_small,c0015,lesion,left,mid,clear,medial,small,867759771,2828,2320,254,0,2320,0.22069,50,0.1348,0.1211,0.4883,0.7793,0.3501,0.4502,0.3042,0.4043,0.396,0.4961,47,47.0,47.46,27.08,1.7527,2.3018,0.7375,0.6641,0.784,0.0,0.784,4,fraction_of_image,Right upper lobe pulmonary nodule,0.3,7.5,200
c0015_left_mid_moderate_small,c0015,lesion,left,mid,moderate,lateral,small,1172994720,2828,2320,254,0,2320,0.22069,50,0.1348,0.1211,0.4883,0.7793,0.2601,0.4502,0.2142,0.4043,0.306,0.4961,47,47.0,54.77,28.32,1.9336,2.4176,0.9363,0.6641,0.986,0.0,0.986,1,fraction_of_image,Right upper lobe pulmonary nodule,0.3,7.5,200
c0015_left_mid_on_structure_small,c0015,lesion,left,mid,on_structure,lateral,small,1773283570,2828,2320,254,0,2320,0.22069,50,0.1348,0.1211,0.4883,0.7793,0.2087,0.4502,0.1628,0.4043,0.2546,0.4961,47,47.0,20.44,60.92,0.3355,0.2479,1.0598,0.6641,0.9647,0.0,0.9647,3,fraction_of_image,Right upper lobe pulmonary nodule,0.3,7.5,200
c0015_left_mid_clear_medium,c0015,lesion,left,mid,clear,medial,medium,1315758293,2828,2320,254,0,2320,0.22069,50,0.1348,0.1211,0.4883,0.7793,0.3461,0.4502,0.2875,0.3916,0.4047,0.5088,60,60.0,46.48,26.41,1.7601,2.2617,0.7699,0.4861,0.9406,0.0,0.9406,1,fraction_of_image,Right upper lobe pulmonary nodule,0.3,7.5,200
c0015_left_mid_moderate_medium,c0015,lesion,left,mid,moderate,lateral,medium,37911165,2828,2320,254,0,2320,0.22069,50,0.1348,0.1211,0.4883,0.7793,0.2539,0.4502,0.1953,0.3916,0.3125,0.5088,60,60.0,60.41,44.59,1.3546,1.7167,0.9118,0.4861,0.9815,0.0,0.9815,5,fraction_of_image,Right upper lobe pulmonary nodule,0.3,7.5,200
c0015_left_mid_on_structure_medium,c0015,lesion,left,mid,on_structure,lateral,medium,694280571,2828,2320,254,0,2320,0.22069,50,0.1348,0.1211,0.4883,0.7793,0.2193,0.4502,0.1607,0.3916,0.2779,0.5088,60,60.0,45.67,57.05,0.8005,1.0439,0.9948,0.4861,0.9829,0.0,0.9829,3,fraction_of_image,Right upper lobe pulmonary nodule,0.3,7.5,200
c0015_left_mid_clear_large,c0015,lesion,left,mid,clear,medial,large,565853008,2828,2320,254,0,2320,0.22069,50,0.1348,0.1211,0.4883,0.7793,0.3721,0.4502,0.2998,0.3779,0.4443,0.5225,74,74.0,45.79,37.42,1.2238,1.6308,0.7777,0.3185,0.9004,0.0,0.9004,3,fraction_of_image,Right upper lobe pulmonary nodule,0.3,7.5,200
c0015_left_mid_clear_large__null,c0015,null_edit,left,mid,clear,medial,large,565853008,2828,2320,254,0,2320,0.22069,50,0.1348,0.1211,0.4883,0.7793,0.3721,0.4502,0.2998,0.3779,0.4443,0.5225,74,74.0,16.07,37.42,0.4295,0.0331,0.7777,0.3185,0.0,0.0,0.0,1,fraction_of_image,"Normal right lung parenchyma, no focal abnormality",0.3,7.5,200
c0015_left_mid_moderate_large,c0015,lesion,left,mid,moderate,lateral,large,2100263661,2828,2320,254,0,2320,0.22069,50,0.1348,0.1211,0.4883,0.7793,0.3115,0.4502,0.2393,0.3779,0.3838,0.5225,74,74.0,59.4,28.79,2.0632,2.5631,0.8797,0.3185,0.9544,0.0,0.9544,1,fraction_of_image,Right upper lobe pulmonary nodule,0.3,7.5,200
c0015_left_mid_on_structure_large,c0015,lesion,left,mid,on_structure,lateral,large,571127252,2828,2320,254,0,2320,0.22069,50,0.1348,0.1211,0.4883,0.7793,0.2308,0.4502,0.1586,0.3779,0.3031,0.5225,74,74.0,51.23,59.28,0.8643,1.1364,0.9455,0.3185,0.9666,0.0,0.9666,3,fraction_of_image,Right upper lobe pulmonary nodule,0.3,7.5,200
c0015_left_lower_clear_small,c0015,lesion,left,lower,clear,lateral,small,1479454627,2828,2320,254,0,2320,0.22069,50,0.1348,0.1211,0.4883,0.7793,0.2472,0.6345,0.2013,0.5886,0.2931,0.6804,47,47.0,9.17,40.05,0.229,0.2103,0.5091,0.5374,0.0,0.0,0.0,4,fraction_of_image,Right upper lobe pulmonary nodule,0.3,7.5,200
c0015_left_lower_moderate_small,c0015,lesion,left,lower,moderate,lateral,small,1208364506,2828,2320,254,0,2320,0.22069,50,0.1348,0.1211,0.4883,0.7793,0.273,0.6345,0.2271,0.5886,0.3189,0.6804,47,47.0,8.95,42.6,0.21,0.1064,0.5598,0.5374,0.0,0.0,0.0,2,fraction_of_image,Right upper lobe pulmonary nodule,0.3,7.5,200
c0015_left_lower_on_structure_small,c0015,lesion,left,lower,on_structure,medial,small,1690017088,2828,2320,254,0,2320,0.22069,50,0.1348,0.1211,0.4883,0.7793,0.4272,0.6345,0.3813,0.5886,0.4731,0.6804,47,47.0,15.0,58.57,0.2562,0.2763,0.8195,0.5374,0.0,0.0,0.0,1,fraction_of_image,Right upper lobe pulmonary nodule,0.3,7.5,200
c0015_left_lower_clear_medium,c0015,lesion,left,lower,clear,medial,medium,1077313509,2828,2320,254,0,2320,0.22069,50,0.1348,0.1211,0.4883,0.7793,0.3576,0.6345,0.299,0.5759,0.4162,0.6931,60,60.0,24.11,43.25,0.5575,0.5578,0.5348,0.3184,0.4181,0.0,0.4181,5,fraction_of_image,Right upper lobe pulmonary nodule,0.3,7.5,200
c0015_left_lower_moderate_medium,c0015,lesion,left,lower,moderate,lateral,medium,631389297,2828,2320,254,0,2320,0.22069,50,0.1348,0.1211,0.4883,0.7793,0.2193,0.6345,0.1607,0.5759,0.2779,0.6931,60,60.0,10.08,55.78,0.1807,0.1795,0.5843,0.3184,0.0,0.0,0.0,3,fraction_of_image,Right upper lobe pulmonary nodule,0.3,7.5,200
c0015_left_lower_on_structure_medium,c0015,lesion,left,lower,on_structure,medial,medium,914724956,2828,2320,254,0,2320,0.22069,50,0.1348,0.1211,0.4883,0.7793,0.4152,0.6345,0.3566,0.5759,0.4738,0.6931,60,60.0,13.71,56.59,0.2423,0.2579,0.7038,0.3184,0.0,0.0,0.0,3,fraction_of_image,Right upper lobe pulmonary nodule,0.3,7.5,200
c0015_left_lower_clear_large,c0015,lesion,left,lower,clear,medial,large,1057675604,2828,2320,254,0,2320,0.22069,50,0.1348,0.1211,0.4883,0.7793,0.3519,0.6345,0.2796,0.5622,0.4241,0.7068,74,74.0,38.63,49.85,0.7749,0.9958,0.5709,0.1693,0.9749,0.0,0.9749,3,fraction_of_image,Right upper lobe pulmonary nodule,0.3,7.5,200
c0015_left_lower_clear_large__null,c0015,null_edit,left,lower,clear,medial,large,1057675604,2828,2320,254,0,2320,0.22069,50,0.1348,0.1211,0.4883,0.7793,0.3519,0.6345,0.2796,0.5622,0.4241,0.7068,74,74.0,17.57,49.85,0.3525,0.0076,0.5709,0.1693,0.0,0.0,0.0,3,fraction_of_image,"Normal right lung parenchyma, no focal abnormality",0.3,7.5,200
c0015_left_lower_moderate_large,c0015,lesion,left,lower,moderate,lateral,large,355726578,2828,2320,254,0,2320,0.22069,50,0.1348,0.1211,0.4883,0.7793,0.2712,0.6345,0.1989,0.5622,0.3434,0.7068,74,74.0,49.25,49.69,0.9912,1.3586,0.6071,0.1693,0.9812,0.0,0.9812,3,fraction_of_image,Right upper lobe pulmonary nodule,0.3,7.5,200
c0015_left_lower_on_structure_large,c0015,lesion,left,lower,on_structure,lateral,large,893260345,2828,2320,254,0,2320,0.22069,50,0.1348,0.1211,0.4883,0.7793,0.2106,0.6345,0.1384,0.5622,0.2829,0.7068,74,74.0,10.97,59.8,0.1834,0.188,0.6549,0.1693,0.0,0.0,0.0,3,fraction_of_image,Right upper lobe pulmonary nodule,0.3,7.5,200
c0015_right_upper_clear_small,c0015,lesion,right,upper,clear,medial,small,277797743,2828,2320,254,0,2320,0.22069,50,0.5664,0.1191,0.9141,0.8477,0.7151,0.2794,0.6692,0.2335,0.761,0.3253,47,47.0,68.97,25.73,2.6805,3.7428,0.5166,0.9163,0.9752,0.0,0.9752,6,fraction_of_image,Left upper lobe pulmonary nodule,0.3,7.5,200
c0015_right_upper_moderate_small,c0015,lesion,right,upper,moderate,medial,small,176285250,2828,2320,254,0,2320,0.22069,50,0.5664,0.1191,0.9141,0.8477,0.6523,0.2794,0.6064,0.2335,0.6982,0.3253,47,47.0,77.83,44.21,1.7606,2.1288,0.7613,0.9163,0.53,0.0,0.53,3,fraction_of_image,Left upper lobe pulmonary nodule,0.3,7.5,200
c0015_right_upper_on_structure_small,c0015,lesion,right,upper,on_structure,lateral,small,1070796472,2828,2320,254,0,2320,0.22069,50,0.5664,0.1191,0.9141,0.8477,0.8407,0.2794,0.7948,0.2335,0.8866,0.3253,47,47.0,12.06,51.14,0.2358,0.298,1.1497,0.9163,0.0,0.0,0.0,0,fraction_of_image,Left upper lobe pulmonary nodule,0.3,7.5,200
c0015_right_upper_clear_medium,c0015,lesion,right,upper,clear,medial,medium,610323377,2828,2320,254,0,2320,0.22069,50,0.5664,0.1191,0.9141,0.8477,0.7402,0.2794,0.6816,0.2208,0.7988,0.338,60,60.0,68.02,37.36,1.8206,2.4681,0.5316,0.7686,0.9783,0.0,0.9783,6,fraction_of_image,Left upper lobe pulmonary nodule,0.3,7.5,200
c0015_right_upper_moderate_medium,c0015,lesion,right,upper,moderate,medial,medium,59514222,2828,2320,254,0,2320,0.22069,50,0.5664,0.1191,0.9141,0.8477,0.6616,0.2794,0.603,0.2208,0.7202,0.338,60,60.0,79.51,50.59,1.5714,1.9455,0.713,0.7686,0.9267,0.0,0.9267,2,fraction_of_image,Left upper lobe pulmonary nodule,0.3,7.5,200
c0015_right_upper_on_structure_medium,c0015,lesion,right,upper,on_structure,lateral,medium,41912050,2828,2320,254,0,2320,0.22069,50,0.5664,0.1191,0.9141,0.8477,0.8301,0.2794,0.7715,0.2208,0.8887,0.338,60,60.0,18.91,54.63,0.3461,0.3645,1.0705,0.7686,0.0,0.0,0.0,2,fraction_of_image,Left upper lobe pulmonary nodule,0.3,7.5,200
c0015_right_upper_clear_large,c0015,lesion,right,upper,clear,medial,large,1336753691,2828,2320,254,0,2320,0.22069,50,0.5664,0.1191,0.9141,0.8477,0.7402,0.2794,0.668,0.2071,0.8125,0.3517,74,74.0,64.23,49.6,1.295,1.766,0.5451,0.6458,0.9319,0.0,0.9319,6,fraction_of_image,Left upper lobe pulmonary nodule,0.3,7.5,200
c0015_right_upper_clear_large__null,c0015,null_edit,right,upper,clear,medial,large,1336753691,2828,2320,254,0,2320,0.22069,50,0.5664,0.1191,0.9141,0.8477,0.7402,0.2794,0.668,0.2071,0.8125,0.3517,74,74.0,9.9,49.6,0.1997,0.212,0.5451,0.6458,0.0539,0.0,0.0539,3,fraction_of_image,"Normal left lung parenchyma, no focal abnormality",0.3,7.5,200
c0015_right_upper_moderate_large,c0015,lesion,right,upper,moderate,medial,large,1259010063,2828,2320,254,0,2320,0.22069,50,0.5664,0.1191,0.9141,0.8477,0.6717,0.2794,0.5994,0.2071,0.7439,0.3517,74,74.0,74.96,53.23,1.4081,1.8587,0.6721,0.6458,0.8438,0.0,0.8438,3,fraction_of_image,Left upper lobe pulmonary nodule,0.3,7.5,200
c0015_right_upper_on_structure_large,c0015,lesion,right,upper,on_structure,lateral,large,1820615529,2828,2320,254,0,2320,0.22069,50,0.5664,0.1191,0.9141,0.8477,0.8186,0.2794,0.7463,0.2071,0.8909,0.3517,74,74.0,31.64,55.22,0.5729,0.7337,1.0104,0.6458,0.8453,0.0,0.8453,5,fraction_of_image,Left upper lobe pulmonary nodule,0.3,7.5,200
c0015_right_mid_clear_small,c0015,lesion,right,mid,clear,medial,small,27887830,2828,2320,254,0,2320,0.22069,50,0.5664,0.1191,0.9141,0.8477,0.7277,0.4834,0.6818,0.4375,0.7736,0.5293,47,47.0,35.31,33.55,1.0523,1.4181,0.3738,0.7561,0.1054,0.0,0.1054,4,fraction_of_image,Left upper lobe pulmonary nodule,0.3,7.5,200
c0015_right_mid_moderate_small,c0015,lesion,right,mid,moderate,medial,small,116380639,2828,2320,254,0,2320,0.22069,50,0.5664,0.1191,0.9141,0.8477,0.6774,0.4834,0.6315,0.4375,0.7233,0.5293,47,47.0,42.03,37.94,1.1077,1.5407,0.7068,0.7561,0.1061,0.0,0.1061,2,fraction_of_image,Left upper lobe pulmonary nodule,0.3,7.5,200
c0015_right_mid_on_structure_small,c0015,lesion,right,mid,on_structure,lateral,small,1733252914,2828,2320,254,0,2320,0.22069,50,0.5664,0.1191,0.9141,0.8477,0.8407,0.4834,0.7948,0.4375,0.8866,0.5293,47,47.0,31.24,65.89,0.4741,0.6201,1.0379,0.7561,0.9656,0.0,0.9656,3,fraction_of_image,Left upper lobe pulmonary nodule,0.3,7.5,200
c0015_right_mid_clear_medium,c0015,lesion,right,mid,clear,medial,medium,1770617361,2828,2320,254,0,2320,0.22069,50,0.5664,0.1191,0.9141,0.8477,0.729,0.4834,0.6704,0.4248,0.7876,0.542,60,60.0,51.85,34.47,1.5041,1.9471,0.4137,0.6305,0.0541,0.0,0.0541,2,fraction_of_image,Left upper lobe pulmonary nodule,0.3,7.5,200
c0015_right_mid_moderate_medium,c0015,lesion,right,mid,moderate,medial,medium,1141403408,2828,2320,254,0,2320,0.22069,50,0.5664,0.1191,0.9141,0.8477,0.6841,0.4834,0.6255,0.4248,0.7427,0.542,60,60.0,42.28,44.75,0.9447,1.4103,0.6709,0.6305,0.8639,0.0,0.8639,5,fraction_of_image,Left upper lobe pulmonary nodule,0.3,7.5,200
c0015_right_mid_on_structure_medium,c0015,lesion,right,mid,on_structure,lateral,medium,857228561,2828,2320,254,0,2320,0.22069,50,0.5664,0.1191,0.9141,0.8477,0.8301,0.4834,0.7715,0.4248,0.8887,0.542,60,60.0,42.14,67.9,0.6206,0.8625,0.9174,0.6305,0.9566,0.0,0.9566,4,fraction_of_image,Left upper lobe pulmonary nodule,0.3,7.5,200
c0015_right_mid_clear_large,c0015,lesion,right,mid,clear,medial,large,2097141943,2828,2320,254,0,2320,0.22069,50,0.5664,0.1191,0.9141,0.8477,0.7304,0.4834,0.6582,0.4111,0.8027,0.5557,74,74.0,44.28,37.77,1.1722,1.5363,0.4552,0.4744,0.0673,0.0,0.0673,5,fraction_of_image,Left upper lobe pulmonary nodule,0.3,7.5,200
c0015_right_mid_clear_large__null,c0015,null_edit,right,mid,clear,medial,large,2097141943,2828,2320,254,0,2320,0.22069,50,0.5664,0.1191,0.9141,0.8477,0.7304,0.4834,0.6582,0.4111,0.8027,0.5557,74,74.0,13.73,37.77,0.3636,0.2754,0.4552,0.4744,0.0,0.0,0.0,4,fraction_of_image,"Normal left lung parenchyma, no focal abnormality",0.3,7.5,200
c0015_right_mid_moderate_large,c0015,lesion,right,mid,moderate,medial,large,1602235205,2828,2320,254,0,2320,0.22069,50,0.5664,0.1191,0.9141,0.8477,0.6913,0.4834,0.619,0.4111,0.7635,0.5557,74,74.0,36.74,52.32,0.7022,1.0674,0.6354,0.4744,0.8947,0.0,0.8947,6,fraction_of_image,Left upper lobe pulmonary nodule,0.3,7.5,200
c0015_right_mid_on_structure_large,c0015,lesion,right,mid,on_structure,lateral,large,1170879328,2828,2320,254,0,2320,0.22069,50,0.5664,0.1191,0.9141,0.8477,0.8284,0.4834,0.7561,0.4111,0.9007,0.5557,74,74.0,45.55,68.6,0.664,0.9327,0.8568,0.4744,0.9184,0.0,0.9184,4,fraction_of_image,Left upper lobe pulmonary nodule,0.3,7.5,200
c0015_right_lower_clear_small,c0015,lesion,right,lower,clear,lateral,small,1412391671,2828,2320,254,0,2320,0.22069,50,0.5664,0.1191,0.9141,0.8477,0.8282,0.6874,0.7823,0.6415,0.8741,0.7333,47,47.0,45.0,35.95,1.2518,1.7152,0.6826,0.563,0.9713,0.0,0.9713,7,fraction_of_image,Left upper lobe pulmonary nodule,0.3,7.5,200
c0015_right_lower_moderate_small,c0015,lesion,right,lower,moderate,medial,small,1108983408,2828,2320,254,0,2320,0.22069,50,0.5664,0.1191,0.9141,0.8477,0.7402,0.6874,0.6943,0.6415,0.7861,0.7333,47,47.0,28.23,46.68,0.6047,0.7304,0.9636,0.563,0.6223,0.0,0.6223,2,fraction_of_image,Left upper lobe pulmonary nodule,0.3,7.5,200
c0015_right_lower_on_structure_small,c0015,lesion,right,lower,on_structure,medial,small,2090693592,2828,2320,254,0,2320,0.22069,50,0.5664,0.1191,0.9141,0.8477,0.6397,0.6874,0.5938,0.6415,0.6856,0.7333,47,47.0,6.79,34.99,0.1942,0.0979,1.1662,0.563,0.0,0.0,0.0,3,fraction_of_image,Left upper lobe pulmonary nodule,0.3,7.5,200
c0015_right_lower_clear_medium,c0015,lesion,right,lower,clear,lateral,medium,159724226,2828,2320,254,0,2320,0.22069,50,0.5664,0.1191,0.9141,0.8477,0.8076,0.6874,0.749,0.6288,0.8662,0.746,60,60.0,44.45,43.42,1.0237,1.3557,0.6895,0.4999,0.8039,0.0,0.8039,4,fraction_of_image,Left upper lobe pulmonary nodule,0.3,7.5,200
c0015_right_lower_moderate_medium,c0015,lesion,right,lower,moderate,medial,medium,1275473341,2828,2320,254,0,2320,0.22069,50,0.5664,0.1191,0.9141,0.8477,0.7402,0.6874,0.6816,0.6288,0.7988,0.746,60,60.0,27.26,50.29,0.5421,0.6283,0.9998,0.4999,0.45,0.0,0.45,3,fraction_of_image,Left upper lobe pulmonary nodule,0.3,7.5,200
c0015_right_lower_on_structure_medium,c0015,lesion,right,lower,on_structure,medial,medium,302416064,2828,2320,254,0,2320,0.22069,50,0.5664,0.1191,0.9141,0.8477,0.6729,0.6874,0.6143,0.6288,0.7314,0.746,60,60.0,9.42,42.15,0.2234,0.1757,1.1564,0.4999,0.1068,0.0,0.1068,3,fraction_of_image,Left upper lobe pulmonary nodule,0.3,7.5,200
c0015_right_lower_clear_large,c0015,lesion,right,lower,clear,lateral,large,1311097995,2828,2320,254,0,2320,0.22069,50,0.5664,0.1191,0.9141,0.8477,0.8186,0.6874,0.7463,0.6151,0.8909,0.7596,74,74.0,42.42,50.5,0.8401,1.1766,0.7143,0.4404,0.8965,0.0,0.8965,6,fraction_of_image,Left upper lobe pulmonary nodule,0.3,7.5,200
c0015_right_lower_clear_large__null,c0015,null_edit,right,lower,clear,lateral,large,1311097995,2828,2320,254,0,2320,0.22069,50,0.5664,0.1191,0.9141,0.8477,0.8186,0.6874,0.7463,0.6151,0.8909,0.7596,74,74.0,14.6,50.5,0.2892,0.0152,0.7143,0.4404,0.0,0.0,0.0,4,fraction_of_image,"Normal left lung parenchyma, no focal abnormality",0.3,7.5,200
c0015_right_lower_moderate_large,c0015,lesion,right,lower,moderate,medial,large,923264047,2828,2320,254,0,2320,0.22069,50,0.5664,0.1191,0.9141,0.8477,0.7402,0.6874,0.668,0.6151,0.8125,0.7596,74,74.0,25.01,48.39,0.5168,0.615,1.0313,0.4404,0.948,0.0,0.948,2,fraction_of_image,Left upper lobe pulmonary nodule,0.3,7.5,200
c0015_right_lower_on_structure_large,c0015,lesion,right,lower,on_structure,medial,large,432488510,2828,2320,254,0,2320,0.22069,50,0.5664,0.1191,0.9141,0.8477,0.6717,0.6874,0.5994,0.6151,0.7439,0.7596,74,74.0,11.63,53.04,0.2193,0.148,1.1419,0.4404,0.0725,0.0,0.0725,4,fraction_of_image,Left upper lobe pulmonary nodule,0.3,7.5,200
c0018_left_upper_clear_small,c0018,lesion,left,upper,clear,medial,small,1421839998,3920,3612,154,0,3612,0.14175,45,0.1758,0.1621,0.4531,0.7695,0.3416,0.2957,0.2957,0.2498,0.3875,0.3416,47,47.0,61.35,26.81,2.2884,3.0,0.6053,0.9232,0.9878,0.0,0.9878,3,fraction_of_image,Right upper lobe pulmonary nodule,0.3,7.5,200
c0018_left_upper_moderate_small,c0018,lesion,left,upper,moderate,lateral,small,1407627944,3920,3612,154,0,3612,0.14175,45,0.1758,0.1621,0.4531,0.7695,0.3145,0.2957,0.2686,0.2498,0.3604,0.3416,47,47.0,61.59,33.52,1.8375,2.6191,0.7464,0.9232,0.9884,0.0,0.9884,2,fraction_of_image,Right upper lobe pulmonary nodule,0.3,7.5,200
c0018_left_upper_on_structure_small,c0018,lesion,left,upper,on_structure,lateral,small,1172571264,3920,3612,154,0,3612,0.14175,45,0.1758,0.1621,0.4531,0.7695,0.2421,0.2957,0.1962,0.2498,0.288,0.3416,47,47.0,45.43,46.22,0.9831,1.0962,1.2028,0.9232,0.9707,0.0,0.9707,3,fraction_of_image,Right upper lobe pulmonary nodule,0.3,7.5,200
c0018_left_upper_clear_medium,c0018,lesion,left,upper,clear,medial,medium,1341910967,3920,3612,154,0,3612,0.14175,45,0.1758,0.1621,0.4531,0.7695,0.3762,0.2957,0.3176,0.2371,0.4348,0.3543,60,60.0,62.2,43.47,1.4308,1.995,0.6276,0.7112,0.9838,0.0,0.9838,4,fraction_of_image,Right upper lobe pulmonary nodule,0.3,7.5,200
c0018_left_upper_moderate_medium,c0018,lesion,left,upper,moderate,lateral,medium,1067117090,3920,3612,154,0,3612,0.14175,45,0.1758,0.1621,0.4531,0.7695,0.3145,0.2957,0.2559,0.2371,0.373,0.3543,60,60.0,67.76,51.62,1.3126,1.7915,0.7559,0.7112,0.9881,0.0,0.9881,3,fraction_of_image,Right upper lobe pulmonary nodule,0.3,7.5,200
c0018_left_upper_on_structure_medium,c0018,lesion,left,upper,on_structure,lateral,medium,323050265,3920,3612,154,0,3612,0.14175,45,0.1758,0.1621,0.4531,0.7695,0.2527,0.2957,0.1941,0.2371,0.3113,0.3543,60,60.0,51.01,51.76,0.9855,1.2261,1.1262,0.7112,0.9791,0.0,0.9791,1,fraction_of_image,Right upper lobe pulmonary nodule,0.3,7.5,200
c0018_left_upper_clear_large,c0018,lesion,left,upper,clear,medial,large,2057691059,3920,3612,154,0,3612,0.14175,45,0.1758,0.1621,0.4531,0.7695,0.3584,0.2957,0.2861,0.2235,0.4307,0.368,74,74.0,54.14,50.76,1.0666,1.4891,0.6431,0.5702,0.9856,0.0,0.9856,2,fraction_of_image,Right upper lobe pulmonary nodule,0.3,7.5,200
c0018_left_upper_clear_large__null,c0018,null_edit,left,upper,clear,medial,large,2057691059,3920,3612,154,0,3612,0.14175,45,0.1758,0.1621,0.4531,0.7695,0.3584,0.2957,0.2861,0.2235,0.4307,0.368,74,74.0,7.39,50.76,0.1456,0.0221,0.6431,0.5702,0.0,0.0,0.0,0,fraction_of_image,"Normal right lung parenchyma, no focal abnormality",0.3,7.5,200
c0018_left_upper_moderate_large,c0018,lesion,left,upper,moderate,lateral,large,1900854235,3920,3612,154,0,3612,0.14175,45,0.1758,0.1621,0.4531,0.7695,0.3145,0.2957,0.2422,0.2235,0.3867,0.368,74,74.0,68.12,52.56,1.2959,1.7543,0.759,0.5702,0.9806,0.0,0.9806,4,fraction_of_image,Right upper lobe pulmonary nodule,0.3,7.5,200
c0018_left_upper_on_structure_large,c0018,lesion,left,upper,on_structure,lateral,large,567065019,3920,3612,154,0,3612,0.14175,45,0.1758,0.1621,0.4531,0.7695,0.2642,0.2957,0.192,0.2235,0.3365,0.368,74,74.0,59.26,53.97,1.0981,1.3399,1.0612,0.5702,0.9581,0.0,0.9581,5,fraction_of_image,Right upper lobe pulmonary nodule,0.3,7.5,200
c0018_left_mid_clear_small,c0018,lesion,left,mid,clear,medial,small,306054301,3920,3612,154,0,3612,0.14175,45,0.1758,0.1621,0.4531,0.7695,0.3597,0.4658,0.3138,0.4199,0.4056,0.5117,47,47.0,51.27,28.8,1.7801,2.2545,0.6977,0.4391,0.9796,0.0,0.9796,1,fraction_of_image,Right upper lobe pulmonary nodule,0.3,7.5,200
c0018_left_mid_moderate_small,c0018,lesion,left,mid,moderate,lateral,small,1807269629,3920,3612,154,0,3612,0.14175,45,0.1758,0.1621,0.4531,0.7695,0.2873,0.4658,0.2414,0.4199,0.3332,0.5117,47,47.0,57.23,19.43,2.9457,3.6903,0.8838,0.4391,0.9901,0.0,0.9901,2,fraction_of_image,Right upper lobe pulmonary nodule,0.3,7.5,200
c0018_left_mid_on_structure_small,c0018,lesion,left,mid,on_structure,medial,small,852397131,3920,3612,154,0,3612,0.14175,45,0.1758,0.1621,0.4531,0.7695,0.3959,0.4658,0.35,0.4199,0.4418,0.5117,47,47.0,44.86,50.63,0.886,1.2222,0.9984,0.4391,0.9577,0.0,0.9577,2,fraction_of_image,Right upper lobe pulmonary nodule,0.3,7.5,200
c0018_left_mid_clear_medium,c0018,lesion,left,mid,clear,medial,medium,933442835,3920,3612,154,0,3612,0.14175,45,0.1758,0.1621,0.4531,0.7695,0.353,0.4658,0.2944,0.4072,0.4116,0.5244,60,60.0,58.91,32.95,1.7877,2.2615,0.7156,0.2902,0.97,0.0,0.97,4,fraction_of_image,Right upper lobe pulmonary nodule,0.3,7.5,200
c0018_left_mid_moderate_medium,c0018,lesion,left,mid,moderate,lateral,medium,1841819343,3920,3612,154,0,3612,0.14175,45,0.1758,0.1621,0.4531,0.7695,0.299,0.4658,0.2404,0.4072,0.3576,0.5244,60,60.0,62.89,24.18,2.6015,3.4584,0.8372,0.2902,0.9874,0.0,0.9874,2,fraction_of_image,Right upper lobe pulmonary nodule,0.3,7.5,200
c0018_left_mid_on_structure_medium,c0018,lesion,left,mid,on_structure,medial,medium,539712343,3920,3612,154,0,3612,0.14175,45,0.1758,0.1621,0.4531,0.7695,0.3916,0.4658,0.333,0.4072,0.4502,0.5244,60,60.0,44.44,55.06,0.8071,1.1633,0.9339,0.2902,0.3129,0.0,0.3129,2,fraction_of_image,Right upper lobe pulmonary nodule,0.3,7.5,200
c0018_left_mid_clear_large,c0018,lesion,left,mid,clear,medial,large,629479687,3920,3612,154,0,3612,0.14175,45,0.1758,0.1621,0.4531,0.7695,0.3396,0.4658,0.2673,0.3936,0.4118,0.5381,74,74.0,63.8,37.22,1.7143,2.1902,0.7361,0.2042,0.9687,0.0,0.9687,2,fraction_of_image,Right upper lobe pulmonary nodule,0.3,7.5,200
c0018_left_mid_clear_large__null,c0018,null_edit,left,mid,clear,medial,large,629479687,3920,3612,154,0,3612,0.14175,45,0.1758,0.1621,0.4531,0.7695,0.3396,0.4658,0.2673,0.3936,0.4118,0.5381,74,74.0,9.68,37.22,0.2602,0.0626,0.7361,0.2042,0.0,0.0,0.0,0,fraction_of_image,"Normal right lung parenchyma, no focal abnormality",0.3,7.5,200
c0018_left_mid_moderate_large,c0018,lesion,left,mid,moderate,medial,large,303648815,3920,3612,154,0,3612,0.14175,45,0.1758,0.1621,0.4531,0.7695,0.371,0.4658,0.2987,0.3936,0.4432,0.5381,74,74.0,48.62,53.79,0.9039,1.1862,0.8077,0.2042,0.9719,0.0,0.9719,3,fraction_of_image,Right upper lobe pulmonary nodule,0.3,7.5,200
c0018_left_mid_on_structure_large,c0018,lesion,left,mid,on_structure,lateral,large,1678059280,3920,3612,154,0,3612,0.14175,45,0.1758,0.1621,0.4531,0.7695,0.2642,0.4658,0.192,0.3936,0.3365,0.5381,74,74.0,60.91,56.69,1.0745,1.3747,0.893,0.2042,0.9788,0.0,0.9788,3,fraction_of_image,Right upper lobe pulmonary nodule,0.3,7.5,200
c0018_left_lower_clear_small,c0018,lesion,left,lower,clear,medial,small,185601690,3920,3612,154,0,3612,0.14175,45,0.1758,0.1621,0.4531,0.7695,0.3597,0.6359,0.3138,0.59,0.4056,0.6818,47,47.0,24.03,30.4,0.7906,1.0742,0.7521,0.2567,0.8104,0.0,0.8104,2,fraction_of_image,Right upper lobe pulmonary nodule,0.3,7.5,200
c0018_left_lower_moderate_small,c0018,lesion,left,lower,moderate,lateral,small,1527643272,3920,3612,154,0,3612,0.14175,45,0.1758,0.1621,0.4531,0.7695,0.233,0.6359,0.1871,0.59,0.2789,0.6818,47,47.0,13.02,39.43,0.3303,0.3309,0.8664,0.2567,0.8339,0.0,0.8339,5,fraction_of_image,Right upper lobe pulmonary nodule,0.3,7.5,200
c0018_left_lower_on_structure_small,c0018,lesion,left,lower,on_structure,lateral,small,1279232400,3920,3612,154,0,3612,0.14175,45,0.1758,0.1621,0.4531,0.7695,0.3145,0.6359,0.2686,0.59,0.3604,0.6818,47,47.0,56.91,24.9,2.2856,3.3346,0.8975,0.2567,0.9857,0.0,0.9857,1,fraction_of_image,Right upper lobe pulmonary nodule,0.3,7.5,200
c0018_left_lower_clear_medium,c0018,lesion,left,lower,clear,medial,medium,162800637,3920,3612,154,0,3612,0.14175,45,0.1758,0.1621,0.4531,0.7695,0.353,0.6359,0.2944,0.5773,0.4116,0.6945,60,60.0,38.42,37.22,1.0321,1.3769,0.787,0.1305,0.9788,0.0,0.9788,2,fraction_of_image,Right upper lobe pulmonary nodule,0.3,7.5,200
c0018_left_lower_moderate_medium,c0018,lesion,left,lower,moderate,lateral,medium,1387516372,3920,3612,154,0,3612,0.14175,45,0.1758,0.1621,0.4531,0.7695,0.2604,0.6359,0.2019,0.5773,0.319,0.6945,60,60.0,39.54,36.09,1.0955,1.4296,0.8476,0.1305,0.9881,0.0,0.9881,1,fraction_of_image,Right upper lobe pulmonary nodule,0.3,7.5,200
c0018_left_lower_on_structure_medium,c0018,lesion,left,lower,on_structure,lateral,medium,1586277283,3920,3612,154,0,3612,0.14175,45,0.1758,0.1621,0.4531,0.7695,0.2913,0.6359,0.2327,0.5773,0.3499,0.6945,60,60.0,57.5,31.63,1.8177,2.5424,0.8726,0.1305,0.9893,0.0,0.9893,2,fraction_of_image,Right upper lobe pulmonary nodule,0.3,7.5,200
c0018_left_lower_clear_large,c0018,lesion,left,lower,clear,medial,large,833035121,3920,3612,154,0,3612,0.14175,45,0.1758,0.1621,0.4531,0.7695,0.3584,0.6359,0.2861,0.5636,0.4307,0.7082,74,74.0,32.68,45.83,0.713,0.9018,0.8033,0.0688,0.9785,0.0,0.9785,2,fraction_of_image,Right upper lobe pulmonary nodule,0.3,7.5,200
c0018_left_lower_clear_large__null,c0018,null_edit,left,lower,clear,medial,large,833035121,3920,3612,154,0,3612,0.14175,45,0.1758,0.1621,0.4531,0.7695,0.3584,0.6359,0.2861,0.5636,0.4307,0.7082,74,74.0,11.11,45.83,0.2425,0.1785,0.8033,0.0688,0.0,0.0,0.0,0,fraction_of_image,"Normal right lung parenchyma, no focal abnormality",0.3,7.5,200
c0018_left_lower_moderate_large,c0018,lesion,left,lower,moderate,lateral,large,929464707,3920,3612,154,0,3612,0.14175,45,0.1758,0.1621,0.4531,0.7695,0.3082,0.6359,0.2359,0.5636,0.3804,0.7082,74,74.0,53.82,37.07,1.4521,2.1289,0.8396,0.0688,0.9816,0.0,0.9816,1,fraction_of_image,Right upper lobe pulmonary nodule,0.3,7.5,200
c0018_left_lower_on_structure_large,c0018,lesion,left,lower,on_structure,lateral,large,1205994813,3920,3612,154,0,3612,0.14175,45,0.1758,0.1621,0.4531,0.7695,0.2956,0.6359,0.2233,0.5636,0.3679,0.7082,74,74.0,48.25,37.73,1.2788,1.9715,0.8492,0.0688,0.9834,0.0,0.9834,1,fraction_of_image,Right upper lobe pulmonary nodule,0.3,7.5,200
c0018_right_upper_clear_small,c0018,lesion,right,upper,clear,medial,small,1617515969,3920,3612,154,0,3612,0.14175,45,0.5605,0.1523,0.8223,0.7734,0.6418,0.289,0.5959,0.2431,0.6877,0.3349,47,47.0,40.73,26.37,1.5442,1.9742,0.5243,0.798,0.9771,0.0,0.9771,3,fraction_of_image,Left upper lobe pulmonary nodule,0.3,7.5,200
c0018_right_upper_moderate_small,c0018,lesion,right,upper,moderate,medial,small,728855223,3920,3612,154,0,3612,0.14175,45,0.5605,0.1523,0.8223,0.7734,0.6914,0.289,0.6455,0.2431,0.7373,0.3349,47,47.0,62.2,31.17,1.9958,2.6454,0.7302,0.798,0.9897,0.0,0.9897,1,fraction_of_image,Left upper lobe pulmonary nodule,0.3,7.5,200
c0018_right_upper_on_structure_small,c0018,lesion,right,upper,on_structure,lateral,small,422429435,3920,3612,154,0,3612,0.14175,45,0.5605,0.1523,0.8223,0.7734,0.7575,0.289,0.7116,0.2431,0.8034,0.3349,47,47.0,37.07,42.23,0.8777,1.1629,1.074,0.798,0.9747,0.0,0.9747,2,fraction_of_image,Left upper lobe pulmonary nodule,0.3,7.5,200
c0018_right_upper_clear_medium,c0018,lesion,right,upper,clear,medial,medium,134604258,3920,3612,154,0,3612,0.14175,45,0.5605,0.1523,0.8223,0.7734,0.6221,0.289,0.5635,0.2304,0.6807,0.3476,60,60.0,65.46,51.54,1.2701,1.6748,0.5636,0.6201,0.9437,0.0,0.9437,3,fraction_of_image,Left upper lobe pulmonary nodule,0.3,7.5,200
c0018_right_upper_moderate_medium,c0018,lesion,right,upper,moderate,medial,medium,1900601769,3920,3612,154,0,3612,0.14175,45,0.5605,0.1523,0.8223,0.7734,0.6914,0.289,0.6328,0.2304,0.75,0.3476,60,60.0,67.39,46.65,1.4445,1.9457,0.738,0.6201,0.9848,0.0,0.9848,2,fraction_of_image,Left upper lobe pulmonary nodule,0.3,7.5,200
c0018_right_upper_on_structure_medium,c0018,lesion,right,upper,on_structure,lateral,medium,1713502086,3920,3612,154,0,3612,0.14175,45,0.5605,0.1523,0.8223,0.7734,0.7469,0.289,0.6883,0.2304,0.8055,0.3476,60,60.0,46.54,45.48,1.0232,1.3907,1.0147,0.6201,0.9682,0.0,0.9682,3,fraction_of_image,Left upper lobe pulmonary nodule,0.3,7.5,200
c0018_right_upper_clear_large,c0018,lesion,right,upper,clear,medial,large,1191170031,3920,3612,154,0,3612,0.14175,45,0.5605,0.1523,0.8223,0.7734,0.6474,0.289,0.5752,0.2167,0.7197,0.3612,74,74.0,61.36,48.69,1.2601,1.6327,0.5947,0.4836,0.9372,0.0,0.9372,4,fraction_of_image,Left upper lobe pulmonary nodule,0.3,7.5,200
c0018_right_upper_clear_large__null,c0018,null_edit,right,upper,clear,medial,large,1191170031,3920,3612,154,0,3612,0.14175,45,0.5605,0.1523,0.8223,0.7734,0.6474,0.289,0.5752,0.2167,0.7197,0.3612,74,74.0,7.41,48.69,0.1523,0.0876,0.5947,0.4836,0.0,0.0,0.0,1,fraction_of_image,"Normal left lung parenchyma, no focal abnormality",0.3,7.5,200
c0018_right_upper_moderate_large,c0018,lesion,right,upper,moderate,medial,large,487714861,3920,3612,154,0,3612,0.14175,45,0.5605,0.1523,0.8223,0.7734,0.6914,0.289,0.6191,0.2167,0.7637,0.3612,74,74.0,64.12,47.15,1.3599,1.8484,0.7306,0.4836,0.9761,0.0,0.9761,2,fraction_of_image,Left upper lobe pulmonary nodule,0.3,7.5,200
c0018_right_upper_on_structure_large,c0018,lesion,right,upper,on_structure,lateral,large,64034729,3920,3612,154,0,3612,0.14175,45,0.5605,0.1523,0.8223,0.7734,0.7354,0.289,0.6631,0.2167,0.8077,0.3612,74,74.0,55.81,48.48,1.1512,1.5393,0.9599,0.4836,0.9631,0.0,0.9631,3,fraction_of_image,Left upper lobe pulmonary nodule,0.3,7.5,200
c0018_right_mid_clear_small,c0018,lesion,right,mid,clear,medial,small,1562771962,3920,3612,154,0,3612,0.14175,45,0.5605,0.1523,0.8223,0.7734,0.6583,0.4629,0.6124,0.417,0.7042,0.5088,47,47.0,55.08,27.34,2.0142,2.4501,0.754,0.2842,0.969,0.0,0.969,1,fraction_of_image,Left upper lobe pulmonary nodule,0.3,7.5,200
c0018_right_mid_moderate_small,c0018,lesion,right,mid,moderate,medial,small,1697881586,3920,3612,154,0,3612,0.14175,45,0.5605,0.1523,0.8223,0.7734,0.6418,0.4629,0.5959,0.417,0.6877,0.5088,47,47.0,43.42,31.61,1.3737,1.5955,0.7883,0.2842,0.9665,0.0,0.9665,2,fraction_of_image,Left upper lobe pulmonary nodule,0.3,7.5,200
c0018_right_mid_on_structure_small,c0018,lesion,right,mid,on_structure,medial,small,716661177,3920,3612,154,0,3612,0.14175,45,0.5605,0.1523,0.8223,0.7734,0.6253,0.4629,0.5794,0.417,0.6712,0.5088,47,47.0,30.97,41.14,0.7528,0.9856,0.92,0.2842,0.4897,0.0,0.4897,3,fraction_of_image,Left upper lobe pulmonary nodule,0.3,7.5,200
c0018_right_mid_clear_medium,c0018,lesion,right,mid,clear,medial,medium,1669444457,3920,3612,154,0,3612,0.14175,45,0.5605,0.1523,0.8223,0.7734,0.6845,0.4629,0.6259,0.4043,0.7431,0.5215,60,60.0,65.07,26.83,2.4252,3.1403,0.7417,0.1833,0.9775,0.0,0.9775,1,fraction_of_image,Left upper lobe pulmonary nodule,0.3,7.5,200
c0018_right_mid_moderate_medium,c0018,lesion,right,mid,moderate,lateral,medium,1788031041,3920,3612,154,0,3612,0.14175,45,0.5605,0.1523,0.8223,0.7734,0.7191,0.4629,0.6605,0.4043,0.7777,0.5215,60,60.0,57.12,24.66,2.3165,3.1455,0.7814,0.1833,0.9912,0.0,0.9912,1,fraction_of_image,Left upper lobe pulmonary nodule,0.3,7.5,200
c0018_right_mid_on_structure_medium,c0018,lesion,right,mid,on_structure,lateral,medium,1752961293,3920,3612,154,0,3612,0.14175,45,0.5605,0.1523,0.8223,0.7734,0.7607,0.4629,0.7021,0.4043,0.8193,0.5215,60,60.0,43.87,51.58,0.8504,1.2214,0.8345,0.1833,0.9823,0.0,0.9823,2,fraction_of_image,Left upper lobe pulmonary nodule,0.3,7.5,200
c0018_right_mid_clear_large,c0018,lesion,right,mid,clear,medial,large,1140761461,3920,3612,154,0,3612,0.14175,45,0.5605,0.1523,0.8223,0.7734,0.6804,0.4629,0.6081,0.3906,0.7527,0.5352,74,74.0,69.92,36.23,1.9301,2.4786,0.7294,0.118,0.954,0.0,0.954,2,fraction_of_image,Left upper lobe pulmonary nodule,0.3,7.5,200
c0018_right_mid_clear_large__null,c0018,null_edit,right,mid,clear,medial,large,1140761461,3920,3612,154,0,3612,0.14175,45,0.5605,0.1523,0.8223,0.7734,0.6804,0.4629,0.6081,0.3906,0.7527,0.5352,74,74.0,8.1,36.23,0.2236,0.0638,0.7294,0.118,0.0,0.0,0.0,1,fraction_of_image,"Normal left lung parenchyma, no focal abnormality",0.3,7.5,200
c0018_right_mid_moderate_large,c0018,lesion,right,mid,moderate,medial,large,539004356,3920,3612,154,0,3612,0.14175,45,0.5605,0.1523,0.8223,0.7734,0.6584,0.4629,0.5862,0.3906,0.7307,0.5352,74,74.0,57.64,48.4,1.1908,1.5135,0.7637,0.118,0.9286,0.0,0.9286,1,fraction_of_image,Left upper lobe pulmonary nodule,0.3,7.5,200
c0018_right_mid_on_structure_large,c0018,lesion,right,mid,on_structure,medial,large,1067502198,3920,3612,154,0,3612,0.14175,45,0.5605,0.1523,0.8223,0.7734,0.6474,0.4629,0.5752,0.3906,0.7197,0.5352,74,74.0,50.43,54.45,0.9261,1.1088,0.8001,0.118,0.9048,0.0,0.9048,2,fraction_of_image,Left upper lobe pulmonary nodule,0.3,7.5,200
c0018_right_lower_clear_small,c0018,lesion,right,lower,clear,lateral,small,2027758616,3920,3612,154,0,3612,0.14175,45,0.5605,0.1523,0.8223,0.7734,0.7327,0.6368,0.6868,0.5909,0.7786,0.6827,47,47.0,7.28,42.1,0.1729,-0.0221,0.7692,0.9096,0.0,0.0,0.0,1,fraction_of_image,Left upper lobe pulmonary nodule,0.3,7.5,200
c0018_right_lower_moderate_small,c0018,lesion,right,lower,moderate,medial,small,1256611679,3920,3612,154,0,3612,0.14175,45,0.5605,0.1523,0.8223,0.7734,0.6914,0.6368,0.6455,0.5909,0.7373,0.6827,47,47.0,12.57,47.22,0.2661,0.33,1.4099,0.9096,0.0,0.0,0.0,0,fraction_of_image,Left upper lobe pulmonary nodule,0.3,7.5,200
c0018_right_lower_on_structure_small,c0018,lesion,right,lower,on_structure,medial,small,1146206767,3920,3612,154,0,3612,0.14175,45,0.5605,0.1523,0.8223,0.7734,0.6666,0.6368,0.6207,0.5909,0.7125,0.6827,47,47.0,7.98,44.54,0.1792,0.1658,1.6353,0.9096,0.0,0.0,0.0,1,fraction_of_image,Left upper lobe pulmonary nodule,0.3,7.5,200
c0018_right_lower_clear_medium,c0018,lesion,right,lower,clear,lateral,medium,1475133280,3920,3612,154,0,3612,0.14175,45,0.5605,0.1523,0.8223,0.7734,0.7399,0.6368,0.6813,0.5782,0.7985,0.6954,60,60.0,16.56,38.62,0.4287,0.4898,0.7691,0.8922,0.9157,0.0,0.9157,7,fraction_of_image,Left upper lobe pulmonary nodule,0.3,7.5,200
c0018_right_lower_moderate_medium,c0018,lesion,right,lower,moderate,medial,medium,272542356,3920,3612,154,0,3612,0.14175,45,0.5605,0.1523,0.8223,0.7734,0.6914,0.6368,0.6328,0.5782,0.75,0.6954,60,60.0,11.85,40.79,0.2905,0.3783,1.3464,0.8922,0.0501,0.0,0.0501,1,fraction_of_image,Left upper lobe pulmonary nodule,0.3,7.5,200
c0018_right_lower_on_structure_medium,c0018,lesion,right,lower,on_structure,medial,medium,425986647,3920,3612,154,0,3612,0.14175,45,0.5605,0.1523,0.8223,0.7734,0.6429,0.6368,0.5843,0.5782,0.7015,0.6954,60,60.0,5.59,44.68,0.1251,0.0257,1.6339,0.8922,0.0,0.0,0.0,1,fraction_of_image,Left upper lobe pulmonary nodule,0.3,7.5,200
c0018_right_lower_clear_large,c0018,lesion,right,lower,clear,lateral,large,905407631,3920,3612,154,0,3612,0.14175,45,0.5605,0.1523,0.8223,0.7734,0.7354,0.6368,0.6631,0.5645,0.8077,0.7091,74,74.0,18.81,38.85,0.4842,0.6446,0.8536,0.8392,0.9433,0.0,0.9433,7,fraction_of_image,Left upper lobe pulmonary nodule,0.3,7.5,200
c0018_right_lower_clear_large__null,c0018,null_edit,right,lower,clear,lateral,large,905407631,3920,3612,154,0,3612,0.14175,45,0.5605,0.1523,0.8223,0.7734,0.7354,0.6368,0.6631,0.5645,0.8077,0.7091,74,74.0,6.7,38.85,0.1725,0.0425,0.8536,0.8392,0.0,0.0,0.0,1,fraction_of_image,"Normal left lung parenchyma, no focal abnormality",0.3,7.5,200
c0018_right_lower_moderate_large,c0018,lesion,right,lower,moderate,medial,large,943889982,3920,3612,154,0,3612,0.14175,45,0.5605,0.1523,0.8223,0.7734,0.6914,0.6368,0.6191,0.5645,0.7637,0.7091,74,74.0,15.19,34.93,0.4347,0.6126,1.2932,0.8392,0.3982,0.0,0.3982,2,fraction_of_image,Left upper lobe pulmonary nodule,0.3,7.5,200
c0018_right_lower_on_structure_large,c0018,lesion,right,lower,on_structure,medial,large,1523693458,3920,3612,154,0,3612,0.14175,45,0.5605,0.1523,0.8223,0.7734,0.6529,0.6368,0.5807,0.5645,0.7252,0.7091,74,74.0,7.17,48.42,0.1481,0.0837,1.6282,0.8392,0.0,0.0,0.0,1,fraction_of_image,Left upper lobe pulmonary nodule,0.3,7.5,200
c0021_left_upper_clear_small,c0021,lesion,left,upper,clear,medial,small,136002014,1024,1024,0,0,1024,0.5,35,0.1113,0.0996,0.4434,0.6582,0.3363,0.2225,0.2904,0.1766,0.3822,0.2684,47,47.0,44.49,28.18,1.5787,2.0895,0.3163,1.2415,0.9659,0.0,0.9659,4,fraction_of_image,Right upper lobe pulmonary nodule,0.3,7.5,200
c0021_left_upper_moderate_small,c0021,lesion,left,upper,moderate,lateral,small,1378920138,1024,1024,0,0,1024,0.5,35,0.1113,0.0996,0.4434,0.6582,0.2773,0.2225,0.2314,0.1766,0.3232,0.2684,47,47.0,52.07,54.77,0.9507,1.2378,0.6903,1.2415,0.9307,0.8232,0.1076,4,fraction_of_image,Right upper lobe pulmonary nodule,0.3,7.5,200
c0021_left_upper_on_structure_small,c0021,lesion,left,upper,on_structure,lateral,small,1884196024,1024,1024,0,0,1024,0.5,35,0.1113,0.0996,0.4434,0.6582,0.1949,0.2225,0.149,0.1766,0.2408,0.2684,47,47.0,6.31,40.33,0.1566,-0.1149,1.4882,1.2415,0.0,0.0,0.0,4,fraction_of_image,Right upper lobe pulmonary nodule,0.3,7.5,200
c0021_left_upper_clear_medium,c0021,lesion,left,upper,clear,medial,medium,542817065,1024,1024,0,0,1024,0.5,35,0.1113,0.0996,0.4434,0.6582,0.34,0.2225,0.2814,0.1639,0.3986,0.2811,60,60.0,48.8,37.16,1.3133,1.8511,0.3151,1.1883,0.9758,0.0,0.9758,4,fraction_of_image,Right upper lobe pulmonary nodule,0.3,7.5,200
c0021_left_upper_moderate_medium,c0021,lesion,left,upper,moderate,lateral,medium,328824125,1024,1024,0,0,1024,0.5,35,0.1113,0.0996,0.4434,0.6582,0.2773,0.2225,0.2188,0.1639,0.3359,0.2811,60,60.0,59.62,57.53,1.0364,1.4021,0.6625,1.1883,0.9122,0.8232,0.0891,6,fraction_of_image,Right upper lobe pulmonary nodule,0.3,7.5,200
c0021_left_upper_on_structure_medium,c0021,lesion,left,upper,on_structure,lateral,medium,2004643370,1024,1024,0,0,1024,0.5,35,0.1113,0.0996,0.4434,0.6582,0.1938,0.2225,0.1352,0.1639,0.2523,0.2811,60,60.0,5.68,46.37,0.1224,-0.1012,1.4311,1.1883,0.0,0.0,0.0,3,fraction_of_image,Right upper lobe pulmonary nodule,0.3,7.5,200
c0021_left_upper_clear_large,c0021,lesion,left,upper,clear,medial,large,840190294,1024,1024,0,0,1024,0.5,35,0.1113,0.0996,0.4434,0.6582,0.3675,0.2225,0.2952,0.1502,0.4397,0.2948,74,74.0,55.16,57.2,0.9644,1.2621,0.3276,1.0783,0.4427,0.0,0.4427,4,fraction_of_image,Right upper lobe pulmonary nodule,0.3,7.5,200
c0021_left_upper_clear_large__null,c0021,null_edit,left,upper,clear,medial,large,840190294,1024,1024,0,0,1024,0.5,35,0.1113,0.0996,0.4434,0.6582,0.3675,0.2225,0.2952,0.1502,0.4397,0.2948,74,74.0,9.89,57.2,0.1728,0.1827,0.3276,1.0783,0.0,0.0,0.0,3,fraction_of_image,"Normal right lung parenchyma, no focal abnormality",0.3,7.5,200
c0021_left_upper_moderate_large,c0021,lesion,left,upper,moderate,lateral,large,388195785,1024,1024,0,0,1024,0.5,35,0.1113,0.0996,0.4434,0.6582,0.2773,0.2225,0.2051,0.1502,0.3496,0.2948,74,74.0,66.31,59.95,1.1063,1.4913,0.6533,1.0783,0.8457,0.8232,0.0226,5,fraction_of_image,Right upper lobe pulmonary nodule,0.3,7.5,200
c0021_left_upper_on_structure_large,c0021,lesion,left,upper,on_structure,lateral,large,1564612992,1024,1024,0,0,1024,0.5,35,0.1113,0.0996,0.4434,0.6582,0.2052,0.2225,0.133,0.1502,0.2775,0.2948,74,74.0,28.19,55.8,0.5052,0.3799,1.2889,1.0783,0.798,0.8232,-0.0252,5,fraction_of_image,Right upper lobe pulmonary nodule,0.3,7.5,200
c0021_left_mid_clear_small,c0021,lesion,left,mid,clear,medial,small,1594466117,1024,1024,0,0,1024,0.5,35,0.1113,0.0996,0.4434,0.6582,0.2891,0.3789,0.2432,0.333,0.335,0.4248,47,47.0,64.2,23.75,2.7028,3.5509,0.3881,1.279,0.9885,0.0,0.9885,3,fraction_of_image,Right upper lobe pulmonary nodule,0.3,7.5,200
c0021_left_mid_moderate_small,c0021,lesion,left,mid,moderate,medial,small,889402195,1024,1024,0,0,1024,0.5,35,0.1113,0.0996,0.4434,0.6582,0.3598,0.3789,0.3139,0.333,0.4057,0.4248,47,47.0,51.71,37.36,1.3841,1.8954,0.5934,1.279,0.4471,0.0,0.4471,3,fraction_of_image,Right upper lobe pulmonary nodule,0.3,7.5,200
c0021_left_mid_on_structure_small,c0021,lesion,left,mid,on_structure,lateral,small,1681069850,1024,1024,0,0,1024,0.5,35,0.1113,0.0996,0.4434,0.6582,0.1831,0.3789,0.1372,0.333,0.229,0.4248,47,47.0,9.34,58.45,0.1598,-0.0062,1.1927,1.279,0.0,0.0,0.0,2,fraction_of_image,Right upper lobe pulmonary nodule,0.3,7.5,200
c0021_left_mid_clear_medium,c0021,lesion,left,mid,clear,medial,medium,906806257,1024,1024,0,0,1024,0.5,35,0.1113,0.0996,0.4434,0.6582,0.3087,0.3789,0.2501,0.3203,0.3673,0.4375,60,60.0,70.07,21.8,3.2146,4.2582,0.4101,0.9964,0.9851,0.0,0.9851,4,fraction_of_image,Right upper lobe pulmonary nodule,0.3,7.5,200
c0021_left_mid_moderate_medium,c0021,lesion,left,mid,moderate,medial,medium,869636019,1024,1024,0,0,1024,0.5,35,0.1113,0.0996,0.4434,0.6582,0.3505,0.3789,0.2919,0.3203,0.4091,0.4375,60,60.0,61.59,40.34,1.5265,2.0012,0.5602,0.9964,0.9726,0.0,0.9726,6,fraction_of_image,Right upper lobe pulmonary nodule,0.3,7.5,200
c0021_left_mid_on_structure_medium,c0021,lesion,left,mid,on_structure,lateral,medium,733555743,1024,1024,0,0,1024,0.5,35,0.1113,0.0996,0.4434,0.6582,0.1938,0.3789,0.1352,0.3203,0.2523,0.4375,60,60.0,58.37,56.96,1.0247,1.2918,1.0002,0.9964,0.9733,0.0,0.9733,5,fraction_of_image,Right upper lobe pulmonary nodule,0.3,7.5,200
c0021_left_mid_clear_large,c0021,lesion,left,mid,clear,medial,large,2085790438,1024,1024,0,0,1024,0.5,35,0.1113,0.0996,0.4434,0.6582,0.2954,0.3789,0.2231,0.3066,0.3676,0.4512,74,74.0,67.89,29.18,2.3266,3.0361,0.423,0.724,0.957,0.0,0.957,4,fraction_of_image,Right upper lobe pulmonary nodule,0.3,7.5,200
c0021_left_mid_clear_large__null,c0021,null_edit,left,mid,clear,medial,large,2085790438,1024,1024,0,0,1024,0.5,35,0.1113,0.0996,0.4434,0.6582,0.2954,0.3789,0.2231,0.3066,0.3676,0.4512,74,74.0,9.16,29.18,0.3139,0.2165,0.423,0.724,0.0,0.0,0.0,2,fraction_of_image,"Normal right lung parenchyma, no focal abnormality",0.3,7.5,200
c0021_left_mid_moderate_large,c0021,lesion,left,mid,moderate,medial,large,380605012,1024,1024,0,0,1024,0.5,35,0.1113,0.0996,0.4434,0.6582,0.3404,0.3789,0.2682,0.3066,0.4127,0.4512,74,74.0,66.43,45.82,1.4499,1.9357,0.5318,0.724,0.9512,0.0,0.9512,5,fraction_of_image,Right upper lobe pulmonary nodule,0.3,7.5,200
c0021_left_mid_on_structure_large,c0021,lesion,left,mid,on_structure,lateral,large,30557726,1024,1024,0,0,1024,0.5,35,0.1113,0.0996,0.4434,0.6582,0.2052,0.3789,0.133,0.3066,0.2775,0.4512,74,74.0,58.87,58.88,0.9997,1.2726,0.8526,0.724,0.2842,0.0,0.2842,4,fraction_of_image,Right upper lobe pulmonary nodule,0.3,7.5,200
c0021_left_lower_clear_small,c0021,lesion,left,lower,clear,medial,small,2093625615,1024,1024,0,0,1024,0.5,35,0.1113,0.0996,0.4434,0.6582,0.3598,0.5353,0.3139,0.4894,0.4057,0.5812,47,47.0,39.62,42.63,0.9294,1.3543,0.6129,0.487,0.5541,0.0,0.5541,3,fraction_of_image,Right upper lobe pulmonary nodule,0.3,7.5,200
c0021_left_lower_moderate_small,c0021,lesion,left,lower,moderate,medial,small,159950208,1024,1024,0,0,1024,0.5,35,0.1113,0.0996,0.4434,0.6582,0.3127,0.5353,0.2668,0.4894,0.3586,0.5812,47,47.0,49.84,48.22,1.0337,1.5691,0.6367,0.487,0.8564,0.0,0.8564,5,fraction_of_image,Right upper lobe pulmonary nodule,0.3,7.5,200
c0021_left_lower_on_structure_small,c0021,lesion,left,lower,on_structure,medial,small,2059309916,1024,1024,0,0,1024,0.5,35,0.1113,0.0996,0.4434,0.6582,0.3952,0.5353,0.3493,0.4894,0.4411,0.5812,47,47.0,15.54,49.77,0.3123,0.422,0.8908,0.487,0.0,0.0,0.0,2,fraction_of_image,Right upper lobe pulmonary nodule,0.3,7.5,200
c0021_left_lower_clear_medium,c0021,lesion,left,lower,clear,lateral,medium,340353277,1024,1024,0,0,1024,0.5,35,0.1113,0.0996,0.4434,0.6582,0.2564,0.5353,0.1979,0.4767,0.315,0.5939,60,60.0,54.11,52.03,1.0401,1.4236,0.6654,0.2805,0.9745,0.0,0.9745,7,fraction_of_image,Right upper lobe pulmonary nodule,0.3,7.5,200
c0021_left_lower_moderate_medium,c0021,lesion,left,lower,moderate,medial,medium,151862117,1024,1024,0,0,1024,0.5,35,0.1113,0.0996,0.4434,0.6582,0.3296,0.5353,0.271,0.4767,0.3882,0.5939,60,60.0,55.43,48.49,1.1433,1.7401,0.6752,0.2805,0.9274,0.0,0.9274,5,fraction_of_image,Right upper lobe pulmonary nodule,0.3,7.5,200
c0021_left_lower_on_structure_medium,c0021,lesion,left,lower,on_structure,medial,medium,1062100660,1024,1024,0,0,1024,0.5,35,0.1113,0.0996,0.4434,0.6582,0.3818,0.5353,0.3232,0.4767,0.4404,0.5939,60,60.0,41.91,54.4,0.7704,1.0849,0.7879,0.2805,0.3245,0.0,0.3245,4,fraction_of_image,Right upper lobe pulmonary nodule,0.3,7.5,200
c0021_left_lower_clear_large,c0021,lesion,left,lower,clear,lateral,large,1353955274,1024,1024,0,0,1024,0.5,35,0.1113,0.0996,0.4434,0.6582,0.2683,0.5353,0.1961,0.463,0.3406,0.6076,74,74.0,55.56,51.37,1.0816,1.47,0.7044,0.1261,0.9811,0.0,0.9811,6,fraction_of_image,Right upper lobe pulmonary nodule,0.3,7.5,200
c0021_left_lower_clear_large__null,c0021,null_edit,left,lower,clear,lateral,large,1353955274,1024,1024,0,0,1024,0.5,35,0.1113,0.0996,0.4434,0.6582,0.2683,0.5353,0.1961,0.463,0.3406,0.6076,74,74.0,7.72,51.37,0.1504,0.1108,0.7044,0.1261,0.0,0.0,0.0,4,fraction_of_image,"Normal right lung parenchyma, no focal abnormality",0.3,7.5,200
c0021_left_lower_moderate_large,c0021,lesion,left,lower,moderate,medial,large,746742709,1024,1024,0,0,1024,0.5,35,0.1113,0.0996,0.4434,0.6582,0.3314,0.5353,0.2592,0.463,0.4037,0.6076,74,74.0,57.04,52.03,1.0962,1.6912,0.7119,0.1261,0.9743,0.0,0.9743,3,fraction_of_image,Right upper lobe pulmonary nodule,0.3,7.5,200
c0021_left_lower_on_structure_large,c0021,lesion,left,lower,on_structure,medial,large,2049407734,1024,1024,0,0,1024,0.5,35,0.1113,0.0996,0.4434,0.6582,0.3675,0.5353,0.2952,0.463,0.4397,0.6076,74,74.0,54.41,56.67,0.9601,1.3802,0.7855,0.1261,0.0,0.0,0.0,1,fraction_of_image,Right upper lobe pulmonary nodule,0.3,7.5,200
c0021_right_upper_clear_small,c0021,lesion,right,upper,clear,medial,small,1425964624,1024,1024,0,0,1024,0.5,35,0.5352,0.0996,0.8594,0.627,0.6175,0.2156,0.5716,0.1697,0.6634,0.2615,47,47.0,46.66,24.58,1.8988,2.547,0.3321,1.0851,0.9673,0.0,0.9673,3,fraction_of_image,Left upper lobe pulmonary nodule,0.3,7.5,200
c0021_right_upper_moderate_small,c0021,lesion,right,upper,moderate,medial,small,236608602,1024,1024,0,0,1024,0.5,35,0.5352,0.0996,0.8594,0.627,0.6973,0.2156,0.6514,0.1697,0.7432,0.2615,47,47.0,74.6,55.15,1.3526,1.805,0.6946,1.0851,0.9732,0.0,0.9732,3,fraction_of_image,Left upper lobe pulmonary nodule,0.3,7.5,200
c0021_right_upper_on_structure_small,c0021,lesion,right,upper,on_structure,lateral,small,626312044,1024,1024,0,0,1024,0.5,35,0.5352,0.0996,0.8594,0.627,0.8112,0.2156,0.7653,0.1697,0.8571,0.2615,47,47.0,6.25,42.37,0.1475,-0.0796,1.3735,1.0851,0.0,0.0,0.0,3,fraction_of_image,Left upper lobe pulmonary nodule,0.3,7.5,200
c0021_right_upper_clear_medium,c0021,lesion,right,upper,clear,medial,medium,362542477,1024,1024,0,0,1024,0.5,35,0.5352,0.0996,0.8594,0.627,0.6168,0.2156,0.5582,0.157,0.6754,0.2742,60,60.0,57.23,46.32,1.2355,1.6235,0.3284,1.0471,0.9649,0.0,0.9649,2,fraction_of_image,Left upper lobe pulmonary nodule,0.3,7.5,200
c0021_right_upper_moderate_medium,c0021,lesion,right,upper,moderate,medial,medium,1963296476,1024,1024,0,0,1024,0.5,35,0.5352,0.0996,0.8594,0.627,0.6973,0.2156,0.6387,0.157,0.7559,0.2742,60,60.0,65.36,56.91,1.1484,1.6125,0.6812,1.0471,0.9705,0.0,0.9705,4,fraction_of_image,Left upper lobe pulmonary nodule,0.3,7.5,200
c0021_right_upper_on_structure_medium,c0021,lesion,right,upper,on_structure,lateral,medium,2101394126,1024,1024,0,0,1024,0.5,35,0.5352,0.0996,0.8594,0.627,0.7777,0.2156,0.7191,0.157,0.8363,0.2742,60,60.0,7.96,46.63,0.1707,-0.0821,1.3131,1.0471,0.0,0.0,0.0,4,fraction_of_image,Left upper lobe pulmonary nodule,0.3,7.5,200
c0021_right_upper_clear_large,c0021,lesion,right,upper,clear,medial,large,460802545,1024,1024,0,0,1024,0.5,35,0.5352,0.0996,0.8594,0.627,0.6369,0.2156,0.5646,0.1434,0.7092,0.2879,74,74.0,65.08,56.18,1.1584,1.498,0.3587,0.9419,0.8823,0.0,0.8823,6,fraction_of_image,Left upper lobe pulmonary nodule,0.3,7.5,200
c0021_right_upper_clear_large__null,c0021,null_edit,right,upper,clear,medial,large,460802545,1024,1024,0,0,1024,0.5,35,0.5352,0.0996,0.8594,0.627,0.6369,0.2156,0.5646,0.1434,0.7092,0.2879,74,74.0,9.84,56.18,0.1751,0.1906,0.3587,0.9419,0.0,0.0,0.0,2,fraction_of_image,"Normal left lung parenchyma, no focal abnormality",0.3,7.5,200
c0021_right_upper_moderate_large,c0021,lesion,right,upper,moderate,medial,large,2051290425,1024,1024,0,0,1024,0.5,35,0.5352,0.0996,0.8594,0.627,0.6973,0.2156,0.625,0.1434,0.7695,0.2879,74,74.0,86.92,59.12,1.4704,2.112,0.6991,0.9419,0.9444,0.0,0.9444,2,fraction_of_image,Left upper lobe pulmonary nodule,0.3,7.5,200
c0021_right_upper_on_structure_large,c0021,lesion,right,upper,on_structure,lateral,large,1181761871,1024,1024,0,0,1024,0.5,35,0.5352,0.0996,0.8594,0.627,0.7662,0.2156,0.694,0.1434,0.8385,0.2879,74,74.0,25.64,57.76,0.444,0.4165,1.2111,0.9419,0.9382,0.0,0.9382,3,fraction_of_image,Left upper lobe pulmonary nodule,0.3,7.5,200
c0021_right_mid_clear_small,c0021,lesion,right,mid,clear,medial,small,1484229136,1024,1024,0,0,1024,0.5,35,0.5352,0.0996,0.8594,0.627,0.6745,0.3633,0.6286,0.3174,0.7204,0.4092,47,47.0,49.5,25.25,1.9606,2.4536,0.3946,0.951,0.9715,0.0,0.9715,4,fraction_of_image,Left upper lobe pulmonary nodule,0.3,7.5,200
c0021_right_mid_moderate_small,c0021,lesion,right,mid,moderate,lateral,small,1732888470,1024,1024,0,0,1024,0.5,35,0.5352,0.0996,0.8594,0.627,0.7428,0.3633,0.6969,0.3174,0.7887,0.4092,47,47.0,42.13,38.64,1.0904,1.5384,0.6373,0.951,0.9816,0.0,0.9816,3,fraction_of_image,Left upper lobe pulmonary nodule,0.3,7.5,200
c0021_right_mid_on_structure_small,c0021,lesion,right,mid,on_structure,lateral,small,719691313,1024,1024,0,0,1024,0.5,35,0.5352,0.0996,0.8594,0.627,0.7884,0.3633,0.7425,0.3174,0.8343,0.4092,47,47.0,7.55,61.22,0.1234,-0.1203,0.8779,0.951,0.0,0.0,0.0,3,fraction_of_image,Left upper lobe pulmonary nodule,0.3,7.5,200
c0021_right_mid_clear_medium,c0021,lesion,right,mid,clear,medial,medium,855265707,1024,1024,0,0,1024,0.5,35,0.5352,0.0996,0.8594,0.627,0.6771,0.3633,0.6186,0.3047,0.7357,0.4219,60,60.0,64.74,26.96,2.4017,3.0991,0.4192,0.6986,0.9785,0.0,0.9785,6,fraction_of_image,Left upper lobe pulmonary nodule,0.3,7.5,200
c0021_right_mid_moderate_medium,c0021,lesion,right,mid,moderate,lateral,medium,1737777805,1024,1024,0,0,1024,0.5,35,0.5352,0.0996,0.8594,0.627,0.7274,0.3633,0.6688,0.3047,0.786,0.4219,60,60.0,61.23,44.75,1.3681,1.8322,0.5754,0.6986,0.9849,0.0,0.9849,5,fraction_of_image,Left upper lobe pulmonary nodule,0.3,7.5,200
c0021_right_mid_on_structure_medium,c0021,lesion,right,mid,on_structure,lateral,medium,1722011427,1024,1024,0,0,1024,0.5,35,0.5352,0.0996,0.8594,0.627,0.7777,0.3633,0.7191,0.3047,0.8363,0.4219,60,60.0,22.99,60.71,0.3787,0.5479,0.7909,0.6986,0.9683,0.0,0.9683,3,fraction_of_image,Left upper lobe pulmonary nodule,0.3,7.5,200
c0021_right_mid_clear_large,c0021,lesion,right,mid,clear,medial,large,1931605543,1024,1024,0,0,1024,0.5,35,0.5352,0.0996,0.8594,0.627,0.68,0.3633,0.6078,0.291,0.7523,0.4355,74,74.0,72.79,33.61,2.1657,2.7716,0.4143,0.5129,0.9791,0.0,0.9791,6,fraction_of_image,Left upper lobe pulmonary nodule,0.3,7.5,200
c0021_right_mid_clear_large__null,c0021,null_edit,right,mid,clear,medial,large,1931605543,1024,1024,0,0,1024,0.5,35,0.5352,0.0996,0.8594,0.627,0.68,0.3633,0.6078,0.291,0.7523,0.4355,74,74.0,9.5,33.61,0.2828,0.2354,0.4143,0.5129,0.0,0.0,0.0,3,fraction_of_image,"Normal left lung parenchyma, no focal abnormality",0.3,7.5,200
c0021_right_mid_moderate_large,c0021,lesion,right,mid,moderate,lateral,large,428682609,1024,1024,0,0,1024,0.5,35,0.5352,0.0996,0.8594,0.627,0.7145,0.3633,0.6422,0.291,0.7868,0.4355,74,74.0,69.79,48.21,1.4477,1.9699,0.527,0.5129,0.9777,0.0,0.9777,6,fraction_of_image,Left upper lobe pulmonary nodule,0.3,7.5,200
c0021_right_mid_on_structure_large,c0021,lesion,right,mid,on_structure,lateral,large,557594030,1024,1024,0,0,1024,0.5,35,0.5352,0.0996,0.8594,0.627,0.7662,0.3633,0.694,0.291,0.8385,0.4355,74,74.0,34.64,63.47,0.5457,0.8054,0.7264,0.5129,0.977,0.0,0.977,8,fraction_of_image,Left upper lobe pulmonary nodule,0.3,7.5,200
c0021_right_lower_clear_small,c0021,lesion,right,lower,clear,lateral,small,1282446078,1024,1024,0,0,1024,0.5,35,0.5352,0.0996,0.8594,0.627,0.7656,0.5109,0.7197,0.465,0.8115,0.5568,47,47.0,6.57,38.28,0.1717,0.1028,0.5652,0.9604,0.0,0.0,0.0,4,fraction_of_image,Left upper lobe pulmonary nodule,0.3,7.5,200
c0021_right_lower_moderate_small,c0021,lesion,right,lower,moderate,medial,small,426274626,1024,1024,0,0,1024,0.5,35,0.5352,0.0996,0.8594,0.627,0.6973,0.5109,0.6514,0.465,0.7432,0.5568,47,47.0,31.65,46.42,0.6818,0.8686,0.9991,0.9604,0.9149,0.0,0.9149,5,fraction_of_image,Left upper lobe pulmonary nodule,0.3,7.5,200
c0021_right_lower_on_structure_small,c0021,lesion,right,lower,on_structure,medial,small,363692831,1024,1024,0,0,1024,0.5,35,0.5352,0.0996,0.8594,0.627,0.6175,0.5109,0.5716,0.465,0.6634,0.5568,47,47.0,11.09,25.7,0.4314,0.4031,1.4851,0.9604,0.9399,0.0,0.9399,6,fraction_of_image,Left upper lobe pulmonary nodule,0.3,7.5,200
c0021_right_lower_clear_medium,c0021,lesion,right,lower,clear,lateral,medium,497013565,1024,1024,0,0,1024,0.5,35,0.5352,0.0996,0.8594,0.627,0.7677,0.5109,0.7091,0.4523,0.8263,0.5695,60,60.0,18.21,53.13,0.3427,0.4454,0.5799,0.9124,0.0807,0.0,0.0807,5,fraction_of_image,Left upper lobe pulmonary nodule,0.3,7.5,200
c0021_right_lower_moderate_medium,c0021,lesion,right,lower,moderate,medial,medium,1509125734,1024,1024,0,0,1024,0.5,35,0.5352,0.0996,0.8594,0.627,0.6973,0.5109,0.6387,0.4523,0.7559,0.5695,60,60.0,35.85,49.7,0.7213,0.9375,0.9938,0.9124,0.9666,0.0,0.9666,4,fraction_of_image,Left upper lobe pulmonary nodule,0.3,7.5,200
c0021_right_lower_on_structure_medium,c0021,lesion,right,lower,on_structure,medial,medium,187772723,1024,1024,0,0,1024,0.5,35,0.5352,0.0996,0.8594,0.627,0.6168,0.5109,0.5582,0.4523,0.6754,0.5695,60,60.0,17.3,46.72,0.3702,0.4315,1.4526,0.9124,0.9377,0.0,0.9377,3,fraction_of_image,Left upper lobe pulmonary nodule,0.3,7.5,200
c0021_right_lower_clear_large,c0021,lesion,right,lower,clear,lateral,large,596906085,1024,1024,0,0,1024,0.5,35,0.5352,0.0996,0.8594,0.627,0.7662,0.5109,0.694,0.4387,0.8385,0.5832,74,74.0,32.76,57.81,0.5668,0.7992,0.589,0.8591,0.9279,0.0,0.9279,11,fraction_of_image,Left upper lobe pulmonary nodule,0.3,7.5,200
c0021_right_lower_clear_large__null,c0021,null_edit,right,lower,clear,lateral,large,596906085,1024,1024,0,0,1024,0.5,35,0.5352,0.0996,0.8594,0.627,0.7662,0.5109,0.694,0.4387,0.8385,0.5832,74,74.0,8.12,57.81,0.1405,0.1464,0.589,0.8591,0.0,0.0,0.0,7,fraction_of_image,"Normal left lung parenchyma, no focal abnormality",0.3,7.5,200
c0021_right_lower_moderate_large,c0021,lesion,right,lower,moderate,medial,large,913496179,1024,1024,0,0,1024,0.5,35,0.5352,0.0996,0.8594,0.627,0.6973,0.5109,0.625,0.4387,0.7695,0.5832,74,74.0,42.07,49.76,0.8453,1.1274,0.979,0.8591,0.8657,0.0,0.8657,5,fraction_of_image,Left upper lobe pulmonary nodule,0.3,7.5,200
c0021_right_lower_on_structure_large,c0021,lesion,right,lower,on_structure,medial,large,1226660296,1024,1024,0,0,1024,0.5,35,0.5352,0.0996,0.8594,0.627,0.6197,0.5109,0.5474,0.4387,0.6919,0.5832,74,74.0,19.25,60.68,0.3173,0.325,1.4234,0.8591,0.9667,0.0,0.9667,4,fraction_of_image,Left upper lobe pulmonary nodule,0.3,7.5,200
